datetime,app_id,dev_id,time,FixAge,Lat,Lon,SatInFix,TimeActive,altitude,batteryVoltage,boardTemperature,course,imei,lastResetCause,speed,timestamp,waterEC,waterTemperature,pH,name
2020-03-10 00:00:16.138,mijnomgeving,357518080494826,1583798416138,1.0,52.226117,5.1746425,7.0,86418.0,23.0,4.18,6.0,0.0,357518080494826.0,32.0,0.0,1583798415.0,135.0,9.1,,EC 323
2020-03-10 00:00:40.615,mijnomgeving,357518080495047,1583798440615,24.0,52.2261477,5.1747208,10.0,11741.0,19.0,4.17,6.0,0.0,357518080495047.0,32.0,0.0,1583798437.0,136.0,9.45,,EC 322
2020-03-10 00:00:57.615,mijnomgeving,357518080495534,1583798457615,1.0,52.5326576,5.5930349,10.0,4518.0,0.0,4.21,6.0,0.0,357518080495534.0,32.0,0.0,1583798454.0,2171.0,10.07,,EC 307
2020-03-10 00:01:14.642,mijnomgeving,357518080495070,1583798474642,255.0,2.55e-05,2.55e-05,0.0,15438.0,0.0,4.04,23.0,0.0,357518080495070.0,32.0,0.0,1583798471.0,0.0,20.82,,EC 320
2020-03-10 00:01:14.715,mijnomgeving,357518080165475,1583798474715,11.0,52.3720505,4.9250927,4.0,13153557.0,-14.0,4.12,4.0,228.0,357518080165475.0,1.0,0.0,1583798489.0,1380.0,9.36,,EC 201
2020-03-10 00:01:18.590,mijnomgeving,357518080494982,1583798478590,1.0,52.2261687,5.1746313,6.0,34218.0,4.0,4.17,6.0,200.0,357518080494982.0,32.0,0.0,1583798476.0,140.0,9.19,,EC 326
2020-03-10 00:01:42.708,mijnomgeving,357518080495088,1583798502708,255.0,2.55e-05,2.55e-05,0.0,4995.0,0.0,3.93,24.0,0.0,357518080495088.0,32.0,0.0,1583798498.0,1.0,21.18,2.988,EC 321
2020-03-10 00:02:16.735,mijnomgeving,357518080497696,1583798536735,1.0,52.5172723,5.5094111,8.0,7217.0,-6.0,4.17,5.0,23.0,357518080497696.0,32.0,0.0,1583798533.0,1054.0,10.51,,EC 319
2020-03-10 00:02:56.751,mijnomgeving,357518080495161,1583798576751,6.0,52.4992184,5.4513954,4.0,6408926.0,0.0,4.189999999999999,5.0,30.0,357518080495161.0,32.0,3.0,1583798583.0,929.0,9.8,,EC 315
2020-03-10 00:02:59.712,mijnomgeving,357518080495021,1583798579712,24.0,53.1571163,7.0208533,4.0,1841.0,-18.0,3.95,15.0,8.0,357518080495021.0,32.0,7.0,1583798576.0,0.0,15.71,,EC 325
2020-03-10 00:03:29.229,mijnomgeving,357518080166887,1583798609229,32.0,52.3702236,4.9009762,8.0,11888181.0,7.0,3.6,5.0,0.0,357518080166887.0,4.0,0.0,1583798606.0,50.0,9.54,,EC 200
2020-03-10 00:03:34.133,mijnomgeving,357518080164395,1583798614133,3.0,51.8983002,4.4234463,6.0,95412.0,3.0,4.03,5.0,55.0,357518080164395.0,32.0,1.0,1583798613.0,1147.0,9.98,,EC 241
2020-03-10 00:04:41.875,mijnomgeving,357518080495088,1583798681875,255.0,2.55e-05,2.55e-05,0.0,5175.0,0.0,3.93,24.0,0.0,357518080495088.0,32.0,0.0,1583798678.0,1.0,21.18,2.988,EC 321
2020-03-10 00:05:09.893,mijnomgeving,357518080494818,1583798709893,1.0,52.8092015,5.7451481,6.0,11718.0,3.0,4.22,6.0,40.0,357518080494818.0,32.0,0.0,1583798707.0,1571.0,10.33,,EC 309
2020-03-10 00:06:09.081,mijnomgeving,357518080169006,1583798769081,28.0,,,,52237.0,,3.64,6.0,,357518080169006.0,32.0,,1583798768.0,953.0,10.51,,EC 213
2020-03-10 00:06:30.007,mijnomgeving,357518080494859,1583798790007,1.0,52.540983,5.5887988,6.0,6318.0,-4.0,4.16,4.0,222.0,357518080494859.0,32.0,0.0,1583798785.0,1862.0,9.8,,EC 302
2020-03-10 00:06:43.900,mijnomgeving,357518080328131,1583798803900,15.0,52.3866872,4.9183473,4.0,24326.0,74.0,3.8200000000000003,5.0,238.0,357518080328131.0,32.0,0.0,1583798803.0,50.0,9.98,,EC 230
2020-03-10 00:07:19.859,mijnomgeving,357518080332257,1583798839859,1.0,51.8982568,4.423356,5.0,14411.0,6.0,4.08,4.0,253.0,357518080332257.0,32.0,0.0,1583798831.0,643.0,9.72,,EC 240
2020-03-10 00:07:22.719,mijnomgeving,357518080166580,1583798842719,5.0,52.360528,4.8156319,5.0,124216.0,-14.0,4.04,4.0,0.0,357518080166580.0,32.0,1.0,1583798741.0,662.0,9.36,,EC 224
2020-03-10 00:07:42.498,mijnomgeving,357518080171390,1583798862498,2.0,52.0318427,5.3034335,6.0,21658539.0,11.0,4.18,5.0,202.0,357518080171390.0,64.0,0.0,1583798869.0,826.0,10.42,,EC 202
2020-03-10 00:07:47.077,mijnomgeving,357518080494834,1583798867077,0.0,52.4257641,5.4210839,6.0,186318.0,-17.0,4.11,4.0,207.0,357518080494834.0,32.0,0.0,1583798865.0,1319.0,10.42,,EC 314
2020-03-10 00:07:51.950,mijnomgeving,357518080495088,1583798871950,255.0,2.55e-05,2.55e-05,0.0,5364.0,0.0,3.93,24.0,0.0,357518080495088.0,32.0,0.0,1583798867.0,0.0,21.18,2.988,EC 321
2020-03-10 00:08:00.141,mijnomgeving,357518080170889,1583798880141,3.0,52.0146555,4.2955497,5.0,76513.0,0.0,4.189999999999999,3.0,0.0,357518080170889.0,32.0,0.0,1583798879.0,1238.0,10.24,,EC 236
2020-03-10 00:08:05.243,mijnomgeving,357518080332265,1583798885243,2.0,52.3923097,4.9371312,8.0,911.0,-22.0,3.7,5.0,0.0,357518080332265.0,32.0,7.0,1583798881.0,1572.0,10.07,,EC 221
2020-03-10 00:08:05.286,mijnomgeving,357518080330764,1583798885286,6.0,51.821006,4.611168,5.0,7216.0,-3.0,3.93,6.0,28.0,357518080330764.0,32.0,0.0,1583798882.0,339.0,9.63,,EC 244
2020-03-10 00:08:57.035,mijnomgeving,357518080495187,1583798937035,28.0,52.6353279,5.8236224,9.0,206144.0,-6.0,4.24,7.0,241.0,357518080495187.0,32.0,0.0,1583798944.0,662.0,9.72,,EC 304
2020-03-10 00:09:16.578,mijnomgeving,357518080166663,1583798956578,25.0,51.8982754,4.4233035,8.0,72934.0,5.0,4.13,5.0,0.0,357518080166663.0,32.0,0.0,1583798948.0,877.0,9.72,,EC 243
2020-03-10 00:09:52.959,mijnomgeving,357518080495112,1583798992959,0.0,52.8374743,5.7139193,7.0,51317.0,-13.0,4.21,6.0,1.0,357518080495112.0,32.0,0.0,1583798989.0,1775.0,10.42,,EC 306
2020-03-10 00:10:40.227,mijnomgeving,357518080494875,1583799040227,54.0,52.6579665,5.6143341,4.0,9971.0,46.0,4.2,7.0,0.0,357518080494875.0,32.0,0.0,1583799036.0,1837.0,10.16,,EC 311
2020-03-10 00:10:42.187,mijnomgeving,357518080495088,1583799042187,255.0,2.55e-05,2.55e-05,0.0,5535.0,0.0,3.93,24.0,0.0,357518080495088.0,32.0,0.0,1583799038.0,0.0,21.18,2.988,EC 321
2020-03-10 00:10:50.519,mijnomgeving,357518080163173,1583799050519,7.0,52.7218301,6.8193705,4.0,29717.0,39.0,3.95,3.0,0.0,357518080163173.0,32.0,0.0,1583799048.0,609.0,9.45,,EC 231
2020-03-10 00:10:58.223,mijnomgeving,357518080494909,1583799058223,24.0,52.2261442,5.1747087,8.0,381641.0,21.0,4.17,4.0,26.0,357518080494909.0,32.0,0.0,1583799073.0,138.0,9.27,,EC 329
2020-03-10 00:11:19.273,mijnomgeving,357518080495146,1583799079273,7.0,52.3869757,5.3123229,4.0,48624.0,-17.0,4.18,5.0,27.0,357518080495146.0,32.0,0.0,1583799077.0,1690.0,10.07,,EC 317
2020-03-10 00:11:20.826,mijnomgeving,357518080167000,1583799080826,2.0,52.1740048,5.036064,6.0,84613.0,-18.0,4.13,4.0,57.0,357518080167000.0,32.0,0.0,1583799081.0,620.0,9.36,,EC 228
2020-03-10 00:11:39.370,mijnomgeving,357518080495203,1583799099370,0.0,52.2261106,5.1746188,5.0,129627.0,30.0,4.17,5.0,251.0,357518080495203.0,32.0,0.0,1583799100.0,135.0,9.54,,EC 324
2020-03-10 00:11:40.319,mijnomgeving,357518080494768,1583799100319,0.0,52.4166468,5.22664,5.0,94518.0,-30.0,4.22,6.0,214.0,357518080494768.0,32.0,0.0,1583799094.0,1289.0,9.98,,EC 305
2020-03-10 00:11:49.162,mijnomgeving,357518080203151,1583799109162,7.0,52.4211591,4.8603368,6.0,21622541.0,-69.0,4.18,5.0,41.0,357518080203151.0,16.0,0.0,1583799095.0,74.0,9.8,,EC Prototype 001
2020-03-10 00:11:54.275,mijnomgeving,357518080163249,1583799114275,2.0,,,,54912.0,,4.17,6.0,,357518080163249.0,32.0,,1583799109.0,529.0,9.98,,EC 212
2020-03-10 00:11:54.829,mijnomgeving,357518080168917,1583799114829,3.0,52.3406888,4.9255654,6.0,21650467.0,-8.0,4.0,4.0,19.0,357518080168917.0,16.0,1.0,1583799120.0,73.0,8.66,,EC 209
2020-03-10 00:12:09.362,mijnomgeving,357518080497423,1583799129362,14.0,52.5230147,5.5902364,9.0,286231.0,-9.0,4.18,5.0,0.0,357518080497423.0,32.0,0.0,1583799110.0,2202.0,10.42,,EC 318
2020-03-10 00:12:14.518,mijnomgeving,357518080330582,1583799134518,3.0,52.3729914,4.9460253,6.0,27913.0,51.0,4.1,6.0,8.0,357518080330582.0,32.0,0.0,1583799133.0,1620.0,9.89,,EC 219
2020-03-10 00:12:19.354,mijnomgeving,357518080497639,1583799139354,9.0,52.6591805,5.6609533,4.0,10826.0,2.0,4.21,7.0,59.0,357518080497639.0,32.0,0.0,1583799135.0,2194.0,10.24,,EC 308
2020-03-10 00:12:19.424,mijnomgeving,357518080494776,1583799139424,16.0,52.2262491,5.1746891999999995,6.0,190833.0,0.0,4.17,5.0,0.0,357518080494776.0,32.0,0.0,1583799143.0,140.0,9.27,,EC 330
2020-03-10 00:12:40.406,mijnomgeving,357518080497662,1583799160406,25.0,52.2261644,5.1746693,8.0,37851.0,15.0,4.21,6.0,255.0,357518080497662.0,32.0,0.0,1583799158.0,146.0,9.54,,EC 328
2020-03-10 00:13:14.574,mijnomgeving,357518080163405,1583799194574,4.0,52.3729272,4.9159701,10.0,3614.0,-4.0,4.14,3.0,47.0,357518080163405.0,32.0,0.0,1583799191.0,1698.0,9.63,,EC 226
2020-03-10 00:13:35.442,mijnomgeving,357518080495526,1583799215442,0.0,52.2261589,5.1745515,6.0,27919.0,0.0,4.15,4.0,214.0,357518080495526.0,32.0,0.0,1583799211.0,140.0,9.1,,EC 327
2020-03-10 00:13:39.436,mijnomgeving,357518080495104,1583799219436,1.0,52.3379039,5.5373493,4.0,67518.0,-14.0,4.12,7.0,0.0,357518080495104.0,32.0,2.0,1583799206.0,807.0,10.69,,EC 312
2020-03-10 00:13:51.427,mijnomgeving,357518080495088,1583799231427,255.0,2.55e-05,2.55e-05,0.0,5724.0,0.0,3.93,24.0,0.0,357518080495088.0,32.0,0.0,1583799227.0,0.0,21.18,2.988,EC 321
2020-03-10 00:14:05.455,mijnomgeving,357518080495682,1583799245455,0.0,52.5494809,5.5881004,5.0,27918.0,-12.0,4.189999999999999,5.0,20.0,357518080495682.0,32.0,0.0,1583799220.0,1824.0,10.24,,EC 316
2020-03-10 00:14:40.521,mijnomgeving,357518080166960,1583799280521,30.0,52.7137758,6.8788812,7.0,124240.0,25.0,3.95,6.0,0.0,357518080166960.0,32.0,0.0,1583799282.0,531.0,9.89,,EC 232
2020-03-10 00:14:42.534,mijnomgeving,357518080495120,1583799282534,0.0,52.3339758,5.3126903,6.0,30618.0,36.0,4.18,4.0,51.0,357518080495120.0,32.0,0.0,1583799278.0,1484.0,9.89,,EC 303
2020-03-10 00:14:45.554,mijnomgeving,357518080495153,1583799285554,1.0,52.5787824,5.7569526,5.0,18918.0,-5.0,4.189999999999999,5.0,225.0,357518080495153.0,32.0,0.0,1583799282.0,2517.0,10.07,,EC 313
2020-03-10 00:14:54.225,mijnomgeving,357518080165368,1583799294225,19.0,52.340087,4.9105619,6.0,20610979.0,-33.0,3.76,4.0,247.0,357518080165368.0,16.0,0.0,1583799216.0,1213.0,9.8,,EC 208
2020-03-10 00:15:18.627,mijnomgeving,357518080495047,1583799318627,0.0,52.2261525,5.1746773,11.0,12619.0,18.0,4.17,5.0,17.0,357518080495047.0,32.0,0.0,1583799314.0,138.0,9.36,,EC 322
2020-03-10 00:15:30.635,mijnomgeving,357518080494826,1583799330635,0.0,52.2260891,5.1746788,7.0,87334.0,11.0,4.18,6.0,11.0,357518080494826.0,32.0,0.0,1583799330.0,129.0,9.1,,EC 323
2020-03-10 00:15:57.673,mijnomgeving,357518080495534,1583799357673,1.0,52.532685,5.5930561,8.0,5418.0,3.0,4.21,6.0,6.0,357518080495534.0,32.0,0.0,1583799354.0,2170.0,10.16,,EC 307
2020-03-10 00:16:13.942,mijnomgeving,357518080165475,1583799373942,10.0,52.3719694,4.9257052,4.0,13154456.0,-10.0,4.12,4.0,221.0,357518080165475.0,1.0,0.0,1583799388.0,1310.0,9.36,,EC 201
2020-03-10 00:16:18.669,mijnomgeving,357518080494982,1583799378669,1.0,52.2261416,5.1747054,6.0,35118.0,22.0,4.17,6.0,33.0,357518080494982.0,32.0,0.0,1583799376.0,140.0,9.1,,EC 326
2020-03-10 00:16:24.684,mijnomgeving,357518080495070,1583799384684,255.0,2.55e-05,2.55e-05,0.0,16347.0,0.0,4.04,23.0,0.0,357518080495070.0,32.0,0.0,1583799380.0,1.0,20.82,,EC 320
2020-03-10 00:16:42.732,mijnomgeving,357518080495088,1583799402732,255.0,2.55e-05,2.55e-05,0.0,5895.0,0.0,3.93,24.0,0.0,357518080495088.0,32.0,0.0,1583799398.0,1.0,21.18,2.988,EC 321
2020-03-10 00:17:16.882,mijnomgeving,357518080497696,1583799436882,1.0,52.5173035,5.5092948,8.0,8117.0,-11.0,4.17,5.0,1.0,357518080497696.0,32.0,0.0,1583799433.0,1053.0,10.51,,EC 319
2020-03-10 00:18:09.862,mijnomgeving,357518080166887,1583799489862,10.0,52.3703699,4.9008633,8.0,11889059.0,18.0,3.6,5.0,8.0,357518080166887.0,4.0,0.0,1583799484.0,29.0,9.45,,EC 200
2020-03-10 00:18:13.805,mijnomgeving,357518080495161,1583799493805,18.0,52.4995178,5.4524723999999996,4.0,6409838.0,20.0,4.2,5.0,35.0,357518080495161.0,32.0,1.0,1583799495.0,932.0,9.72,,EC 315
2020-03-10 00:18:31.854,mijnomgeving,357518080495021,1583799511854,55.0,53.1564773,7.0211547,4.0,2773.0,-14.0,3.95,15.0,12.0,357518080495021.0,32.0,0.0,1583799507.0,0.0,15.71,,EC 325
2020-03-10 00:18:33.785,mijnomgeving,357518080164395,1583799513785,3.0,51.8981623,4.4234137,5.0,96312.0,11.0,4.03,4.0,36.0,357518080164395.0,32.0,0.0,1583799513.0,1128.0,10.07,,EC 241
2020-03-10 00:19:41.934,mijnomgeving,357518080495088,1583799581934,255.0,2.55e-05,2.55e-05,0.0,6075.0,0.0,3.93,24.0,0.0,357518080495088.0,32.0,0.0,1583799578.0,0.0,21.18,2.988,EC 321
2020-03-10 00:20:10.011,mijnomgeving,357518080494818,1583799610011,1.0,52.8090859,5.7449334,6.0,12618.0,15.0,4.22,5.0,46.0,357518080494818.0,32.0,0.0,1583799607.0,1569.0,10.33,,EC 309
2020-03-10 00:20:18.088,mijnomgeving,357518080166754,1583799618088,21.0,52.3538876,4.9248305,7.0,21027666.0,-6.0,4.18,5.0,249.0,357518080166754.0,16.0,0.0,1583798629.0,1112.0,9.98,,EC 204
2020-03-10 00:20:41.874,mijnomgeving,357518080166580,1583799641874,7.0,52.3606277,4.8158258,5.0,125118.0,-21.0,4.04,5.0,10.0,357518080166580.0,32.0,0.0,1583799643.0,663.0,9.36,,EC 224
2020-03-10 00:20:41.886,mijnomgeving,357518080169006,1583799641886,1.0,,,,53110.0,,3.64,6.0,,357518080169006.0,32.0,,1583799641.0,951.0,10.42,,EC 213
2020-03-10 00:21:13.796,mijnomgeving,357518080166754,1583799673796,21.0,52.3538876,4.9248305,7.0,21027666.0,-6.0,4.18,5.0,249.0,357518080166754.0,16.0,0.0,1583798629.0,1112.0,9.98,,EC 204
2020-03-10 00:21:14.767,mijnomgeving,357518080166754,1583799674767,2.0,52.3539691,4.9247548,4.0,21028547.0,-26.0,4.18,5.0,0.0,357518080166754.0,16.0,0.0,1583799509.0,1108.0,9.98,,EC 204
2020-03-10 00:21:30.096,mijnomgeving,357518080494859,1583799690096,1.0,52.5409835,5.5887966,6.0,7218.0,-3.0,4.16,4.0,229.0,357518080494859.0,32.0,0.0,1583799685.0,1868.0,9.89,,EC 302
2020-03-10 00:21:38.096,mijnomgeving,357518080328131,1583799698096,9.0,52.3864846,4.9190234,4.0,25220.0,79.0,3.81,5.0,239.0,357518080328131.0,32.0,0.0,1583799696.0,48.0,9.98,,EC 230
2020-03-10 00:22:42.362,mijnomgeving,357518080171390,1583799762362,2.0,52.031822,5.3036076,6.0,21659439.0,11.0,4.18,5.0,28.0,357518080171390.0,64.0,0.0,1583799769.0,826.0,10.42,,EC 202
2020-03-10 00:22:43.137,mijnomgeving,357518080495088,1583799763137,255.0,2.55e-05,2.55e-05,0.0,6255.0,0.0,3.93,24.0,0.0,357518080495088.0,32.0,0.0,1583799758.0,0.0,21.18,3.041,EC 321
2020-03-10 00:22:44.482,mijnomgeving,357518080332257,1583799764482,3.0,51.89868,4.4235334,5.0,15313.0,62.0,4.09,4.0,0.0,357518080332257.0,32.0,0.0,1583799733.0,618.0,9.72,,EC 240
2020-03-10 00:22:56.124,mijnomgeving,357518080494834,1583799776124,0.0,52.4258853,5.4209848,6.0,187218.0,0.0,4.1,4.0,205.0,357518080494834.0,32.0,0.0,1583799765.0,1323.0,10.42,,EC 314
2020-03-10 00:23:00.067,mijnomgeving,357518080170889,1583799780067,3.0,52.0146425,4.2954132,5.0,77413.0,8.0,4.189999999999999,3.0,0.0,357518080170889.0,32.0,0.0,1583799779.0,1210.0,10.07,,EC 236
2020-03-10 00:23:06.354,mijnomgeving,357518080332265,1583799786354,2.0,52.392158,4.9373369,8.0,1811.0,-4.0,3.7,4.0,244.0,357518080332265.0,32.0,0.0,1583799781.0,1572.0,10.07,,EC 221
2020-03-10 00:23:17.959,mijnomgeving,357518080330764,1583799797959,19.0,51.8210789,4.6110095,9.0,8129.0,16.0,3.93,6.0,218.0,357518080330764.0,32.0,0.0,1583799795.0,323.0,9.45,,EC 244
2020-03-10 00:23:31.220,mijnomgeving,357518080495187,1583799811220,1.0,52.6352957,5.8235193,9.0,207017.0,4.0,4.24,6.0,27.0,357518080495187.0,32.0,0.0,1583799817.0,662.0,9.72,,EC 304
2020-03-10 00:24:47.290,mijnomgeving,357518080494875,1583799887290,0.0,52.6578059,5.6148353,6.0,10818.0,-3.0,4.2,6.0,254.0,357518080494875.0,32.0,0.0,1583799883.0,1837.0,10.16,,EC 311
2020-03-10 00:24:51.224,mijnomgeving,357518080495112,1583799891224,1.0,52.8374967,5.7138822000000005,6.0,52217.0,-11.0,4.21,5.0,228.0,357518080495112.0,32.0,0.0,1583799889.0,1778.0,10.51,,EC 306
2020-03-10 00:25:35.365,mijnomgeving,357518080494909,1583799935365,1.0,52.2261499,5.1746645000000004,8.0,382518.0,18.0,4.16,3.0,251.0,357518080494909.0,32.0,0.0,1583799950.0,136.0,9.27,,EC 329
2020-03-10 00:25:49.013,mijnomgeving,357518080163173,1583799949013,6.0,52.7218242,6.8195722,4.0,30616.0,42.0,3.96,3.0,31.0,357518080163173.0,32.0,0.0,1583799947.0,609.0,9.45,,EC 231
2020-03-10 00:26:12.415,mijnomgeving,357518080495146,1583799972415,1.0,52.3869913,5.3121851,4.0,49517.0,-8.0,4.17,5.0,11.0,357518080495146.0,32.0,0.0,1583799970.0,1689.0,10.07,,EC 317
2020-03-10 00:26:22.067,mijnomgeving,357518080167000,1583799982067,3.0,52.173878,5.0360508,5.0,85514.0,-33.0,4.13,4.0,228.0,357518080167000.0,32.0,0.0,1583799982.0,618.0,9.36,,EC 228
2020-03-10 00:26:28.448,mijnomgeving,357518080497423,1583799988448,0.0,52.52297,5.5902847,9.0,287118.0,-7.0,4.17,4.0,0.0,357518080497423.0,32.0,0.0,1583799997.0,2204.0,10.42,,EC 318
2020-03-10 00:26:29.368,mijnomgeving,357518080495203,1583799989368,0.0,52.2261113,5.174784,5.0,130518.0,30.0,4.17,5.0,243.0,357518080495203.0,32.0,0.0,1583799991.0,135.0,9.54,,EC 324
2020-03-10 00:26:47.438,mijnomgeving,357518080495088,1583800007438,255.0,2.55e-05,2.55e-05,0.0,158.0,0.0,3.94,24.0,0.0,357518080495088.0,32.0,0.0,1583800003.0,0.0,21.26,2.988,EC 321
2020-03-10 00:26:48.192,mijnomgeving,357518080203151,1583800008192,6.0,52.4211894,4.8602608,6.0,21623440.0,-60.0,4.18,5.0,0.0,357518080203151.0,16.0,0.0,1583799994.0,74.0,9.8,,EC Prototype 001
2020-03-10 00:26:50.501,mijnomgeving,357518080163249,1583800010501,2.0,,,,55812.0,,4.17,6.0,,357518080163249.0,32.0,,1583800009.0,529.0,9.98,,EC 212
2020-03-10 00:26:51.408,mijnomgeving,357518080494768,1583800011408,0.0,52.4167125,5.2264282,5.0,95418.0,-26.0,4.21,6.0,223.0,357518080494768.0,32.0,0.0,1583799994.0,1281.0,9.98,,EC 305
2020-03-10 00:26:55.445,mijnomgeving,357518080168917,1583800015445,3.0,52.3406912,4.9254542,6.0,21651367.0,-14.0,3.99,4.0,222.0,357518080168917.0,16.0,0.0,1583800020.0,71.0,8.66,,EC 209
2020-03-10 00:27:03.456,mijnomgeving,357518080494776,1583800023456,1.0,52.2264352,5.1746146,5.0,191718.0,-19.0,4.17,4.0,7.0,357518080494776.0,32.0,0.0,1583800028.0,139.0,9.19,,EC 330
2020-03-10 00:27:07.442,mijnomgeving,357518080497662,1583800027442,1.0,52.2261575,5.1747001,9.0,38718.0,14.0,4.21,6.0,13.0,357518080497662.0,32.0,0.0,1583800025.0,145.0,9.45,,EC 328
2020-03-10 00:27:12.759,mijnomgeving,357518080330582,1583800032759,1.0,52.3729261,4.9459309,5.0,28811.0,12.0,4.09,6.0,0.0,357518080330582.0,32.0,0.0,1583800031.0,1624.0,9.89,,EC 219
2020-03-10 00:28:14.036,mijnomgeving,357518080163405,1583800094036,3.0,52.3730905,4.9160277,9.0,4513.0,9.0,4.14,3.0,9.0,357518080163405.0,32.0,0.0,1583800090.0,1712.0,9.63,,EC 226
2020-03-10 00:28:23.789,mijnomgeving,357518080165368,1583800103789,16.0,52.3399576,4.9108627,6.0,20611876.0,-12.0,3.76,5.0,0.0,357518080165368.0,16.0,0.0,1583800113.0,1212.0,9.8,,EC 208
2020-03-10 00:28:30.575,mijnomgeving,357518080497639,1583800110575,0.0,52.6592378,5.6607797,5.0,43.0,-3.0,4.18,7.0,50.0,357518080497639.0,32.0,0.0,1583800101.0,2193.0,10.24,,EC 308
2020-03-10 00:28:38.631,mijnomgeving,357518080495104,1583800118631,6.0,52.3375264,5.5373746,4.0,68424.0,8.0,4.12,7.0,254.0,357518080495104.0,32.0,0.0,1583800112.0,809.0,10.69,,EC 312
2020-03-10 00:28:44.643,mijnomgeving,357518080495526,1583800124643,1.0,52.2261129,5.1747665,6.0,28819.0,19.0,4.15,4.0,11.0,357518080495526.0,32.0,0.0,1583800112.0,139.0,9.01,,EC 327
2020-03-10 00:28:56.649,mijnomgeving,357518080495682,1583800136649,10.0,52.5496474,5.5883547,6.0,28828.0,3.0,4.189999999999999,5.0,20.0,357518080495682.0,32.0,0.0,1583800130.0,1850.0,10.33,,EC 316
2020-03-10 00:29:17.759,mijnomgeving,357518080495088,1583800157759,255.0,2.55e-05,2.55e-05,0.0,308.0,0.0,3.93,24.0,0.0,357518080495088.0,32.0,0.0,1583800153.0,0.0,21.18,2.988,EC 321
2020-03-10 00:29:17.824,mijnomgeving,357518080166960,1583800157824,8.0,52.7136736,6.8789632,6.0,125118.0,29.0,3.96,5.0,1.0,357518080166960.0,32.0,0.0,1583800160.0,531.0,9.89,,EC 232
2020-03-10 00:29:45.711,mijnomgeving,357518080495120,1583800185711,0.0,52.333838,5.3126512,6.0,31518.0,41.0,4.18,5.0,25.0,357518080495120.0,32.0,0.0,1583800178.0,1488.0,9.8,,EC 303
2020-03-10 00:29:45.725,mijnomgeving,357518080495153,1583800185725,1.0,52.578493,5.7567961,5.0,19818.0,43.0,4.189999999999999,5.0,7.0,357518080495153.0,32.0,3.0,1583800182.0,2523.0,10.07,,EC 313
2020-03-10 00:30:19.790,mijnomgeving,357518080494826,1583800219790,5.0,52.2262014,5.1741959,4.0,88222.0,-101.0,4.18,6.0,217.0,357518080494826.0,32.0,0.0,1583800219.0,133.0,9.01,,EC 323
2020-03-10 00:30:19.843,mijnomgeving,357518080495047,1583800219843,1.0,52.2261708,5.1746945,11.0,13519.0,16.0,4.17,5.0,24.0,357518080495047.0,32.0,0.0,1583800215.0,137.0,9.27,,EC 322
2020-03-10 00:31:00.701,mijnomgeving,357518080495534,1583800260701,1.0,52.5327183,5.5930359,8.0,6318.0,2.0,4.21,5.0,15.0,357518080495534.0,32.0,0.0,1583800254.0,2127.0,9.98,,EC 307
2020-03-10 00:31:14.711,mijnomgeving,357518080495070,1583800274711,255.0,2.55e-05,2.55e-05,0.0,17238.0,0.0,4.04,23.0,0.0,357518080495070.0,32.0,0.0,1583800271.0,1.0,20.82,,EC 320
2020-03-10 00:31:18.688,mijnomgeving,357518080494982,1583800278688,1.0,52.2261254,5.1748171,6.0,36018.0,26.0,4.18,6.0,0.0,357518080494982.0,32.0,0.0,1583800276.0,140.0,9.1,,EC 326
2020-03-10 00:31:33.633,mijnomgeving,357518080165475,1583800293633,24.0,52.3717996,4.928416,4.0,13155370.0,88.0,4.12,5.0,206.0,357518080165475.0,1.0,0.0,1583800302.0,1413.0,9.36,,EC 201
2020-03-10 00:32:17.100,mijnomgeving,357518080497696,1583800337100,1.0,52.5172775,5.5093897,8.0,9017.0,-8.0,4.16,4.0,0.0,357518080497696.0,32.0,0.0,1583800333.0,1052.0,10.51,,EC 319
2020-03-10 00:32:23.833,mijnomgeving,357518080495088,1583800343833,255.0,2.55e-05,2.55e-05,0.0,495.0,0.0,3.93,24.0,0.0,357518080495088.0,32.0,0.0,1583800340.0,0.0,21.18,2.988,EC 321
2020-03-10 00:33:07.946,mijnomgeving,357518080495161,1583800387946,14.0,52.5000961,5.4537665,4.0,6410735.0,26.0,4.189999999999999,5.0,37.0,357518080495161.0,32.0,6.0,1583800392.0,932.0,9.72,,EC 315
2020-03-10 00:33:10.987,mijnomgeving,357518080166887,1583800390987,11.0,52.3702899,4.9010125,8.0,11889960.0,27.0,3.6,5.0,0.0,357518080166887.0,4.0,0.0,1583800385.0,25.0,9.36,,EC 200
2020-03-10 00:33:21.134,mijnomgeving,357518080166754,1583800401134,1.0,52.3538674,4.9247588,5.0,21029446.0,-9.0,4.18,5.0,0.0,357518080166754.0,16.0,0.0,1583800409.0,1104.0,9.98,,EC 204
2020-03-10 00:33:40.955,mijnomgeving,357518080495021,1583800420955,65.0,53.1569791,7.0213418,4.0,3682.0,-110.0,3.95,15.0,7.0,357518080495021.0,32.0,3.0,1583800417.0,0.0,15.62,,EC 325
2020-03-10 00:34:05.663,mijnomgeving,357518080164395,1583800445663,32.0,51.8982026,4.4233344,5.0,97241.0,-15.0,4.03,5.0,53.0,357518080164395.0,32.0,0.0,1583800442.0,1110.0,9.98,,EC 241
2020-03-10 00:35:11.023,mijnomgeving,357518080494818,1583800511023,1.0,52.8092621,5.7454421,5.0,13518.0,39.0,4.22,5.0,32.0,357518080494818.0,32.0,0.0,1583800507.0,1564.0,10.33,,EC 309
2020-03-10 00:35:33.138,mijnomgeving,357518080495088,1583800533138,255.0,2.55e-05,2.55e-05,0.0,684.0,0.0,3.93,24.0,0.0,357518080495088.0,32.0,0.0,1583800529.0,2.0,21.18,2.988,EC 321
2020-03-10 00:35:43.009,mijnomgeving,357518080169006,1583800543009,2.0,,,,54011.0,,3.64,5.0,,357518080169006.0,32.0,,1583800542.0,945.0,10.42,,EC 213
2020-03-10 00:35:48.425,mijnomgeving,357518080166580,1583800548425,14.0,52.360386,4.8154725,5.0,126025.0,7.0,4.05,5.0,25.0,357518080166580.0,32.0,0.0,1583800550.0,661.0,9.36,,EC 224
2020-03-10 00:36:29.206,mijnomgeving,357518080494859,1583800589206,1.0,52.5409976,5.5887807,6.0,8118.0,-4.0,4.16,4.0,211.0,357518080494859.0,32.0,0.0,1583800585.0,1876.0,9.98,,EC 302
2020-03-10 00:37:01.809,mijnomgeving,357518080328131,1583800621809,33.0,52.3864567,4.917793,5.0,26143.0,-58.0,3.81,5.0,229.0,357518080328131.0,32.0,0.0,1583800620.0,48.0,9.89,,EC 230
2020-03-10 00:37:16.383,mijnomgeving,357518080332257,1583800636383,3.0,51.898495,4.4231406,5.0,16213.0,28.0,4.08,4.0,255.0,357518080332257.0,32.0,0.0,1583800633.0,621.0,9.72,,EC 240
2020-03-10 00:37:42.508,mijnomgeving,357518080171390,1583800662508,2.0,52.0317682,5.3032248,4.0,21660339.0,-27.0,4.18,4.0,0.0,357518080171390.0,64.0,0.0,1583800669.0,826.0,10.42,,EC 202
2020-03-10 00:37:51.293,mijnomgeving,357518080494834,1583800671293,9.0,52.425786,5.4209379,5.0,188127.0,5.0,4.11,5.0,197.0,357518080494834.0,32.0,0.0,1583800674.0,1322.0,10.42,,EC 314
2020-03-10 00:38:08.138,mijnomgeving,357518080330764,1583800688138,9.0,51.8211599,4.6109579,7.0,9019.0,-2.0,3.93,6.0,0.0,357518080330764.0,32.0,0.0,1583800685.0,322.0,9.45,,EC 244
2020-03-10 00:38:11.219,mijnomgeving,357518080332265,1583800691219,3.0,52.3922601,4.9372441,9.0,2712.0,20.0,3.7,5.0,10.0,357518080332265.0,32.0,0.0,1583800682.0,1572.0,10.07,,EC 221
2020-03-10 00:38:17.621,mijnomgeving,357518080170889,1583800697621,22.0,52.0146494,4.2955003,6.0,78331.0,10.0,4.189999999999999,3.0,0.0,357518080170889.0,32.0,0.0,1583800697.0,1173.0,10.16,,EC 236
2020-03-10 00:38:24.362,mijnomgeving,357518080495088,1583800704362,255.0,2.55e-05,2.55e-05,0.0,855.0,0.0,3.93,24.0,0.0,357518080495088.0,32.0,0.0,1583800700.0,2.0,21.18,2.988,EC 321
2020-03-10 00:38:29.333,mijnomgeving,357518080495187,1583800709333,1.0,52.6353434,5.8236851,8.0,207918.0,-1.0,4.24,6.0,17.0,357518080495187.0,32.0,0.0,1583800717.0,659.0,9.72,,EC 304
2020-03-10 00:39:11.380,mijnomgeving,357518080166663,1583800751380,2.0,51.8983366,4.4231941,7.0,74711.0,22.0,4.13,4.0,43.0,357518080166663.0,32.0,2.0,1583800725.0,860.0,9.72,,EC 243
2020-03-10 00:39:46.856,mijnomgeving,357518080494875,1583800786856,1.0,52.6579719,5.6147309,5.0,11718.0,16.0,4.2,6.0,0.0,357518080494875.0,32.0,0.0,1583800783.0,1829.0,10.16,,EC 311
2020-03-10 00:39:51.058,mijnomgeving,357518080495112,1583800791058,1.0,52.8374906,5.7139143,6.0,53117.0,-8.0,4.21,5.0,8.0,357518080495112.0,32.0,0.0,1583800789.0,1778.0,10.51,,EC 306
2020-03-10 00:40:35.270,mijnomgeving,357518080494909,1583800835270,1.0,52.2261303,5.174698,7.0,383418.0,20.0,4.17,3.0,12.0,357518080494909.0,32.0,0.0,1583800850.0,136.0,9.19,,EC 329
2020-03-10 00:40:46.612,mijnomgeving,357518080163173,1583800846612,4.0,52.7217667,6.818985,4.0,31514.0,14.0,3.95,4.0,239.0,357518080163173.0,32.0,0.0,1583800845.0,606.0,9.45,,EC 231
2020-03-10 00:41:12.424,mijnomgeving,357518080495146,1583800872424,0.0,52.3869024,5.3121633,4.0,50417.0,-6.0,4.17,5.0,254.0,357518080495146.0,32.0,0.0,1583800870.0,1693.0,10.07,,EC 317
2020-03-10 00:41:21.779,mijnomgeving,357518080167000,1583800881779,3.0,52.1740846,5.035717,6.0,86414.0,17.0,4.13,4.0,0.0,357518080167000.0,32.0,0.0,1583800882.0,618.0,9.36,,EC 228
2020-03-10 00:41:23.381,mijnomgeving,357518080495088,1583800883381,255.0,2.55e-05,2.55e-05,0.0,1035.0,0.0,3.93,24.0,0.0,357518080495088.0,32.0,0.0,1583800880.0,1.0,21.18,2.988,EC 321
2020-03-10 00:41:32.395,mijnomgeving,357518080497423,1583800892395,0.0,52.5229693,5.5902572,8.0,288018.0,-2.0,4.17,5.0,59.0,357518080497423.0,32.0,0.0,1583800897.0,2203.0,10.42,,EC 318
2020-03-10 00:41:38.640,mijnomgeving,357518080203151,1583800898640,6.0,52.4207169,4.8601665,6.0,21624340.0,54.0,4.18,5.0,2.0,357518080203151.0,16.0,0.0,1583800894.0,74.0,9.8,,EC Prototype 001
2020-03-10 00:41:45.408,mijnomgeving,357518080495203,1583800905408,8.0,52.2271355,5.1742007,4.0,131434.0,112.0,4.17,5.0,248.0,357518080495203.0,32.0,0.0,1583800907.0,132.0,9.45,,EC 324
2020-03-10 00:41:50.196,mijnomgeving,357518080163249,1583800910196,2.0,,,,56712.0,,4.17,6.0,,357518080163249.0,32.0,,1583800909.0,610.0,9.98,,EC 212
2020-03-10 00:41:57.054,mijnomgeving,357518080168917,1583800917054,5.0,52.3406477,4.9256072,5.0,21652269.0,12.0,4.0,4.0,0.0,357518080168917.0,16.0,0.0,1583800922.0,72.0,8.66,,EC 209
2020-03-10 00:42:03.479,mijnomgeving,357518080494776,1583800923479,1.0,52.2261561,5.1746552,4.0,192618.0,75.0,4.17,4.0,236.0,357518080494776.0,32.0,0.0,1583800928.0,138.0,9.1,,EC 330
2020-03-10 00:42:10.463,mijnomgeving,357518080494768,1583800930463,17.0,52.4166572,5.2267962,6.0,96334.0,-4.0,4.21,6.0,0.0,357518080494768.0,32.0,0.0,1583800910.0,1267.0,9.98,,EC 305
2020-03-10 00:42:15.573,mijnomgeving,357518080330582,1583800935573,3.0,52.3730356,4.9460189,5.0,29713.0,-16.0,4.1,6.0,0.0,357518080330582.0,32.0,0.0,1583800933.0,1635.0,9.89,,EC 219
2020-03-10 00:42:16.492,mijnomgeving,357518080497662,1583800936492,1.0,52.2261264,5.17472,8.0,39627.0,24.0,4.21,6.0,239.0,357518080497662.0,32.0,0.0,1583800934.0,144.0,9.36,,EC 328
2020-03-10 00:42:59.530,mijnomgeving,357518080497639,1583800979530,0.0,52.6592477,5.6609756,5.0,917.0,9.0,4.21,6.0,0.0,357518080497639.0,32.0,0.0,1583800975.0,2203.0,10.16,,EC 308
2020-03-10 00:43:14.267,mijnomgeving,357518080163405,1583800994267,3.0,52.3729796,4.9160678,6.0,5414.0,17.0,4.14,3.0,0.0,357518080163405.0,32.0,0.0,1583800990.0,1712.0,9.63,,EC 226
2020-03-10 00:43:30.182,mijnomgeving,357518080165368,1583801010182,23.0,52.3399058,4.9110043,4.0,20612783.0,-3.0,3.76,4.0,228.0,357518080165368.0,16.0,0.0,1583801020.0,1210.0,9.8,,EC 208
2020-03-10 00:43:43.622,mijnomgeving,357518080495104,1583801023622,15.0,52.3374347,5.5374428,7.0,69332.0,-2.0,4.12,7.0,214.0,357518080495104.0,32.0,0.0,1583801020.0,808.0,10.69,,EC 312
2020-03-10 00:43:43.702,mijnomgeving,357518080495526,1583801023702,1.0,52.2261187,5.1747757,6.0,29728.0,25.0,4.15,4.0,249.0,357518080495526.0,32.0,0.0,1583801021.0,137.0,9.01,,EC 327
2020-03-10 00:43:54.552,mijnomgeving,357518080495682,1583801034552,8.0,52.549669,5.5888708000000005,4.0,29726.0,-11.0,4.189999999999999,5.0,56.0,357518080495682.0,32.0,0.0,1583801028.0,1864.0,10.24,,EC 316
2020-03-10 00:44:26.618,mijnomgeving,357518080495088,1583801066618,255.0,2.55e-05,2.55e-05,0.0,1215.0,0.0,3.93,24.0,0.0,357518080495088.0,32.0,0.0,1583801060.0,3.0,21.18,2.988,EC 321
2020-03-10 00:44:26.753,mijnomgeving,357518080166960,1583801066753,16.0,52.7134727,6.8787047,6.0,126026.0,72.0,3.95,5.0,4.0,357518080166960.0,32.0,0.0,1583801068.0,531.0,9.89,,EC 232
2020-03-10 00:44:40.608,mijnomgeving,357518080495120,1583801080608,0.0,52.3338022,5.3128383,5.0,32418.0,-5.0,4.18,4.0,0.0,357518080495120.0,32.0,0.0,1583801078.0,1487.0,9.8,,EC 303
2020-03-10 00:45:09.648,mijnomgeving,357518080495153,1583801109648,24.0,52.5789716,5.7568184,4.0,20741.0,4.0,4.189999999999999,5.0,250.0,357518080495153.0,32.0,0.0,1583801105.0,2526.0,10.07,,EC 313
2020-03-10 00:45:18.638,mijnomgeving,357518080495047,1583801118638,1.0,52.2261405,5.17461,8.0,14419.0,16.0,4.17,6.0,8.0,357518080495047.0,32.0,0.0,1583801115.0,135.0,9.19,,EC 322
2020-03-10 00:45:24.609,mijnomgeving,357518080494826,1583801124609,1.0,52.226122,5.1748855,5.0,89127.0,54.0,4.18,6.0,225.0,357518080494826.0,32.0,1.0,1583801124.0,133.0,8.92,,EC 323
2020-03-10 00:45:56.682,mijnomgeving,357518080495534,1583801156682,0.0,52.5326335,5.5931087,7.0,7218.0,-4.0,4.21,6.0,4.0,357518080495534.0,32.0,0.0,1583801154.0,2129.0,9.98,,EC 307
2020-03-10 00:46:17.858,mijnomgeving,357518080495070,1583801177858,255.0,2.55e-05,2.55e-05,0.0,18138.0,0.0,4.04,23.0,0.0,357518080495070.0,32.0,0.0,1583801170.0,0.0,20.82,,EC 320
2020-03-10 00:46:17.894,mijnomgeving,357518080494982,1583801177894,0.0,52.2261112,5.1748763,5.0,36917.0,27.0,4.17,6.0,205.0,357518080494982.0,32.0,1.0,1583801175.0,139.0,9.1,,EC 326
2020-03-10 00:46:34.852,mijnomgeving,357518080165475,1583801194852,30.0,52.3720574,4.9251484,7.0,13156276.0,-8.0,4.12,5.0,212.0,357518080165475.0,1.0,0.0,1583801208.0,1442.0,9.36,,EC 201
2020-03-10 00:47:16.840,mijnomgeving,357518080497696,1583801236840,1.0,52.5172235,5.5094079,7.0,9917.0,-5.0,4.17,4.0,20.0,357518080497696.0,32.0,0.0,1583801233.0,1050.0,10.51,,EC 319
2020-03-10 00:47:23.820,mijnomgeving,357518080495088,1583801243820,255.0,2.55e-05,2.55e-05,0.0,1395.0,0.0,3.93,24.0,0.0,357518080495088.0,32.0,0.0,1583801240.0,0.0,21.18,2.988,EC 321
2020-03-10 00:48:07.343,mijnomgeving,357518080166887,1583801287343,8.0,52.3700236,4.9009546,7.0,11890857.0,-6.0,3.6,5.0,0.0,357518080166887.0,4.0,0.0,1583801282.0,24.0,9.36,,EC 200
2020-03-10 00:48:22.255,mijnomgeving,357518080166754,1583801302255,2.0,52.3537449,4.9248213,4.0,21030347.0,7.0,4.18,5.0,0.0,357518080166754.0,16.0,0.0,1583801310.0,1105.0,9.98,,EC 204
2020-03-10 00:48:31.915,mijnomgeving,357518080495161,1583801311915,38.0,52.4996835,5.4528383,7.0,6411659.0,-1.0,4.2,6.0,31.0,357518080495161.0,32.0,0.0,1583801316.0,933.0,9.72,,EC 315
2020-03-10 00:48:34.708,mijnomgeving,357518080164395,1583801314708,4.0,51.8984003,4.4232615,6.0,98113.0,3.0,4.03,4.0,250.0,357518080164395.0,32.0,1.0,1583801314.0,1091.0,9.98,,EC 241
2020-03-10 00:48:46.909,mijnomgeving,357518080495021,1583801326909,72.0,53.1563037,7.021244,4.0,4589.0,1.0,3.95,15.0,0.0,357518080495021.0,32.0,0.0,1583801324.0,0.0,15.62,,EC 325
2020-03-10 00:50:19.143,mijnomgeving,357518080494818,1583801419143,8.0,52.8091059,5.7445715,5.0,14425.0,-28.0,4.22,5.0,246.0,357518080494818.0,32.0,0.0,1583801414.0,1569.0,10.33,,EC 309
2020-03-10 00:50:26.080,mijnomgeving,357518080495088,1583801426080,255.0,2.55e-05,2.55e-05,0.0,1575.0,0.0,3.93,24.0,0.0,357518080495088.0,32.0,0.0,1583801420.0,1.0,21.18,2.988,EC 321
2020-03-10 00:50:40.271,mijnomgeving,357518080166580,1583801440271,6.0,52.3603813,4.8157862,4.0,126917.0,-4.0,4.05,5.0,0.0,357518080166580.0,32.0,0.0,1583801442.0,663.0,9.36,,EC 224
2020-03-10 00:50:42.383,mijnomgeving,357518080169006,1583801442383,2.0,,,,54911.0,,3.65,5.0,,357518080169006.0,32.0,,1583801442.0,949.0,10.33,,EC 213
2020-03-10 00:51:29.056,mijnomgeving,357518080494859,1583801489056,1.0,52.5409892,5.5887502,5.0,9018.0,-5.0,4.16,4.0,208.0,357518080494859.0,32.0,0.0,1583801485.0,1887.0,9.89,,EC 302
2020-03-10 00:51:40.673,mijnomgeving,357518080328131,1583801500673,12.0,52.3873865,4.9167768,5.0,27022.0,11.0,3.8200000000000003,5.0,0.0,357518080328131.0,32.0,0.0,1583801499.0,48.0,9.8,,EC 230
2020-03-10 00:52:15.325,mijnomgeving,357518080332257,1583801535325,2.0,51.8981875,4.4234626,5.0,17112.0,-2.0,4.08,4.0,0.0,357518080332257.0,32.0,0.0,1583801532.0,607.0,9.72,,EC 240
2020-03-10 00:52:41.395,mijnomgeving,357518080171390,1583801561395,1.0,52.0319759,5.303951,5.0,21661238.0,28.0,4.18,5.0,24.0,357518080171390.0,64.0,0.0,1583801568.0,825.0,10.33,,EC 202
2020-03-10 00:52:48.127,mijnomgeving,357518080494834,1583801568127,0.0,52.4257014,5.4210961,5.0,189018.0,28.0,4.11,4.0,241.0,357518080494834.0,32.0,0.0,1583801565.0,1310.0,10.33,,EC 314
2020-03-10 00:53:00.195,mijnomgeving,357518080170889,1583801580195,4.0,52.0148022,4.2953297,6.0,79213.0,0.0,4.189999999999999,3.0,233.0,357518080170889.0,32.0,0.0,1583801579.0,1079.0,10.16,,EC 236
2020-03-10 00:53:08.933,mijnomgeving,357518080332265,1583801588933,3.0,52.3922963,4.9373024999999995,7.0,3612.0,16.0,3.7,5.0,3.0,357518080332265.0,32.0,0.0,1583801582.0,1573.0,9.98,,EC 221
2020-03-10 00:53:31.189,mijnomgeving,357518080495187,1583801611189,1.0,52.6352754,5.8235605,7.0,208817.0,8.0,4.24,6.0,17.0,357518080495187.0,32.0,0.0,1583801617.0,658.0,9.72,,EC 304
2020-03-10 00:53:34.146,mijnomgeving,357518080495088,1583801614146,255.0,2.55e-05,2.55e-05,0.0,1764.0,0.0,3.93,24.0,0.0,357518080495088.0,32.0,0.0,1583801609.0,0.0,21.18,2.988,EC 321
2020-03-10 00:53:34.849,mijnomgeving,357518080330764,1583801614849,5.0,51.8211178,4.6109206,6.0,9915.0,2.0,3.93,6.0,213.0,357518080330764.0,32.0,0.0,1583801581.0,312.0,9.45,,EC 244
2020-03-10 00:54:07.655,mijnomgeving,357518080166663,1583801647655,2.0,51.8982572,4.4232359,5.0,75611.0,11.0,4.13,5.0,213.0,357518080166663.0,32.0,1.0,1583801625.0,802.0,9.72,,EC 243
2020-03-10 00:54:48.302,mijnomgeving,357518080494875,1583801688302,1.0,52.6578707,5.614414,4.0,12618.0,28.0,4.2,5.0,59.0,357518080494875.0,32.0,1.0,1583801683.0,1826.0,10.16,,EC 311
2020-03-10 00:54:54.646,mijnomgeving,357518080495112,1583801694646,1.0,52.8375124,5.713715,6.0,54017.0,-19.0,4.21,5.0,207.0,357518080495112.0,32.0,0.0,1583801689.0,1788.0,10.42,,EC 306
2020-03-10 00:55:35.372,mijnomgeving,357518080494909,1583801735372,1.0,52.2261487,5.1746787,7.0,384318.0,14.0,4.17,3.0,10.0,357518080494909.0,32.0,0.0,1583801750.0,137.0,9.1,,EC 329
2020-03-10 00:55:48.681,mijnomgeving,357518080163173,1583801748681,6.0,52.7218493,6.8188098,4.0,32416.0,-4.0,3.96,4.0,0.0,357518080163173.0,32.0,0.0,1583801747.0,607.0,9.45,,EC 231
2020-03-10 00:56:12.397,mijnomgeving,357518080495146,1583801772397,1.0,52.38695,5.3123391,4.0,51318.0,-22.0,4.17,5.0,213.0,357518080495146.0,32.0,0.0,1583801770.0,1694.0,10.07,,EC 317
2020-03-10 00:56:23.378,mijnomgeving,357518080495088,1583801783378,255.0,2.55e-05,2.55e-05,0.0,1935.0,0.0,3.93,24.0,0.0,357518080495088.0,32.0,0.0,1583801780.0,1.0,21.18,2.988,EC 321
2020-03-10 00:56:31.370,mijnomgeving,357518080497423,1583801791370,1.0,52.5229876,5.5902215,8.0,288918.0,-1.0,4.17,4.0,23.0,357518080497423.0,32.0,0.0,1583801797.0,2202.0,10.42,,EC 318
2020-03-10 00:56:39.319,mijnomgeving,357518080203151,1583801799319,6.0,52.4211133,4.8603629,6.0,21625240.0,-6.0,4.18,5.0,0.0,357518080203151.0,16.0,0.0,1583801794.0,72.0,9.8,,EC Prototype 001
2020-03-10 00:56:41.345,mijnomgeving,357518080495203,1583801801345,13.0,52.2261204,5.1746375,8.0,132330.0,27.0,4.17,5.0,5.0,357518080495203.0,32.0,0.0,1583801803.0,134.0,9.36,,EC 324
2020-03-10 00:56:50.531,mijnomgeving,357518080167000,1583801810531,6.0,52.1736654,5.0360148,5.0,87342.0,-37.0,4.13,4.0,0.0,357518080167000.0,32.0,0.0,1583801810.0,612.0,9.36,,EC 228
2020-03-10 00:56:52.436,mijnomgeving,357518080163249,1583801812436,4.0,,,,57614.0,,4.17,6.0,,357518080163249.0,32.0,,1583801811.0,640.0,9.89,,EC 212
2020-03-10 00:56:54.814,mijnomgeving,357518080168917,1583801814814,2.0,52.340712,4.9257393,4.0,21653166.0,-27.0,4.0,5.0,217.0,357518080168917.0,16.0,0.0,1583801819.0,72.0,8.66,,EC 209
2020-03-10 00:57:07.415,mijnomgeving,357518080494776,1583801827415,4.0,52.2264265,5.1745792999999995,4.0,193521.0,5.0,4.17,4.0,237.0,357518080494776.0,32.0,0.0,1583801831.0,138.0,9.1,,EC 330
2020-03-10 00:57:16.425,mijnomgeving,357518080497662,1583801836425,1.0,52.2262257,5.1746868,7.0,40527.0,-8.0,4.21,6.0,39.0,357518080497662.0,32.0,0.0,1583801834.0,144.0,9.27,,EC 328
2020-03-10 00:57:22.469,mijnomgeving,357518080494768,1583801842469,2.0,52.416875,5.2268058,5.0,97219.0,44.0,4.22,5.0,211.0,357518080494768.0,32.0,3.0,1583801795.0,1256.0,9.98,,EC 305
2020-03-10 00:57:29.738,mijnomgeving,357518080330582,1583801849738,18.0,52.3734428,4.9461749,4.0,30628.0,-37.0,4.09,6.0,24.0,357518080330582.0,32.0,0.0,1583801848.0,1631.0,9.89,,EC 219
2020-03-10 00:58:12.474,mijnomgeving,357518080497639,1583801892474,4.0,52.6593386,5.6609545,5.0,1821.0,11.0,4.2,6.0,5.0,357518080497639.0,32.0,0.0,1583801879.0,2202.0,10.16,,EC 308
2020-03-10 00:58:17.214,mijnomgeving,357518080163405,1583801897214,6.0,52.373114,4.9166089,7.0,6317.0,-5.0,4.14,3.0,24.0,357518080163405.0,32.0,0.0,1583801893.0,1792.0,9.63,,EC 226
2020-03-10 00:58:27.473,mijnomgeving,357518080495104,1583801907473,1.0,52.3372838,5.5374721000000005,6.0,70218.0,-33.0,4.12,7.0,2.0,357518080495104.0,32.0,0.0,1583801906.0,809.0,10.6,,EC 312
2020-03-10 00:58:32.139,mijnomgeving,357518080165368,1583801912139,25.0,52.3397612,4.9110168,4.0,20613685.0,28.0,3.76,4.0,0.0,357518080165368.0,16.0,0.0,1583801922.0,1214.0,9.8,,EC 208
2020-03-10 00:58:33.473,mijnomgeving,357518080495526,1583801913473,1.0,52.2260572,5.1747789,6.0,30618.0,25.0,4.15,4.0,248.0,357518080495526.0,32.0,0.0,1583801911.0,138.0,8.92,,EC 327
2020-03-10 00:59:06.602,mijnomgeving,357518080495682,1583801946602,5.0,52.5498812,5.590316,4.0,30623.0,-47.0,4.18,5.0,37.0,357518080495682.0,32.0,0.0,1583801925.0,1868.0,10.24,,EC 316
2020-03-10 00:59:32.833,mijnomgeving,357518080166960,1583801972833,23.0,52.7139923,6.8789546,6.0,126933.0,5.0,3.96,5.0,29.0,357518080166960.0,32.0,0.0,1583801975.0,533.0,9.89,,EC 232
2020-03-10 00:59:33.589,mijnomgeving,357518080495088,1583801973589,255.0,2.55e-05,2.55e-05,0.0,2124.0,0.0,3.92,24.0,0.0,357518080495088.0,32.0,0.0,1583801969.0,2.0,21.18,2.988,EC 321
2020-03-10 00:59:41.554,mijnomgeving,357518080495120,1583801981554,0.0,52.3339432,5.3130387,5.0,33318.0,-28.0,4.18,4.0,55.0,357518080495120.0,32.0,0.0,1583801978.0,1491.0,9.8,,EC 303
2020-03-10 00:59:44.525,mijnomgeving,357518080495153,1583801984525,1.0,52.5789672,5.7569639,5.0,21618.0,23.0,4.189999999999999,5.0,0.0,357518080495153.0,32.0,0.0,1583801982.0,2555.0,9.98,,EC 313
2020-03-10 01:00:14.634,mijnomgeving,357518080494826,1583802014634,0.0,52.226125,5.1749696,5.0,90018.0,53.0,4.18,6.0,202.0,357518080494826.0,32.0,0.0,1583802015.0,133.0,8.83,,EC 323
2020-03-10 01:00:18.594,mijnomgeving,357518080495047,1583802018594,1.0,52.2261045,5.1746186,8.0,15319.0,25.0,4.17,5.0,201.0,357518080495047.0,32.0,0.0,1583802015.0,134.0,9.1,,EC 322
2020-03-10 01:01:00.693,mijnomgeving,357518080495534,1583802060693,1.0,52.5326695,5.5930907,7.0,8118.0,-2.0,4.21,6.0,3.0,357518080495534.0,32.0,0.0,1583802054.0,2144.0,9.98,,EC 307
2020-03-10 01:01:10.263,mijnomgeving,357518080165475,1583802070263,1.0,52.3720681,4.9253286,7.0,13157147.0,-1.0,4.12,4.0,0.0,357518080165475.0,1.0,0.0,1583802079.0,1411.0,9.36,,EC 201
2020-03-10 01:01:17.723,mijnomgeving,357518080494982,1583802077723,0.0,52.2261317,5.1746838,5.0,37818.0,17.0,4.17,5.0,197.0,357518080494982.0,32.0,0.0,1583802076.0,139.0,9.01,,EC 326
2020-03-10 01:01:23.705,mijnomgeving,357518080495070,1583802083705,255.0,2.55e-05,2.55e-05,0.0,19047.0,0.0,4.04,23.0,0.0,357518080495070.0,32.0,0.0,1583802080.0,1.0,20.91,,EC 320
2020-03-10 01:02:16.859,mijnomgeving,357518080497696,1583802136859,1.0,52.5172616,5.5095259,7.0,10817.0,10.0,4.17,5.0,30.0,357518080497696.0,32.0,0.0,1583802133.0,1047.0,10.51,,EC 319
2020-03-10 01:02:23.829,mijnomgeving,357518080495088,1583802143829,255.0,2.55e-05,2.55e-05,0.0,2295.0,0.0,3.93,24.0,0.0,357518080495088.0,32.0,0.0,1583802140.0,1.0,21.18,2.988,EC 321
2020-03-10 01:02:52.911,mijnomgeving,357518080495161,1583802172911,2.0,52.4997066,5.4527092,7.0,6412523.0,-7.0,4.189999999999999,4.0,23.0,357518080495161.0,32.0,1.0,1583802180.0,931.0,9.72,,EC 315
2020-03-10 01:03:02.993,mijnomgeving,357518080166887,1583802182993,5.0,52.3700652,4.9008875,7.0,11891754.0,-18.0,3.6,4.0,203.0,357518080166887.0,4.0,0.0,1583802179.0,23.0,9.45,,EC 200
2020-03-10 01:03:34.775,mijnomgeving,357518080164395,1583802214775,4.0,51.8984414,4.4232321,6.0,99013.0,5.0,4.03,4.0,240.0,357518080164395.0,32.0,0.0,1583802214.0,1073.0,9.98,,EC 241
2020-03-10 01:04:33.991,mijnomgeving,357518080495021,1583802273991,119.0,53.1574651,7.0212255,5.0,5536.0,115.0,3.95,15.0,4.0,357518080495021.0,32.0,1.0,1583802271.0,0.0,15.53,,EC 325
2020-03-10 01:05:19.060,mijnomgeving,357518080494818,1583802319060,9.0,52.809072,5.7456205,5.0,15326.0,4.0,4.22,5.0,246.0,357518080494818.0,32.0,0.0,1583802315.0,1567.0,10.33,,EC 309
2020-03-10 01:05:24.040,mijnomgeving,357518080495088,1583802324040,255.0,2.55e-05,2.55e-05,0.0,2475.0,0.0,3.93,24.0,0.0,357518080495088.0,32.0,0.0,1583802320.0,2.0,21.18,2.988,EC 321
2020-03-10 01:05:41.903,mijnomgeving,357518080169006,1583802341903,1.0,,,,55811.0,,3.64,5.0,,357518080169006.0,32.0,,1583802342.0,952.0,10.24,,EC 213
2020-03-10 01:06:04.702,mijnomgeving,357518080166580,1583802364702,31.0,52.3600085,4.8159476,5.0,127842.0,147.0,4.04,5.0,245.0,357518080166580.0,32.0,3.0,1583802367.0,662.0,9.36,,EC 224
2020-03-10 01:06:30.162,mijnomgeving,357518080494859,1583802390162,1.0,52.5410043,5.588455,4.0,9918.0,-9.0,4.16,4.0,207.0,357518080494859.0,32.0,1.0,1583802385.0,1891.0,9.89,,EC 302
2020-03-10 01:06:38.539,mijnomgeving,357518080328131,1583802398539,10.0,52.3867683,4.9175529000000004,5.0,27920.0,0.0,3.81,5.0,253.0,357518080328131.0,32.0,0.0,1583802396.0,48.0,9.72,,EC 230
2020-03-10 01:07:20.261,mijnomgeving,357518080332257,1583802440261,2.0,51.8982704,4.4231058,4.0,18012.0,-5.0,4.08,4.0,227.0,357518080332257.0,32.0,0.0,1583802432.0,639.0,9.72,,EC 240
2020-03-10 01:07:42.508,mijnomgeving,357518080171390,1583802462508,2.0,52.0318428,5.3033778,5.0,21662139.0,18.0,4.18,4.0,30.0,357518080171390.0,64.0,0.0,1583802469.0,822.0,10.33,,EC 202
2020-03-10 01:07:45.277,mijnomgeving,357518080494834,1583802465277,0.0,52.4257838,5.4210077,4.0,189918.0,-15.0,4.11,4.0,0.0,357518080494834.0,32.0,0.0,1583802465.0,1299.0,10.24,,EC 314
2020-03-10 01:08:00.023,mijnomgeving,357518080170889,1583802480023,4.0,52.0146335,4.2955555,5.0,80113.0,5.0,4.189999999999999,3.0,200.0,357518080170889.0,32.0,1.0,1583802479.0,1033.0,10.16,,EC 236
2020-03-10 01:08:05.422,mijnomgeving,357518080332265,1583802485422,2.0,52.3921564,4.9373664999999995,4.0,4511.0,-17.0,3.7,5.0,0.0,357518080332265.0,32.0,0.0,1583802481.0,1566.0,9.98,,EC 221
2020-03-10 01:08:16.157,mijnomgeving,357518080330764,1583802496157,17.0,51.8210774,4.6112234,6.0,10827.0,24.0,3.93,6.0,218.0,357518080330764.0,32.0,1.0,1583802493.0,309.0,9.45,,EC 244
2020-03-10 01:08:29.331,mijnomgeving,357518080495187,1583802509331,1.0,52.6353194,5.8236327,8.0,209718.0,-6.0,4.24,6.0,36.0,357518080495187.0,32.0,0.0,1583802518.0,661.0,9.72,,EC 304
2020-03-10 01:08:31.285,mijnomgeving,357518080495088,1583802511285,255.0,2.55e-05,2.55e-05,0.0,2664.0,0.0,3.93,24.0,0.0,357518080495088.0,32.0,0.0,1583802509.0,1.0,21.18,2.988,EC 321
2020-03-10 01:08:47.742,mijnomgeving,357518080166663,1583802527742,3.0,51.8981232,4.4232506,5.0,76512.0,-11.0,4.13,5.0,0.0,357518080166663.0,32.0,0.0,1583802526.0,889.0,9.72,,EC 243
2020-03-10 01:09:57.393,mijnomgeving,357518080495112,1583802597393,1.0,52.8374557,5.7139319,6.0,54918.0,-6.0,4.21,5.0,205.0,357518080495112.0,32.0,0.0,1583802589.0,1781.0,10.42,,EC 306
2020-03-10 01:10:10.522,mijnomgeving,357518080494875,1583802610522,24.0,52.6575334,5.6143861,7.0,13542.0,1.0,4.2,6.0,29.0,357518080494875.0,32.0,1.0,1583802607.0,1827.0,10.16,,EC 311
2020-03-10 01:10:35.545,mijnomgeving,357518080494909,1583802635545,1.0,52.2261188,5.1746961,7.0,385218.0,20.0,4.16,3.0,11.0,357518080494909.0,32.0,0.0,1583802650.0,136.0,9.01,,EC 329
2020-03-10 01:10:51.708,mijnomgeving,357518080163173,1583802651708,9.0,52.7219305,6.8198602,4.0,33319.0,13.0,3.95,4.0,206.0,357518080163173.0,32.0,0.0,1583802650.0,608.0,9.45,,EC 231
2020-03-10 01:11:22.463,mijnomgeving,357518080167000,1583802682463,4.0,52.1737807,5.035968,5.0,88215.0,-19.0,4.13,4.0,5.0,357518080167000.0,32.0,3.0,1583802683.0,620.0,9.36,,EC 228
2020-03-10 01:11:22.647,mijnomgeving,357518080495088,1583802682647,255.0,2.55e-05,2.55e-05,0.0,2835.0,0.0,3.93,24.0,0.0,357518080495088.0,32.0,0.0,1583802680.0,1.0,21.18,2.988,EC 321
2020-03-10 01:11:22.748,mijnomgeving,357518080495146,1583802682748,10.0,52.3871169,5.3121776,4.0,52227.0,12.0,4.17,6.0,243.0,357518080495146.0,32.0,0.0,1583802680.0,1693.0,10.07,,EC 317
2020-03-10 01:11:26.558,mijnomgeving,357518080497423,1583802686558,0.0,52.5230107,5.5901459,7.0,289818.0,-10.0,4.17,4.0,242.0,357518080497423.0,32.0,0.0,1583802697.0,2204.0,10.42,,EC 318
2020-03-10 01:11:38.610,mijnomgeving,357518080495203,1583802698610,0.0,52.226099,5.1745458,8.0,133227.0,24.0,4.17,4.0,8.0,357518080495203.0,32.0,0.0,1583802700.0,133.0,9.27,,EC 324
2020-03-10 01:11:50.702,mijnomgeving,357518080203151,1583802710702,19.0,52.4208483,4.8601241,6.0,21626153.0,-12.0,4.18,5.0,0.0,357518080203151.0,16.0,0.0,1583802707.0,73.0,9.8,,EC Prototype 001
2020-03-10 01:11:51.558,mijnomgeving,357518080494768,1583802711558,0.0,52.4166202,5.2268868,6.0,98118.0,1.0,4.21,6.0,211.0,357518080494768.0,32.0,1.0,1583802694.0,1254.0,9.98,,EC 305
2020-03-10 01:11:58.774,mijnomgeving,357518080163249,1583802718774,6.0,,,,58516.0,,4.17,6.0,,357518080163249.0,32.0,,1583802713.0,651.0,9.89,,EC 212
2020-03-10 01:12:02.664,mijnomgeving,357518080168917,1583802722664,11.0,52.340298,4.9291616,4.0,21654075.0,54.0,4.0,4.0,216.0,357518080168917.0,16.0,0.0,1583802728.0,74.0,8.66,,EC 209
2020-03-10 01:12:05.669,mijnomgeving,357518080494776,1583802725669,2.0,52.2260961,5.1748991,4.0,194419.0,42.0,4.17,4.0,241.0,357518080494776.0,32.0,1.0,1583802729.0,139.0,9.01,,EC 330
2020-03-10 01:12:06.582,mijnomgeving,357518080497662,1583802726582,1.0,52.226111,5.1746055,7.0,41418.0,18.0,4.21,6.0,52.0,357518080497662.0,32.0,0.0,1583802725.0,145.0,9.19,,EC 328
2020-03-10 01:12:20.259,mijnomgeving,357518080330582,1583802740259,9.0,52.373168,4.9460694,4.0,31519.0,-11.0,4.09,6.0,0.0,357518080330582.0,32.0,0.0,1583802739.0,1629.0,9.89,,EC 219
2020-03-10 01:13:02.676,mijnomgeving,357518080497639,1583802782676,3.0,52.6591573,5.6613104,5.0,2722.0,13.0,4.2,6.0,8.0,357518080497639.0,32.0,0.0,1583802779.0,2203.0,10.16,,EC 308
2020-03-10 01:13:14.907,mijnomgeving,357518080163405,1583802794907,4.0,52.3729309,4.9158449,6.0,7215.0,-5.0,4.14,3.0,56.0,357518080163405.0,32.0,0.0,1583802792.0,1922.0,9.63,,EC 226
2020-03-10 01:13:25.681,mijnomgeving,357518080495104,1583802805681,0.0,52.3373403,5.5373277,6.0,71118.0,0.0,4.12,6.0,26.0,357518080495104.0,32.0,0.0,1583802806.0,809.0,10.6,,EC 312
2020-03-10 01:13:27.136,mijnomgeving,357518080165368,1583802807136,19.0,52.3398083,4.9111826,4.0,20614579.0,16.0,3.76,4.0,219.0,357518080165368.0,16.0,0.0,1583802816.0,1212.0,9.8,,EC 208
2020-03-10 01:13:33.669,mijnomgeving,357518080495526,1583802813669,1.0,52.2260811,5.1746201,6.0,31519.0,21.0,4.15,4.0,41.0,357518080495526.0,32.0,0.0,1583802812.0,136.0,8.83,,EC 327
2020-03-10 01:13:48.693,mijnomgeving,357518080495682,1583802828693,7.0,52.5494547,5.5882283,6.0,31525.0,-21.0,4.18,5.0,200.0,357518080495682.0,32.0,0.0,1583802827.0,1784.0,10.07,,EC 316
2020-03-10 01:14:19.292,mijnomgeving,357518080166960,1583802859292,9.0,52.7138609,6.8789528,5.0,127819.0,17.0,3.96,5.0,242.0,357518080166960.0,32.0,0.0,1583802861.0,533.0,9.89,,EC 232
2020-03-10 01:14:22.962,mijnomgeving,357518080495088,1583802862962,255.0,2.55e-05,2.55e-05,0.0,3015.0,0.0,3.93,24.0,0.0,357518080495088.0,32.0,0.0,1583802860.0,1.0,21.18,3.041,EC 321
2020-03-10 01:14:45.758,mijnomgeving,357518080495153,1583802885758,1.0,52.5789334,5.7566583,4.0,22518.0,0.0,4.189999999999999,4.0,206.0,357518080495153.0,32.0,0.0,1583802882.0,2558.0,9.98,,EC 313
2020-03-10 01:14:48.716,mijnomgeving,357518080495120,1583802888716,8.0,52.333827,5.3125217,5.0,34226.0,13.0,4.18,4.0,223.0,357518080495120.0,32.0,0.0,1583802886.0,1486.0,9.8,,EC 303
2020-03-10 01:15:13.788,mijnomgeving,357518080494826,1583802913788,1.0,52.2261066,5.1745742,5.0,90918.0,27.0,4.18,6.0,206.0,357518080494826.0,32.0,0.0,1583802915.0,132.0,8.83,,EC 323
2020-03-10 01:15:24.765,mijnomgeving,357518080495047,1583802924765,1.0,52.226135,5.1746789,9.0,16219.0,16.0,4.17,5.0,20.0,357518080495047.0,32.0,0.0,1583802915.0,136.0,9.1,,EC 322
2020-03-10 01:15:57.827,mijnomgeving,357518080495534,1583802957827,0.0,52.532661,5.5930754,6.0,9018.0,-10.0,4.21,5.0,13.0,357518080495534.0,32.0,0.0,1583802954.0,2172.0,10.07,,EC 307
2020-03-10 01:16:06.380,mijnomgeving,357518080165475,1583802966380,1.0,52.3721779,4.9252381,7.0,13158047.0,-12.0,4.12,4.0,0.0,357518080165475.0,1.0,1.0,1583802979.0,1444.0,9.36,,EC 201
2020-03-10 01:16:18.900,mijnomgeving,357518080494982,1583802978900,1.0,52.2261985,5.1744251,5.0,38719.0,18.0,4.18,6.0,203.0,357518080494982.0,32.0,1.0,1583802977.0,139.0,8.92,,EC 326
2020-03-10 01:16:23.776,mijnomgeving,357518080495070,1583802983776,255.0,2.55e-05,2.55e-05,0.0,19947.0,0.0,4.04,23.0,0.0,357518080495070.0,32.0,0.0,1583802980.0,1.0,20.91,,EC 320
2020-03-10 01:17:16.886,mijnomgeving,357518080497696,1583803036886,1.0,52.5172346,5.5091817,6.0,11717.0,-29.0,4.17,5.0,32.0,357518080497696.0,32.0,0.0,1583803033.0,1050.0,10.42,,EC 319
2020-03-10 01:17:33.311,mijnomgeving,357518080495088,1583803053311,255.0,2.55e-05,2.55e-05,0.0,3204.0,0.0,3.92,24.0,0.0,357518080495088.0,32.0,0.0,1583803049.0,0.0,21.18,2.988,EC 321
2020-03-10 01:17:57.928,mijnomgeving,357518080495161,1583803077928,4.0,52.4996074,5.4522992,6.0,6413425.0,-55.0,4.189999999999999,4.0,47.0,357518080495161.0,32.0,2.0,1583803082.0,930.0,9.72,,EC 315
2020-03-10 01:17:59.865,mijnomgeving,357518080495021,1583803079865,24.0,53.1566831,7.0209376,5.0,6341.0,10.0,3.95,14.0,0.0,357518080495021.0,32.0,3.0,1583803076.0,0.0,15.53,,EC 325
2020-03-10 01:18:34.477,mijnomgeving,357518080164395,1583803114477,4.0,51.8983706,4.4234017,6.0,99914.0,16.0,4.03,4.0,6.0,357518080164395.0,32.0,0.0,1583803114.0,1050.0,10.07,,EC 241
2020-03-10 01:20:01.804,mijnomgeving,357518080166754,1583803201804,1.0,52.3537894,4.924837,5.0,21031246.0,18.0,4.17,5.0,224.0,357518080166754.0,16.0,0.0,1583802209.0,1110.0,9.98,,EC 204
2020-03-10 01:20:02.686,mijnomgeving,357518080166754,1583803202686,3.0,52.3539165,4.9241927,4.0,21032147.0,-15.0,4.17,5.0,197.0,357518080166754.0,16.0,0.0,1583803110.0,1112.0,9.98,,EC 204
2020-03-10 01:20:12.024,mijnomgeving,357518080494818,1583803212024,2.0,52.8091827,5.7450509,5.0,16220.0,-17.0,4.22,5.0,205.0,357518080494818.0,32.0,0.0,1583803209.0,1561.0,10.33,,EC 309
2020-03-10 01:20:24.011,mijnomgeving,357518080495088,1583803224011,255.0,2.55e-05,2.55e-05,0.0,3375.0,0.0,3.93,24.0,0.0,357518080495088.0,32.0,0.0,1583803220.0,1.0,21.18,2.988,EC 321
2020-03-10 01:20:43.327,mijnomgeving,357518080169006,1583803243327,3.0,,,,56712.0,,3.64,5.0,,357518080169006.0,32.0,,1583803243.0,949.0,10.24,,EC 213
2020-03-10 01:20:45.378,mijnomgeving,357518080166580,1583803245378,11.0,52.3599,4.8157499,5.0,128722.0,96.0,4.04,5.0,8.0,357518080166580.0,32.0,0.0,1583803247.0,664.0,9.36,,EC 224
2020-03-10 01:21:30.130,mijnomgeving,357518080494859,1583803290130,0.0,52.5410296,5.5883263,4.0,10818.0,-10.0,4.16,4.0,207.0,357518080494859.0,32.0,2.0,1583803285.0,1907.0,9.89,,EC 302
2020-03-10 01:21:48.854,mijnomgeving,357518080328131,1583803308854,21.0,52.3869122,4.9175207,6.0,28831.0,3.0,3.81,5.0,0.0,357518080328131.0,32.0,0.0,1583803308.0,50.0,9.72,,EC 230
2020-03-10 01:22:40.600,mijnomgeving,357518080332257,1583803360600,28.0,51.8982569,4.4233342,9.0,18937.0,-4.0,4.08,4.0,221.0,357518080332257.0,32.0,0.0,1583803357.0,603.0,9.72,,EC 240
2020-03-10 01:22:43.342,mijnomgeving,357518080171390,1583803363342,4.0,52.0313382,5.3037332,5.0,21663040.0,88.0,4.18,4.0,32.0,357518080171390.0,64.0,0.0,1583803370.0,824.0,10.33,,EC 202
2020-03-10 01:22:43.359,mijnomgeving,357518080494834,1583803363359,0.0,52.4258125,5.4210127,4.0,190818.0,-6.0,4.1,4.0,0.0,357518080494834.0,32.0,0.0,1583803365.0,1278.0,10.24,,EC 314
2020-03-10 01:22:59.367,mijnomgeving,357518080170889,1583803379367,3.0,52.014533,4.2952402,5.0,81012.0,-11.0,4.189999999999999,3.0,221.0,357518080170889.0,32.0,1.0,1583803378.0,1032.0,10.16,,EC 236
2020-03-10 01:23:12.546,mijnomgeving,357518080332265,1583803392546,3.0,52.3920634,4.9372691,5.0,5412.0,14.0,3.7,5.0,17.0,357518080332265.0,32.0,0.0,1583803382.0,1567.0,9.98,,EC 221
2020-03-10 01:23:17.928,mijnomgeving,357518080330764,1583803397928,19.0,51.8208926,4.6118608,6.0,11729.0,62.0,3.93,5.0,222.0,357518080330764.0,32.0,0.0,1583803395.0,308.0,9.45,,EC 244
2020-03-10 01:23:22.385,mijnomgeving,357518080495088,1583803402385,255.0,2.55e-05,2.55e-05,0.0,3555.0,0.0,3.93,24.0,0.0,357518080495088.0,32.0,0.0,1583803400.0,1.0,21.18,2.988,EC 321
2020-03-10 01:23:29.356,mijnomgeving,357518080495187,1583803409356,1.0,52.6353476,5.8234311,7.0,210618.0,11.0,4.24,6.0,24.0,357518080495187.0,32.0,0.0,1583803418.0,662.0,9.63,,EC 304
2020-03-10 01:23:47.897,mijnomgeving,357518080166663,1583803427897,3.0,51.8982818,4.4232249,5.0,77412.0,25.0,4.13,4.0,200.0,357518080166663.0,32.0,0.0,1583803426.0,827.0,9.72,,EC 243
2020-03-10 01:24:46.427,mijnomgeving,357518080494875,1583803486427,0.0,52.6576429,5.6145141,7.0,14418.0,-4.0,4.2,6.0,208.0,357518080494875.0,32.0,0.0,1583803483.0,1834.0,10.16,,EC 311
2020-03-10 01:24:50.433,mijnomgeving,357518080495112,1583803490433,1.0,52.8375124,5.7137612,5.0,55818.0,-13.0,4.21,5.0,55.0,357518080495112.0,32.0,0.0,1583803490.0,1776.0,10.42,,EC 306
2020-03-10 01:25:34.600,mijnomgeving,357518080494909,1583803534600,1.0,52.2260199,5.1747139,7.0,386118.0,40.0,4.17,3.0,216.0,357518080494909.0,32.0,0.0,1583803550.0,134.0,9.01,,EC 329
2020-03-10 01:26:09.795,mijnomgeving,357518080163173,1583803569795,28.0,52.7218267,6.819178,10.0,34237.0,9.0,3.95,4.0,205.0,357518080163173.0,32.0,0.0,1583803568.0,607.0,9.45,,EC 231
2020-03-10 01:26:14.606,mijnomgeving,357518080495146,1583803574606,3.0,52.3870143,5.3121892,4.0,53121.0,8.0,4.17,5.0,6.0,357518080495146.0,32.0,0.0,1583803573.0,1694.0,10.07,,EC 317
2020-03-10 01:26:24.476,mijnomgeving,357518080167000,1583803584476,6.0,52.1739677,5.0359524,4.0,89117.0,-32.0,4.13,4.0,6.0,357518080167000.0,32.0,1.0,1583803585.0,616.0,9.36,,EC 228
2020-03-10 01:26:28.652,mijnomgeving,357518080495203,1583803588652,0.0,52.2261802,5.1746267,7.0,134118.0,22.0,4.17,4.0,203.0,357518080495203.0,32.0,0.0,1583803591.0,135.0,9.27,,EC 324
2020-03-10 01:26:32.647,mijnomgeving,357518080495088,1583803592647,255.0,2.55e-05,2.55e-05,0.0,3744.0,0.0,3.92,24.0,0.0,357518080495088.0,32.0,0.0,1583803589.0,1.0,21.18,2.988,EC 321
2020-03-10 01:26:36.086,mijnomgeving,357518080203151,1583803596086,5.0,52.4205152,4.8596207,5.0,21627039.0,-46.0,4.18,5.0,0.0,357518080203151.0,16.0,0.0,1583803593.0,73.0,9.8,,EC Prototype 001
2020-03-10 01:26:42.711,mijnomgeving,357518080497423,1583803602711,0.0,52.5230287,5.5900601,6.0,290718.0,-8.0,4.18,4.0,238.0,357518080497423.0,32.0,0.0,1583803597.0,2203.0,10.42,,EC 318
2020-03-10 01:26:55.790,mijnomgeving,357518080163249,1583803615790,3.0,,,,59413.0,,4.17,6.0,,357518080163249.0,32.0,,1583803610.0,628.0,9.8,,EC 212
2020-03-10 01:27:06.748,mijnomgeving,357518080497662,1583803626748,1.0,52.2261035,5.1746595,8.0,42318.0,24.0,4.21,5.0,225.0,357518080497662.0,32.0,0.0,1583803625.0,144.0,9.1,,EC 328
2020-03-10 01:27:10.661,mijnomgeving,357518080168917,1583803630661,19.0,52.3407016,4.9256261,7.0,21654983.0,7.0,4.0,4.0,207.0,357518080168917.0,16.0,0.0,1583803636.0,73.0,8.66,,EC 209
2020-03-10 01:27:18.761,mijnomgeving,357518080494776,1583803638761,17.0,52.2260521,5.1749633,7.0,195334.0,-7.0,4.17,4.0,233.0,357518080494776.0,32.0,3.0,1583803644.0,138.0,8.92,,EC 330
2020-03-10 01:27:25.590,mijnomgeving,357518080330582,1583803645590,15.0,52.37311,4.9459989,4.0,32424.0,6.0,4.09,7.0,0.0,357518080330582.0,32.0,0.0,1583803644.0,1630.0,9.89,,EC 219
2020-03-10 01:27:32.744,mijnomgeving,357518080494768,1583803652744,18.0,52.4167075,5.2265585,4.0,99034.0,-8.0,4.21,6.0,209.0,357518080494768.0,32.0,0.0,1583803610.0,1257.0,9.98,,EC 305
2020-03-10 01:27:58.813,mijnomgeving,357518080497639,1583803678813,1.0,52.6592419,5.661004,5.0,3618.0,9.0,4.21,6.0,248.0,357518080497639.0,32.0,2.0,1583803676.0,2201.0,10.16,,EC 308
2020-03-10 01:28:14.155,mijnomgeving,357518080163405,1583803694155,3.0,52.3730374,4.9163073,5.0,8114.0,1.0,4.14,3.0,219.0,357518080163405.0,32.0,0.0,1583803691.0,1913.0,9.63,,EC 226
2020-03-10 01:28:25.871,mijnomgeving,357518080495104,1583803705871,0.0,52.3373667,5.5374911,5.0,72018.0,25.0,4.12,6.0,35.0,357518080495104.0,32.0,0.0,1583803706.0,811.0,10.6,,EC 312
2020-03-10 01:28:32.819,mijnomgeving,357518080495526,1583803712819,0.0,52.2261619,5.1747381,5.0,32418.0,17.0,4.15,4.0,38.0,357518080495526.0,32.0,0.0,1583803711.0,137.0,8.83,,EC 327
2020-03-10 01:28:34.850,mijnomgeving,357518080165368,1583803714850,18.0,52.3395808,4.9112073,6.0,20615478.0,-13.0,3.76,4.0,4.0,357518080165368.0,16.0,0.0,1583803715.0,1204.0,9.8,,EC 208
2020-03-10 01:28:59.859,mijnomgeving,357518080495682,1583803739859,0.0,52.5494139,5.5884159,6.0,32418.0,13.0,4.18,5.0,214.0,357518080495682.0,32.0,0.0,1583803720.0,1814.0,10.16,,EC 316
2020-03-10 01:29:15.579,mijnomgeving,357518080166960,1583803755579,6.0,52.7137264,6.8787921999999995,5.0,128716.0,19.0,3.96,5.0,0.0,357518080166960.0,32.0,0.0,1583803758.0,530.0,9.89,,EC 232
2020-03-10 01:29:23.902,mijnomgeving,357518080495088,1583803763902,255.0,2.55e-05,2.55e-05,0.0,3915.0,0.0,3.93,24.0,0.0,357518080495088.0,32.0,0.0,1583803760.0,2.0,21.18,2.988,EC 321
2020-03-10 01:29:40.806,mijnomgeving,357518080495120,1583803780806,0.0,52.3338326,5.3127678,5.0,35118.0,-17.0,4.18,4.0,25.0,357518080495120.0,32.0,0.0,1583803778.0,1488.0,9.8,,EC 303
2020-03-10 01:30:18.898,mijnomgeving,357518080495047,1583803818898,1.0,52.2261178,5.1745761,8.0,17119.0,20.0,4.17,5.0,33.0,357518080495047.0,32.0,0.0,1583803815.0,135.0,9.01,,EC 322
2020-03-10 01:30:42.012,mijnomgeving,357518080494826,1583803842012,23.0,52.2256583,5.1752222,4.0,91840.0,101.0,4.18,6.0,250.0,357518080494826.0,32.0,2.0,1583803837.0,133.0,8.75,,EC 323
2020-03-10 01:31:01.107,mijnomgeving,357518080495153,1583803861107,0.0,52.5786772,5.7568871,5.0,42.0,60.0,4.189999999999999,6.0,232.0,357518080495153.0,32.0,0.0,1583803850.0,2557.0,9.98,,EC 313
2020-03-10 01:31:01.133,mijnomgeving,357518080495534,1583803861133,0.0,52.5327323,5.5930603,5.0,9918.0,0.0,4.21,6.0,30.0,357518080495534.0,32.0,0.0,1583803854.0,2180.0,9.98,,EC 307
2020-03-10 01:31:07.547,mijnomgeving,357518080165475,1583803867547,2.0,52.3720682,4.9253383,5.0,13158947.0,-4.0,4.12,4.0,0.0,357518080165475.0,1.0,0.0,1583803879.0,1404.0,9.36,,EC 201
2020-03-10 01:31:15.138,mijnomgeving,357518080495070,1583803875138,255.0,2.55e-05,2.55e-05,0.0,20838.0,0.0,4.04,23.0,0.0,357518080495070.0,32.0,0.0,1583803871.0,1.0,20.91,,EC 320
2020-03-10 01:31:17.113,mijnomgeving,357518080494982,1583803877113,0.0,52.2261343,5.1746512,4.0,39618.0,26.0,4.17,5.0,208.0,357518080494982.0,32.0,0.0,1583803876.0,137.0,8.92,,EC 326
2020-03-10 01:32:18.249,mijnomgeving,357518080497696,1583803938249,1.0,52.5173266,5.5093409,5.0,12617.0,-14.0,4.17,4.0,226.0,357518080497696.0,32.0,0.0,1583803933.0,1048.0,10.42,,EC 319
2020-03-10 01:32:32.199,mijnomgeving,357518080495088,1583803952199,255.0,2.55e-05,2.55e-05,0.0,4104.0,0.0,3.92,24.0,0.0,357518080495088.0,32.0,0.0,1583803949.0,0.0,21.18,2.988,EC 321
2020-03-10 01:32:59.266,mijnomgeving,357518080495161,1583803979266,5.0,52.4995788,5.4524259,5.0,6414326.0,-57.0,4.189999999999999,5.0,52.0,357518080495161.0,32.0,2.0,1583803983.0,931.0,9.72,,EC 315
2020-03-10 01:33:19.733,mijnomgeving,357518080166754,1583803999733,2.0,52.3537815,4.924801,5.0,21033046.0,20.0,4.18,5.0,0.0,357518080166754.0,16.0,0.0,1583804009.0,1113.0,9.98,,EC 204
2020-03-10 01:34:09.589,mijnomgeving,357518080164395,1583804049589,0.0,51.8982459,4.4235664,7.0,51.0,28.0,4.02,5.0,0.0,357518080164395.0,32.0,0.0,1583804046.0,1016.0,10.07,,EC 241
2020-03-10 01:34:26.362,mijnomgeving,357518080495021,1583804066362,106.0,53.1569687,7.0208489,5.0,7323.0,-68.0,3.95,15.0,7.0,357518080495021.0,32.0,0.0,1583804058.0,0.0,15.45,,EC 325
2020-03-10 01:35:09.312,mijnomgeving,357518080494818,1583804109312,1.0,52.809153,5.7446853,5.0,17118.0,-14.0,4.22,5.0,211.0,357518080494818.0,32.0,0.0,1583804107.0,1557.0,10.33,,EC 309
2020-03-10 01:35:33.413,mijnomgeving,357518080495088,1583804133413,255.0,2.55e-05,2.55e-05,0.0,4284.0,0.0,3.92,24.0,0.0,357518080495088.0,32.0,0.0,1583804129.0,1.0,21.18,2.988,EC 321
2020-03-10 01:35:42.203,mijnomgeving,357518080169006,1583804142203,2.0,,,,57612.0,,3.64,5.0,,357518080169006.0,32.0,,1583804142.0,941.0,10.16,,EC 213
2020-03-10 01:35:48.609,mijnomgeving,357518080166580,1583804148609,14.0,52.360093,4.8155167,5.0,129625.0,48.0,4.05,5.0,238.0,357518080166580.0,32.0,0.0,1583804150.0,663.0,9.36,,EC 224
2020-03-10 01:36:34.615,mijnomgeving,357518080328131,1583804194615,7.0,52.3862974,4.9180832,5.0,29717.0,-116.0,3.81,5.0,248.0,357518080328131.0,32.0,0.0,1583804194.0,48.0,9.63,,EC 230
2020-03-10 01:36:41.540,mijnomgeving,357518080494859,1583804201540,13.0,52.5409725,5.5888016,10.0,11731.0,-2.0,4.16,4.0,207.0,357518080494859.0,32.0,0.0,1583804197.0,1895.0,9.89,,EC 302
2020-03-10 01:37:12.229,mijnomgeving,357518080166887,1583804232229,29.0,52.3701368,4.9007591999999995,6.0,11892678.0,-26.0,3.6,4.0,0.0,357518080166887.0,4.0,0.0,1583803103.0,22.0,9.54,,EC 200
2020-03-10 01:37:14.345,mijnomgeving,357518080332257,1583804234345,2.0,51.8982554,4.4232682,7.0,19811.0,-4.0,4.08,4.0,0.0,357518080332257.0,32.0,0.0,1583804231.0,590.0,9.8,,EC 240
2020-03-10 01:37:25.267,mijnomgeving,357518080166887,1583804245267,20.0,52.3701066,4.9008364,5.0,11893569.0,-12.0,3.6,5.0,234.0,357518080166887.0,4.0,0.0,1583803994.0,22.0,9.54,,EC 200
2020-03-10 01:37:48.738,mijnomgeving,357518080494834,1583804268738,7.0,52.4256583,5.4212663,4.0,191725.0,16.0,4.11,4.0,59.0,357518080494834.0,32.0,0.0,1583804272.0,1270.0,10.24,,EC 314
2020-03-10 01:37:52.959,mijnomgeving,357518080171390,1583804272959,7.0,52.0321123,5.3037863,5.0,21663943.0,-20.0,4.18,5.0,14.0,357518080171390.0,64.0,0.0,1583804273.0,823.0,10.33,,EC 202
2020-03-10 01:38:00.712,mijnomgeving,357518080170889,1583804280712,4.0,52.0145443,4.2961056,5.0,81913.0,28.0,4.189999999999999,3.0,209.0,357518080170889.0,32.0,0.0,1583804279.0,950.0,10.07,,EC 236
2020-03-10 01:38:12.287,mijnomgeving,357518080332265,1583804292287,4.0,52.3921906,4.9373864,5.0,6313.0,-19.0,3.7,5.0,0.0,357518080332265.0,32.0,0.0,1583804283.0,1566.0,9.98,,EC 221
2020-03-10 01:38:19.038,mijnomgeving,357518080330764,1583804299038,20.0,51.821085,4.6110872,5.0,12630.0,3.0,3.93,6.0,33.0,357518080330764.0,32.0,0.0,1583804296.0,299.0,9.36,,EC 244
2020-03-10 01:38:23.740,mijnomgeving,357518080495088,1583804303740,255.0,2.55e-05,2.55e-05,0.0,4455.0,0.0,3.93,24.0,0.0,357518080495088.0,32.0,0.0,1583804300.0,1.0,21.18,2.988,EC 321
2020-03-10 01:38:29.769,mijnomgeving,357518080495187,1583804309769,1.0,52.6352095,5.8235118,6.0,211518.0,-2.0,4.24,6.0,0.0,357518080495187.0,32.0,0.0,1583804318.0,660.0,9.63,,EC 304
2020-03-10 01:38:47.196,mijnomgeving,357518080166663,1583804327196,3.0,51.8982904,4.4231785,5.0,78313.0,27.0,4.13,4.0,0.0,357518080166663.0,32.0,0.0,1583804326.0,806.0,9.72,,EC 243
2020-03-10 01:39:48.971,mijnomgeving,357518080494875,1583804388971,0.0,52.657762,5.6148028,8.0,15318.0,-5.0,4.2,6.0,32.0,357518080494875.0,32.0,0.0,1583804383.0,1847.0,10.07,,EC 311
2020-03-10 01:39:50.866,mijnomgeving,357518080495112,1583804390866,1.0,52.8374394,5.7138534,4.0,56718.0,-14.0,4.21,4.0,59.0,357518080495112.0,32.0,0.0,1583804390.0,1765.0,10.33,,EC 306
2020-03-10 01:40:43.729,mijnomgeving,357518080163173,1583804443729,1.0,52.7218272,6.8191296,9.0,35111.0,-3.0,3.95,3.0,15.0,357518080163173.0,32.0,0.0,1583804442.0,609.0,9.45,,EC 231
2020-03-10 01:40:51.652,mijnomgeving,357518080166887,1583804451652,20.0,52.3701066,4.9008364,5.0,11893569.0,-12.0,3.6,5.0,234.0,357518080166887.0,4.0,0.0,1583803994.0,22.0,9.54,,EC 200
2020-03-10 01:40:59.905,mijnomgeving,357518080494909,1583804459905,1.0,52.2260511,5.1746267,4.0,387018.0,29.0,4.16,3.0,243.0,357518080494909.0,32.0,0.0,1583804450.0,137.0,8.92,,EC 329
2020-03-10 01:41:19.083,mijnomgeving,357518080495146,1583804479083,7.0,52.3870689,5.3123581,6.0,54025.0,15.0,4.17,5.0,6.0,357518080495146.0,32.0,0.0,1583804478.0,1695.0,10.07,,EC 317
2020-03-10 01:41:24.054,mijnomgeving,357518080495088,1583804484054,255.0,2.55e-05,2.55e-05,0.0,4635.0,0.0,3.93,24.0,0.0,357518080495088.0,32.0,0.0,1583804480.0,0.0,21.18,2.988,EC 321
2020-03-10 01:41:24.381,mijnomgeving,357518080167000,1583804484381,6.0,52.1742607,5.0358774,4.0,90017.0,-24.0,4.13,4.0,0.0,357518080167000.0,32.0,0.0,1583804485.0,616.0,9.36,,EC 228
2020-03-10 01:41:29.054,mijnomgeving,357518080497423,1583804489054,0.0,52.5230658,5.5901046,6.0,291618.0,-15.0,4.17,4.0,250.0,357518080497423.0,32.0,0.0,1583804497.0,2207.0,10.42,,EC 318
2020-03-10 01:41:29.091,mijnomgeving,357518080495203,1583804489091,1.0,52.2261677,5.1745729,6.0,135018.0,19.0,4.17,4.0,5.0,357518080495203.0,32.0,0.0,1583804491.0,133.0,9.19,,EC 324
2020-03-10 01:41:35.028,mijnomgeving,357518080494768,1583804495028,1.0,52.4164715,5.2267637,4.0,99918.0,17.0,4.21,6.0,6.0,357518080494768.0,32.0,0.0,1583804494.0,1251.0,9.98,,EC 305
2020-03-10 01:41:37.425,mijnomgeving,357518080203151,1583804497425,4.0,52.420722,4.8600389,5.0,21627938.0,1.0,4.18,5.0,58.0,357518080203151.0,16.0,0.0,1583804492.0,73.0,9.8,,EC Prototype 001
2020-03-10 01:41:53.238,mijnomgeving,357518080168917,1583804513238,2.0,52.3404913,4.9253992,5.0,21655866.0,37.0,4.0,4.0,0.0,357518080168917.0,16.0,1.0,1583804519.0,71.0,8.75,,EC 209
2020-03-10 01:41:56.889,mijnomgeving,357518080163249,1583804516889,2.0,,,,60312.0,,4.17,6.0,,357518080163249.0,32.0,,1583804509.0,604.0,9.8,,EC 212
2020-03-10 01:42:04.203,mijnomgeving,357518080494776,1583804524203,0.0,52.2260941,5.1748101,6.0,196218.0,25.0,4.16,4.0,26.0,357518080494776.0,32.0,0.0,1583804528.0,137.0,8.92,,EC 330
2020-03-10 01:42:07.152,mijnomgeving,357518080497662,1583804527152,1.0,52.2261522,5.1746395,5.0,43218.0,24.0,4.21,6.0,208.0,357518080497662.0,32.0,0.0,1583804525.0,144.0,9.1,,EC 328
2020-03-10 01:42:17.380,mijnomgeving,357518080330582,1583804537380,7.0,52.3729884,4.9463788,4.0,33316.0,48.0,4.09,6.0,0.0,357518080330582.0,32.0,0.0,1583804536.0,1644.0,9.89,,EC 219
2020-03-10 01:43:10.452,mijnomgeving,357518080497639,1583804590452,11.0,52.6591485,5.6608713999999996,7.0,4529.0,-17.0,4.2,6.0,0.0,357518080497639.0,32.0,0.0,1583804587.0,2200.0,10.16,,EC 308
2020-03-10 01:43:14.445,mijnomgeving,357518080163405,1583804594445,4.0,52.3728069,4.9160892,5.0,9015.0,48.0,4.14,3.0,213.0,357518080163405.0,32.0,1.0,1583804592.0,1862.0,9.63,,EC 226
2020-03-10 01:43:26.489,mijnomgeving,357518080495104,1583804606489,1.0,52.3374511,5.5375527,5.0,72918.0,0.0,4.12,6.0,18.0,357518080495104.0,32.0,0.0,1583804606.0,808.0,10.6,,EC 312
2020-03-10 01:43:32.466,mijnomgeving,357518080495526,1583804612466,1.0,52.226156,5.1747292,5.0,33318.0,20.0,4.15,4.0,47.0,357518080495526.0,32.0,0.0,1583804611.0,138.0,8.75,,EC 327
2020-03-10 01:43:46.498,mijnomgeving,357518080495682,1583804626498,0.0,52.549465,5.5882781,5.0,33318.0,-6.0,4.18,5.0,230.0,357518080495682.0,32.0,0.0,1583804620.0,1764.0,10.07,,EC 316
2020-03-10 01:43:50.762,mijnomgeving,357518080165368,1583804630762,20.0,52.3398895,4.9108575,5.0,20616380.0,-10.0,3.76,4.0,0.0,357518080165368.0,16.0,0.0,1583804617.0,1210.0,9.8,,EC 208
2020-03-10 01:44:18.624,mijnomgeving,357518080166960,1583804658624,9.0,52.7138456,6.8788944999999995,5.0,129619.0,7.0,3.95,4.0,32.0,357518080166960.0,32.0,2.0,1583804661.0,531.0,9.89,,EC 232
2020-03-10 01:44:32.810,mijnomgeving,357518080495088,1583804672810,255.0,2.55e-05,2.55e-05,0.0,4824.0,0.0,3.93,24.0,0.0,357518080495088.0,32.0,0.0,1583804669.0,2.0,21.18,2.988,EC 321
2020-03-10 01:44:42.830,mijnomgeving,357518080495120,1583804682830,1.0,52.333745,5.3128578,5.0,36018.0,-26.0,4.18,4.0,57.0,357518080495120.0,32.0,0.0,1583804678.0,1489.0,9.8,,EC 303
2020-03-10 01:45:13.916,mijnomgeving,357518080494826,1583804713916,0.0,52.2261322,5.1746677,4.0,92718.0,17.0,4.17,6.0,0.0,357518080494826.0,32.0,0.0,1583804715.0,130.0,8.66,,EC 323
2020-03-10 01:45:15.837,mijnomgeving,357518080495047,1583804715837,0.0,52.22613,5.1746226,8.0,18018.0,14.0,4.17,5.0,212.0,357518080495047.0,32.0,0.0,1583804714.0,135.0,9.01,,EC 322
2020-03-10 01:45:53.314,mijnomgeving,357518080495153,1583804753314,5.0,52.5785586,5.7568052,4.0,922.0,63.0,4.189999999999999,5.0,3.0,357518080495153.0,32.0,0.0,1583804730.0,2560.0,9.98,,EC 313
2020-03-10 01:46:03.322,mijnomgeving,357518080495534,1583804763322,0.0,52.5326872,5.5930995,5.0,10818.0,-5.0,4.21,5.0,0.0,357518080495534.0,32.0,0.0,1583804754.0,2170.0,9.98,,EC 307
2020-03-10 01:46:08.600,mijnomgeving,357518080165475,1583804768600,2.0,52.3721318,4.9254659,4.0,13159847.0,-11.0,4.12,4.0,233.0,357518080165475.0,1.0,1.0,1583804779.0,1349.0,9.36,,EC 201
2020-03-10 01:46:15.323,mijnomgeving,357518080495070,1583804775323,255.0,2.55e-05,2.55e-05,0.0,21738.0,0.0,4.03,23.0,0.0,357518080495070.0,32.0,0.0,1583804770.0,1.0,20.91,,EC 320
2020-03-10 01:46:42.520,mijnomgeving,357518080494982,1583804802520,25.0,52.2261607,5.1746665,11.0,40542.0,20.0,4.17,6.0,205.0,357518080494982.0,32.0,0.0,1583804800.0,139.0,8.83,,EC 326
2020-03-10 01:47:16.829,mijnomgeving,357518080497696,1583804836829,1.0,52.5172604,5.5092469,5.0,13517.0,-18.0,4.17,4.0,206.0,357518080497696.0,32.0,1.0,1583804833.0,1046.0,10.42,,EC 319
2020-03-10 01:47:23.819,mijnomgeving,357518080495088,1583804843819,255.0,2.55e-05,2.55e-05,0.0,4995.0,0.0,3.93,24.0,0.0,357518080495088.0,32.0,0.0,1583804840.0,2.0,21.26,2.988,EC 321
2020-03-10 01:47:54.849,mijnomgeving,357518080495161,1583804874849,4.0,52.4996095,5.4525219,5.0,6415225.0,-56.0,4.189999999999999,5.0,35.0,357518080495161.0,32.0,8.0,1583804882.0,933.0,9.72,,EC 315
2020-03-10 01:48:32.699,mijnomgeving,357518080164395,1583804912699,4.0,51.8983644,4.4236859,6.0,914.0,57.0,4.03,5.0,227.0,357518080164395.0,32.0,0.0,1583804909.0,1005.0,10.07,,EC 241
2020-03-10 01:48:41.873,mijnomgeving,357518080495021,1583804921873,67.0,53.156291,7.0211341,5.0,8184.0,-26.0,3.95,15.0,40.0,357518080495021.0,32.0,1.0,1583804919.0,0.0,15.45,,EC 325
2020-03-10 01:50:09.965,mijnomgeving,357518080494818,1583805009965,0.0,52.8091933,5.7452216,4.0,18018.0,-24.0,4.22,4.0,223.0,357518080494818.0,32.0,0.0,1583805007.0,1563.0,10.33,,EC 309
2020-03-10 01:50:22.994,mijnomgeving,357518080495088,1583805022994,255.0,2.55e-05,2.55e-05,0.0,5175.0,0.0,3.93,24.0,0.0,357518080495088.0,32.0,0.0,1583805020.0,1.0,21.18,2.988,EC 321
2020-03-10 01:50:41.878,mijnomgeving,357518080166580,1583805041878,8.0,52.3601788,4.8156998,5.0,130519.0,2.0,4.05,5.0,33.0,357518080166580.0,32.0,1.0,1583805044.0,662.0,9.36,,EC 224
2020-03-10 01:50:42.364,mijnomgeving,357518080169006,1583805042364,2.0,,,,58512.0,,3.65,4.0,,357518080169006.0,32.0,,1583805043.0,939.0,10.07,,EC 213
2020-03-10 01:51:32.117,mijnomgeving,357518080494859,1583805092117,1.0,52.5409659,5.5888139,9.0,12618.0,-5.0,4.16,4.0,246.0,357518080494859.0,32.0,0.0,1583805085.0,1916.0,9.89,,EC 302
2020-03-10 01:51:34.748,mijnomgeving,357518080328131,1583805094748,7.0,52.3864875,4.917796,5.0,30617.0,-87.0,3.81,5.0,241.0,357518080328131.0,32.0,0.0,1583805094.0,48.0,9.54,,EC 230
2020-03-10 01:52:17.451,mijnomgeving,357518080332257,1583805137451,2.0,51.8981603,4.4233122,6.0,20711.0,-7.0,4.08,4.0,0.0,357518080332257.0,32.0,0.0,1583805131.0,507.0,9.8,,EC 240
2020-03-10 01:52:47.157,mijnomgeving,357518080171390,1583805167157,3.0,52.0317722,5.3035051,4.0,21664839.0,8.0,4.18,4.0,12.0,357518080171390.0,64.0,0.0,1583805169.0,821.0,10.33,,EC 202
2020-03-10 01:52:57.198,mijnomgeving,357518080494834,1583805177198,0.0,52.4257211,5.4210856,4.0,192618.0,-37.0,4.11,4.0,216.0,357518080494834.0,32.0,1.0,1583805165.0,1267.0,10.16,,EC 314
2020-03-10 01:53:03.413,mijnomgeving,357518080170889,1583805183413,8.0,52.0146016,4.2960091,5.0,82817.0,17.0,4.189999999999999,3.0,216.0,357518080170889.0,32.0,0.0,1583805183.0,924.0,10.16,,EC 236
2020-03-10 01:53:10.719,mijnomgeving,357518080330764,1583805190719,4.0,51.8210502,4.6111291,4.0,13514.0,3.0,3.94,6.0,0.0,357518080330764.0,32.0,0.0,1583805180.0,313.0,9.45,,EC 244
2020-03-10 01:53:23.215,mijnomgeving,357518080495088,1583805203215,255.0,2.55e-05,2.55e-05,0.0,5355.0,0.0,3.92,24.0,0.0,357518080495088.0,32.0,0.0,1583805200.0,1.0,21.26,2.988,EC 321
2020-03-10 01:53:30.110,mijnomgeving,357518080332265,1583805210110,3.0,52.3921399,4.9374553,5.0,7213.0,-1.0,3.7,5.0,10.0,357518080332265.0,32.0,0.0,1583805183.0,1566.0,9.98,,EC 221
2020-03-10 01:53:30.243,mijnomgeving,357518080495187,1583805210243,1.0,52.6353241,5.8235089,5.0,212418.0,-34.0,4.25,6.0,240.0,357518080495187.0,32.0,0.0,1583805218.0,658.0,9.63,,EC 304
2020-03-10 01:53:47.748,mijnomgeving,357518080166663,1583805227748,3.0,51.8981482,4.4233719,5.0,79213.0,-9.0,4.13,5.0,31.0,357518080166663.0,32.0,0.0,1583805226.0,672.0,9.8,,EC 243
2020-03-10 01:54:47.446,mijnomgeving,357518080494875,1583805287446,1.0,52.6577647,5.6147606,7.0,16218.0,-30.0,4.2,5.0,41.0,357518080494875.0,32.0,0.0,1583805283.0,1843.0,10.07,,EC 311
2020-03-10 01:54:51.081,mijnomgeving,357518080495112,1583805291081,1.0,52.8374645,5.7137552,4.0,57618.0,-27.0,4.21,5.0,199.0,357518080495112.0,32.0,0.0,1583805290.0,1741.0,10.33,,EC 306
2020-03-10 01:55:35.483,mijnomgeving,357518080494909,1583805335483,1.0,52.2261146,5.1747037,4.0,387918.0,24.0,4.16,3.0,43.0,357518080494909.0,32.0,0.0,1583805350.0,136.0,8.92,,EC 329
2020-03-10 01:55:43.645,mijnomgeving,357518080163173,1583805343645,1.0,52.7218631,6.8192164,8.0,36011.0,3.0,3.95,3.0,0.0,357518080163173.0,32.0,0.0,1583805342.0,609.0,9.45,,EC 231
2020-03-10 01:56:21.602,mijnomgeving,357518080495146,1583805381602,9.0,52.3868779,5.3121846999999995,5.0,54927.0,-32.0,4.17,5.0,29.0,357518080495146.0,32.0,0.0,1583805380.0,1694.0,9.98,,EC 317
2020-03-10 01:56:23.552,mijnomgeving,357518080167000,1583805383552,5.0,52.1738206,5.0357573,4.0,90916.0,43.0,4.13,3.0,10.0,357518080167000.0,32.0,0.0,1583805384.0,617.0,9.36,,EC 228
2020-03-10 01:56:24.547,mijnomgeving,357518080495088,1583805384547,255.0,2.55e-05,2.55e-05,0.0,5535.0,0.0,3.92,24.0,0.0,357518080495088.0,32.0,0.0,1583805380.0,1.0,21.26,2.988,EC 321
2020-03-10 01:56:28.550,mijnomgeving,357518080497423,1583805388550,0.0,52.5229967,5.5902598999999995,5.0,292518.0,0.0,4.17,4.0,199.0,357518080497423.0,32.0,0.0,1583805397.0,2211.0,10.33,,EC 318
2020-03-10 01:56:29.532,mijnomgeving,357518080495203,1583805389532,1.0,52.226204,5.1745824,6.0,135918.0,46.0,4.17,4.0,2.0,357518080495203.0,32.0,0.0,1583805391.0,133.0,9.19,,EC 324
2020-03-10 01:56:33.541,mijnomgeving,357518080494768,1583805393541,2.0,52.4160118,5.2276348,4.0,100818.0,86.0,4.21,6.0,232.0,357518080494768.0,32.0,1.0,1583805394.0,1251.0,9.98,,EC 305
2020-03-10 01:56:38.447,mijnomgeving,357518080203151,1583805398447,6.0,52.4207517,4.8601215,5.0,21628840.0,39.0,4.18,5.0,223.0,357518080203151.0,16.0,0.0,1583805394.0,72.0,9.72,,EC Prototype 001
2020-03-10 01:56:50.066,mijnomgeving,357518080163249,1583805410066,2.0,,,,61212.0,,4.17,6.0,,357518080163249.0,32.0,,1583805409.0,578.0,9.72,,EC 212
2020-03-10 01:56:53.861,mijnomgeving,357518080168917,1583805413861,2.0,52.3405733,4.9256271,5.0,21656766.0,38.0,4.0,4.0,252.0,357518080168917.0,16.0,0.0,1583805419.0,73.0,8.75,,EC 209
2020-03-10 01:57:06.755,mijnomgeving,357518080494776,1583805426755,0.0,52.2260332,5.1748482,6.0,197118.0,38.0,4.17,4.0,34.0,357518080494776.0,32.0,0.0,1583805428.0,138.0,8.83,,EC 330
2020-03-10 01:57:08.994,mijnomgeving,357518080497662,1583805428994,1.0,52.226085,5.1745042,4.0,44118.0,21.0,4.21,6.0,227.0,357518080497662.0,32.0,0.0,1583805425.0,143.0,9.01,,EC 328
2020-03-10 01:57:40.648,mijnomgeving,357518080330582,1583805460648,30.0,52.3734003,4.9461887,5.0,34239.0,-44.0,4.09,6.0,221.0,357518080330582.0,32.0,0.0,1583805459.0,1662.0,9.89,,EC 219
2020-03-10 01:58:02.080,mijnomgeving,357518080497639,1583805482080,1.0,52.6591495,5.6608807,7.0,5418.0,-18.0,4.2,5.0,8.0,357518080497639.0,32.0,0.0,1583805476.0,2202.0,10.16,,EC 308
2020-03-10 01:58:13.390,mijnomgeving,357518080163405,1583805493390,2.0,52.3728751,4.916145,4.0,9913.0,-23.0,4.14,3.0,6.0,357518080163405.0,32.0,0.0,1583805490.0,1812.0,9.63,,EC 226
2020-03-10 01:58:40.120,mijnomgeving,357518080495526,1583805520120,5.0,52.2260688,5.1748157,4.0,34223.0,44.0,4.15,4.0,44.0,357518080495526.0,32.0,0.0,1583805516.0,136.0,8.75,,EC 327
2020-03-10 01:58:41.061,mijnomgeving,357518080495104,1583805521061,16.0,52.3374035,5.5374576,8.0,73832.0,0.0,4.12,7.0,29.0,357518080495104.0,32.0,0.0,1583805520.0,814.0,10.51,,EC 312
2020-03-10 01:58:54.099,mijnomgeving,357518080495682,1583805534099,0.0,52.5493989,5.5885079,5.0,34218.0,-29.0,4.18,5.0,219.0,357518080495682.0,32.0,0.0,1583805520.0,1818.0,10.07,,EC 316
2020-03-10 01:59:32.177,mijnomgeving,357518080495088,1583805572177,255.0,2.55e-05,2.55e-05,0.0,5724.0,0.0,3.93,24.0,0.0,357518080495088.0,32.0,0.0,1583805569.0,1.0,21.26,2.988,EC 321
2020-03-10 01:59:57.819,mijnomgeving,357518080166960,1583805597819,48.0,52.7139629,6.8789568,8.0,130558.0,0.0,3.96,5.0,5.0,357518080166960.0,32.0,0.0,1583805600.0,531.0,9.89,,EC 232
2020-03-10 02:00:12.249,mijnomgeving,357518080495120,1583805612249,8.0,52.3337214,5.3126159,7.0,36925.0,-26.0,4.18,4.0,207.0,357518080495120.0,32.0,0.0,1583805585.0,1486.0,9.8,,EC 303
2020-03-10 02:00:16.185,mijnomgeving,357518080495047,1583805616185,0.0,52.2261754,5.1747012,6.0,18918.0,13.0,4.17,5.0,4.0,357518080495047.0,32.0,0.0,1583805614.0,134.0,8.92,,EC 322
2020-03-10 02:00:37.258,mijnomgeving,357518080494826,1583805637258,24.0,52.2262007,5.1746687,6.0,93641.0,18.0,4.18,7.0,29.0,357518080494826.0,32.0,0.0,1583805638.0,134.0,8.66,,EC 323
2020-03-10 02:00:39.192,mijnomgeving,357518080495153,1583805639192,11.0,52.5788335,5.7568161,7.0,1828.0,19.0,4.189999999999999,5.0,9.0,357518080495153.0,32.0,0.0,1583805636.0,2553.0,9.98,,EC 313
2020-03-10 02:01:11.249,mijnomgeving,357518080495534,1583805671249,13.0,52.5326973,5.59307,11.0,11731.0,-4.0,4.21,6.0,0.0,357518080495534.0,32.0,0.0,1583805667.0,2169.0,9.89,,EC 307
2020-03-10 02:01:14.285,mijnomgeving,357518080495070,1583805674285,255.0,2.55e-05,2.55e-05,0.0,22638.0,0.0,4.04,23.0,0.0,357518080495070.0,32.0,0.0,1583805671.0,0.0,20.91,,EC 320
2020-03-10 02:01:17.237,mijnomgeving,357518080494982,1583805677237,1.0,52.2261713,5.1746293,10.0,41418.0,21.0,4.17,5.0,221.0,357518080494982.0,32.0,0.0,1583805676.0,137.0,8.83,,EC 326
2020-03-10 02:02:32.308,mijnomgeving,357518080495088,1583805752308,255.0,2.55e-05,2.55e-05,0.0,5904.0,0.0,3.93,24.0,0.0,357518080495088.0,32.0,0.0,1583805749.0,1.0,21.26,2.988,EC 321
2020-03-10 02:02:39.264,mijnomgeving,357518080497696,1583805759264,24.0,52.5173042,5.5093666,6.0,14441.0,10.0,4.17,5.0,0.0,357518080497696.0,32.0,0.0,1583805757.0,1047.0,10.42,,EC 319
2020-03-10 02:02:55.343,mijnomgeving,357518080495161,1583805775343,3.0,52.4996658,5.4527735,5.0,6416124.0,5.0,4.189999999999999,4.0,204.0,357518080495161.0,32.0,2.0,1583805781.0,935.0,9.72,,EC 315
2020-03-10 02:02:58.818,mijnomgeving,357518080165368,1583805778818,18.0,52.339683,4.9113365,5.0,20617278.0,27.0,3.76,4.0,0.0,357518080165368.0,16.0,0.0,1583805515.0,1206.0,9.89,,EC 208
2020-03-10 02:03:34.681,mijnomgeving,357518080164395,1583805814681,6.0,51.8981017,4.4232749,6.0,1816.0,-45.0,4.03,4.0,215.0,357518080164395.0,32.0,0.0,1583805811.0,996.0,10.07,,EC 241
2020-03-10 02:04:35.437,mijnomgeving,357518080495021,1583805875437,255.0,2.55e-05,2.55e-05,0.0,9138.0,0.0,3.95,16.0,0.0,357518080495021.0,32.0,0.0,1583805873.0,0.0,15.45,,EC 325
2020-03-10 02:04:55.200,mijnomgeving,357518080166754,1583805895200,4.0,52.3537686,4.9252418,5.0,21033948.0,58.0,4.18,5.0,0.0,357518080166754.0,16.0,1.0,1583804911.0,1127.0,9.89,,EC 204
2020-03-10 02:05:09.287,mijnomgeving,357518080166754,1583805909287,22.0,52.3538414,4.9248638,7.0,21034866.0,-14.0,4.18,5.0,210.0,357518080166754.0,16.0,0.0,1583805829.0,1128.0,9.89,,EC 204
2020-03-10 02:05:18.464,mijnomgeving,357518080494818,1583805918464,10.0,52.8091558,5.7454626,4.0,18927.0,-5.0,4.21,4.0,215.0,357518080494818.0,32.0,0.0,1583805916.0,1558.0,10.33,,EC 309
2020-03-10 02:05:22.440,mijnomgeving,357518080495088,1583805922440,255.0,2.55e-05,2.55e-05,0.0,6075.0,0.0,3.93,24.0,0.0,357518080495088.0,32.0,0.0,1583805920.0,0.0,21.26,2.988,EC 321
2020-03-10 02:05:42.232,mijnomgeving,357518080169006,1583805942232,2.0,,,,59412.0,,3.64,5.0,,357518080169006.0,32.0,,1583805943.0,933.0,10.07,,EC 213
2020-03-10 02:06:16.593,mijnomgeving,357518080166580,1583805976593,31.0,52.3604047,4.8159153,6.0,131442.0,-59.0,4.05,5.0,24.0,357518080166580.0,32.0,0.0,1583805967.0,664.0,9.27,,EC 224
2020-03-10 02:06:29.522,mijnomgeving,357518080494859,1583805989522,0.0,52.5409734,5.5888016,9.0,13517.0,-6.0,4.16,4.0,0.0,357518080494859.0,32.0,0.0,1583805984.0,1913.0,9.8,,EC 302
2020-03-10 02:06:56.031,mijnomgeving,357518080328131,1583806016031,28.0,52.3863684,4.9181416,6.0,31538.0,18.0,3.81,5.0,253.0,357518080328131.0,32.0,0.0,1583806015.0,48.0,9.27,,EC 230
2020-03-10 02:07:14.686,mijnomgeving,357518080332257,1583806034686,2.0,51.8982899,4.4232887,6.0,21611.0,23.0,4.08,4.0,0.0,357518080332257.0,32.0,0.0,1583806031.0,580.0,9.8,,EC 240
2020-03-10 02:08:05.762,mijnomgeving,357518080494834,1583806085762,10.0,52.4257762,5.4208064,5.0,193528.0,-11.0,4.1,4.0,52.0,357518080494834.0,32.0,0.0,1583806075.0,1265.0,10.24,,EC 314
2020-03-10 02:08:11.039,mijnomgeving,357518080330764,1583806091039,13.0,51.8210912,4.610912,4.0,14422.0,-39.0,3.93,6.0,51.0,357518080330764.0,32.0,1.0,1583806088.0,321.0,9.45,,EC 244
2020-03-10 02:08:13.863,mijnomgeving,357518080171390,1583806093863,29.0,52.0319208,5.303637,9.0,21665765.0,0.0,4.18,5.0,0.0,357518080171390.0,64.0,0.0,1583806095.0,821.0,10.24,,EC 202
2020-03-10 02:08:18.122,mijnomgeving,357518080332265,1583806098122,14.0,52.392025,4.9375534,5.0,8124.0,-2.0,3.7,5.0,0.0,357518080332265.0,32.0,0.0,1583806094.0,1561.0,9.98,,EC 221
2020-03-10 02:08:27.550,mijnomgeving,357518080170889,1583806107550,32.0,52.0145913,4.2955439,11.0,83741.0,-10.0,4.189999999999999,3.0,250.0,357518080170889.0,32.0,0.0,1583806107.0,890.0,10.24,,EC 236
2020-03-10 02:08:29.722,mijnomgeving,357518080495187,1583806109722,1.0,52.6352515,5.823525,5.0,213318.0,24.0,4.24,6.0,18.0,357518080495187.0,32.0,0.0,1583806118.0,652.0,9.63,,EC 304
2020-03-10 02:08:50.862,mijnomgeving,357518080166663,1583806130862,2.0,51.898139,4.4232234,5.0,80112.0,22.0,4.13,5.0,0.0,357518080166663.0,32.0,0.0,1583806126.0,806.0,9.8,,EC 243
2020-03-10 02:09:24.868,mijnomgeving,357518080495088,1583806164868,255.0,2.55e-05,2.55e-05,0.0,158.0,0.0,3.94,24.0,0.0,357518080495088.0,32.0,0.0,1583806162.0,0.0,21.35,2.988,EC 321
2020-03-10 02:09:45.835,mijnomgeving,357518080494875,1583806185835,1.0,52.6578181,5.6147797,6.0,17117.0,-37.0,4.2,6.0,41.0,357518080494875.0,32.0,0.0,1583806182.0,1850.0,10.07,,EC 311
2020-03-10 02:10:08.835,mijnomgeving,357518080495112,1583806208835,20.0,52.8374603,5.7139568,7.0,58537.0,-9.0,4.21,5.0,0.0,357518080495112.0,32.0,0.0,1583806209.0,1743.0,10.24,,EC 306
2020-03-10 02:10:43.725,mijnomgeving,357518080163173,1583806243725,2.0,52.7218649,6.8191308,7.0,36911.0,18.0,3.95,3.0,248.0,357518080163173.0,32.0,0.0,1583806242.0,610.0,9.45,,EC 231
2020-03-10 02:10:43.845,mijnomgeving,357518080494909,1583806243845,10.0,52.2258708,5.1751967,4.0,388827.0,86.0,4.16,3.0,229.0,357518080494909.0,32.0,1.0,1583806259.0,136.0,8.83,,EC 329
2020-03-10 02:11:26.917,mijnomgeving,357518080497423,1583806286917,0.0,52.5230156,5.5901647,5.0,293418.0,-13.0,4.17,4.0,206.0,357518080497423.0,32.0,0.0,1583806297.0,2211.0,10.33,,EC 318
2020-03-10 02:11:35.890,mijnomgeving,357518080495146,1583806295890,24.0,52.3869949,5.312246,10.0,55841.0,-7.0,4.17,6.0,21.0,357518080495146.0,32.0,0.0,1583806294.0,1697.0,9.98,,EC 317
2020-03-10 02:11:37.864,mijnomgeving,357518080495203,1583806297864,1.0,52.226184,5.1746654,5.0,136827.0,18.0,4.17,4.0,48.0,357518080495203.0,32.0,0.0,1583806300.0,134.0,9.1,,EC 324
2020-03-10 02:11:38.443,mijnomgeving,357518080167000,1583806298443,21.0,52.1739366,5.0359209,8.0,91831.0,-4.0,4.13,4.0,0.0,357518080167000.0,32.0,0.0,1583806299.0,620.0,9.36,,EC 228
2020-03-10 02:11:45.896,mijnomgeving,357518080495088,1583806305896,255.0,2.55e-05,2.55e-05,0.0,299.0,0.0,3.92,24.0,0.0,357518080495088.0,32.0,0.0,1583806303.0,2.0,21.26,2.988,EC 321
2020-03-10 02:11:46.183,mijnomgeving,357518080203151,1583806306183,12.0,52.4206276,4.8601609,4.0,21629746.0,78.0,4.18,5.0,0.0,357518080203151.0,16.0,0.0,1583806300.0,70.0,9.54,,EC Prototype 001
2020-03-10 02:12:04.019,mijnomgeving,357518080494776,1583806324019,1.0,52.2260411,5.175093,4.0,198018.0,20.0,4.17,4.0,19.0,357518080494776.0,32.0,1.0,1583806328.0,138.0,8.83,,EC 330
2020-03-10 02:12:11.650,mijnomgeving,357518080168917,1583806331650,14.0,52.3405932,4.9256647000000005,5.0,21657678.0,14.0,4.0,4.0,215.0,357518080168917.0,16.0,0.0,1583806331.0,70.0,8.83,,EC 209
2020-03-10 02:12:13.468,mijnomgeving,357518080163249,1583806333468,22.0,,,,62131.0,,4.17,6.0,,357518080163249.0,32.0,,1583806328.0,573.0,9.72,,EC 212
2020-03-10 02:12:22.049,mijnomgeving,357518080497662,1583806342049,1.0,52.2260339,5.1746824,4.0,45028.0,21.0,4.21,6.0,228.0,357518080497662.0,32.0,1.0,1583806334.0,142.0,9.01,,EC 328
2020-03-10 02:12:27.028,mijnomgeving,357518080330582,1583806347028,16.0,52.3731661,4.9461587,4.0,35125.0,-6.0,4.09,6.0,11.0,357518080330582.0,32.0,0.0,1583806345.0,1675.0,9.89,,EC 219
2020-03-10 02:12:41.081,mijnomgeving,357518080494768,1583806361081,41.0,52.4165319,5.2266365,5.0,101757.0,25.0,4.21,6.0,4.0,357518080494768.0,32.0,0.0,1583806333.0,1249.0,9.98,,EC 305
2020-03-10 02:12:59.730,mijnomgeving,357518080497639,1583806379730,1.0,52.6591492,5.6608415999999995,6.0,6318.0,-11.0,4.2,6.0,10.0,357518080497639.0,32.0,0.0,1583806376.0,2204.0,10.16,,EC 308
2020-03-10 02:13:25.201,mijnomgeving,357518080495104,1583806405201,1.0,52.3373445,5.5374858,7.0,74717.0,-16.0,4.12,6.0,1.0,357518080495104.0,32.0,0.0,1583806405.0,811.0,10.51,,EC 312
2020-03-10 02:13:39.152,mijnomgeving,357518080163405,1583806419152,28.0,52.3728908,4.9160867,5.0,10839.0,10.0,4.13,3.0,0.0,357518080163405.0,32.0,0.0,1583806416.0,1766.0,9.63,,EC 226
2020-03-10 02:13:42.432,mijnomgeving,357518080165368,1583806422432,30.0,52.339877,4.9108593,6.0,20618190.0,-8.0,3.76,5.0,3.0,357518080165368.0,16.0,0.0,1583806427.0,1209.0,9.89,,EC 208
2020-03-10 02:13:57.189,mijnomgeving,357518080495526,1583806437189,24.0,52.2261729,5.1746159,10.0,35142.0,31.0,4.15,4.0,27.0,357518080495526.0,32.0,0.0,1583806435.0,137.0,8.75,,EC 327
2020-03-10 02:14:07.172,mijnomgeving,357518080495682,1583806447172,8.0,52.5493498,5.5881651,5.0,35126.0,-70.0,4.18,5.0,210.0,357518080495682.0,32.0,0.0,1583806428.0,1773.0,9.98,,EC 316
2020-03-10 02:14:39.248,mijnomgeving,357518080495120,1583806479248,0.0,52.3337579,5.3126878,7.0,37817.0,-35.0,4.18,4.0,212.0,357518080495120.0,32.0,0.0,1583806477.0,1488.0,9.72,,EC 303
2020-03-10 02:14:42.628,mijnomgeving,357518080166960,1583806482628,33.0,52.7136495,6.8788222999999995,7.0,131443.0,64.0,3.95,5.0,0.0,357518080166960.0,32.0,0.0,1583806485.0,530.0,9.89,,EC 232
2020-03-10 02:15:01.261,mijnomgeving,357518080495088,1583806501261,255.0,2.55e-05,2.55e-05,0.0,495.0,0.0,3.93,24.0,0.0,357518080495088.0,32.0,0.0,1583806499.0,1.0,21.26,2.988,EC 321
2020-03-10 02:15:17.260,mijnomgeving,357518080495047,1583806517260,0.0,52.2261476,5.1746928,7.0,19818.0,18.0,4.17,5.0,11.0,357518080495047.0,32.0,0.0,1583806514.0,134.0,8.92,,EC 322
2020-03-10 02:15:22.183,mijnomgeving,357518080494826,1583806522183,1.0,52.2261317,5.1746901,6.0,94527.0,20.0,4.18,6.0,2.0,357518080494826.0,32.0,0.0,1583806524.0,131.0,8.66,,EC 323
2020-03-10 02:15:29.198,mijnomgeving,357518080495153,1583806529198,1.0,52.5789259,5.7568792,6.0,2718.0,-7.0,4.189999999999999,5.0,3.0,357518080495153.0,32.0,0.0,1583806526.0,2559.0,9.98,,EC 313
2020-03-10 02:15:59.217,mijnomgeving,357518080495534,1583806559217,0.0,52.5327265,5.5931026,10.0,12618.0,2.0,4.2,6.0,3.0,357518080495534.0,32.0,0.0,1583806554.0,2188.0,9.89,,EC 307
2020-03-10 02:16:18.293,mijnomgeving,357518080494982,1583806578293,1.0,52.2262178,5.1746622,10.0,42318.0,21.0,4.17,6.0,0.0,357518080494982.0,32.0,0.0,1583806576.0,137.0,8.75,,EC 326
2020-03-10 02:16:24.219,mijnomgeving,357518080495070,1583806584219,255.0,2.55e-05,2.55e-05,0.0,23547.0,0.0,4.04,23.0,0.0,357518080495070.0,32.0,0.0,1583806580.0,1.0,20.91,,EC 320
2020-03-10 02:17:18.312,mijnomgeving,357518080497696,1583806638312,1.0,52.5172891,5.5094352,6.0,15318.0,15.0,4.17,5.0,32.0,357518080497696.0,32.0,0.0,1583806634.0,1045.0,10.42,,EC 319
2020-03-10 02:18:03.367,mijnomgeving,357518080495161,1583806683367,9.0,52.4995918,5.4528943,4.0,6417030.0,-8.0,4.189999999999999,4.0,200.0,357518080495161.0,32.0,0.0,1583806687.0,940.0,9.63,,EC 315
2020-03-10 02:18:03.465,mijnomgeving,357518080495088,1583806683465,255.0,2.55e-05,2.55e-05,0.0,675.0,0.0,3.93,24.0,0.0,357518080495088.0,32.0,0.0,1583806679.0,1.0,21.26,2.988,EC 321
2020-03-10 02:18:23.827,mijnomgeving,357518080166754,1583806703827,2.0,52.353813,4.9249206999999995,6.0,21035746.0,18.0,4.17,5.0,0.0,357518080166754.0,16.0,0.0,1583806709.0,1135.0,9.89,,EC 204
2020-03-10 02:18:27.391,mijnomgeving,357518080495021,1583806707391,53.0,53.1562875,7.0210533999999996,5.0,9970.0,8.0,3.95,15.0,6.0,357518080495021.0,32.0,0.0,1583806705.0,0.0,15.36,,EC 325
2020-03-10 02:19:06.065,mijnomgeving,357518080164395,1583806746065,5.0,51.8982176,4.4232816,6.0,2715.0,-9.0,4.03,5.0,0.0,357518080164395.0,32.0,0.0,1583806710.0,972.0,10.07,,EC 241
2020-03-10 02:20:12.451,mijnomgeving,357518080494818,1583806812451,4.0,52.8091096,5.7450213,4.0,19821.0,-12.0,4.22,5.0,217.0,357518080494818.0,32.0,1.0,1583806810.0,1576.0,10.33,,EC 309
2020-03-10 02:20:42.374,mijnomgeving,357518080169006,1583806842374,2.0,,,,60312.0,,3.64,5.0,,357518080169006.0,32.0,,1583806843.0,928.0,10.07,,EC 213
2020-03-10 02:21:10.536,mijnomgeving,357518080495088,1583806870536,255.0,2.55e-05,2.55e-05,0.0,864.0,0.0,3.92,24.0,0.0,357518080495088.0,32.0,0.0,1583806868.0,2.0,21.26,2.988,EC 321
2020-03-10 02:21:29.523,mijnomgeving,357518080494859,1583806889523,1.0,52.5409951,5.5888086,7.0,14418.0,-9.0,4.16,4.0,237.0,357518080494859.0,32.0,0.0,1583806885.0,1921.0,9.8,,EC 302
2020-03-10 02:21:56.849,mijnomgeving,357518080328131,1583806916849,29.0,52.3867175,4.9179975,5.0,32439.0,-14.0,3.81,5.0,241.0,357518080328131.0,32.0,0.0,1583806916.0,46.0,9.19,,EC 230
2020-03-10 02:22:19.693,mijnomgeving,357518080332257,1583806939693,2.0,51.8982585,4.4232948,6.0,22511.0,11.0,4.08,4.0,0.0,357518080332257.0,32.0,0.0,1583806931.0,533.0,9.8,,EC 240
2020-03-10 02:22:44.291,mijnomgeving,357518080171390,1583806964291,2.0,52.031922,5.3036191,7.0,21666638.0,8.0,4.17,5.0,0.0,357518080171390.0,64.0,0.0,1583806968.0,821.0,10.24,,EC 202
2020-03-10 02:22:44.613,mijnomgeving,357518080494834,1583806964613,1.0,52.4257022,5.4206715,5.0,194418.0,-35.0,4.11,4.0,7.0,357518080494834.0,32.0,0.0,1583806965.0,1269.0,10.24,,EC 314
2020-03-10 02:22:58.615,mijnomgeving,357518080170889,1583806978615,3.0,52.0145822,4.295549,9.0,84612.0,-16.0,4.189999999999999,3.0,236.0,357518080170889.0,32.0,0.0,1583806978.0,873.0,10.24,,EC 236
2020-03-10 02:23:16.390,mijnomgeving,357518080332265,1583806996390,8.0,52.392155,4.9373698,5.0,9018.0,-26.0,3.7,5.0,252.0,357518080332265.0,32.0,4.0,1583806988.0,1557.0,9.98,,EC 221
2020-03-10 02:23:30.721,mijnomgeving,357518080495187,1583807010721,1.0,52.6352353,5.8236693,5.0,214218.0,16.0,4.24,6.0,0.0,357518080495187.0,32.0,0.0,1583807018.0,649.0,9.63,,EC 304
2020-03-10 02:23:33.898,mijnomgeving,357518080330764,1583807013898,36.0,51.8210233,4.6113588,7.0,15345.0,1.0,3.93,6.0,0.0,357518080330764.0,32.0,0.0,1583807011.0,329.0,9.45,,EC 244
2020-03-10 02:23:49.506,mijnomgeving,357518080166663,1583807029506,5.0,51.8986026,4.4234861,5.0,81015.0,-80.0,4.13,5.0,18.0,357518080166663.0,32.0,0.0,1583807029.0,728.0,9.8,,EC 243
2020-03-10 02:24:01.710,mijnomgeving,357518080495088,1583807041710,255.0,2.55e-05,2.55e-05,0.0,1035.0,0.0,3.93,24.0,0.0,357518080495088.0,32.0,0.0,1583807039.0,1.0,21.26,2.988,EC 321
2020-03-10 02:24:44.728,mijnomgeving,357518080494875,1583807084728,1.0,52.6579641,5.6147976,7.0,18017.0,-3.0,4.2,5.0,205.0,357518080494875.0,32.0,0.0,1583807082.0,1853.0,10.07,,EC 311
2020-03-10 02:24:52.698,mijnomgeving,357518080495112,1583807092698,1.0,52.8375166,5.7139095,6.0,59418.0,9.0,4.21,5.0,251.0,357518080495112.0,32.0,0.0,1583807090.0,1732.0,10.33,,EC 306
2020-03-10 02:25:43.891,mijnomgeving,357518080163173,1583807143891,2.0,52.7218439,6.8191635999999995,7.0,37811.0,18.0,3.95,3.0,0.0,357518080163173.0,32.0,0.0,1583807142.0,610.0,9.45,,EC 231
2020-03-10 02:25:48.762,mijnomgeving,357518080494909,1583807148762,15.0,52.2260883,5.1748371,6.0,389732.0,27.0,4.16,4.0,199.0,357518080494909.0,32.0,0.0,1583807164.0,136.0,8.83,,EC 329
2020-03-10 02:26:13.814,mijnomgeving,357518080495146,1583807173814,0.0,52.3869724,5.3122182,8.0,56718.0,4.0,4.17,6.0,227.0,357518080495146.0,32.0,0.0,1583807171.0,1696.0,9.98,,EC 317
2020-03-10 02:26:28.794,mijnomgeving,357518080495203,1583807188794,0.0,52.2261095,5.1747638,5.0,137718.0,26.0,4.17,5.0,4.0,357518080495203.0,32.0,0.0,1583807191.0,132.0,9.1,,EC 324
2020-03-10 02:26:40.808,mijnomgeving,357518080494768,1583807200808,8.0,52.4163794,5.2267402,5.0,102624.0,29.0,4.21,6.0,250.0,357518080494768.0,32.0,0.0,1583807200.0,1254.0,9.89,,EC 305
2020-03-10 02:26:56.310,mijnomgeving,357518080203151,1583807216310,20.0,52.4204322,4.8605787,5.0,21630654.0,94.0,4.18,5.0,0.0,357518080203151.0,16.0,0.0,1583807208.0,70.0,9.63,,EC Prototype 001
2020-03-10 02:26:58.198,mijnomgeving,357518080163249,1583807218198,3.0,,,,63013.0,,4.17,6.0,,357518080163249.0,32.0,,1583807210.0,531.0,9.72,,EC 212
2020-03-10 02:27:00.062,mijnomgeving,357518080168917,1583807220062,2.0,52.3409086,4.925797,5.0,21658566.0,26.0,3.99,4.0,0.0,357518080168917.0,16.0,0.0,1583807219.0,70.0,8.83,,EC 209
2020-03-10 02:27:10.904,mijnomgeving,357518080495088,1583807230904,255.0,2.55e-05,2.55e-05,0.0,1224.0,0.0,3.93,24.0,0.0,357518080495088.0,32.0,0.0,1583807228.0,1.0,21.26,2.988,EC 321
2020-03-10 02:27:18.875,mijnomgeving,357518080497662,1583807238875,13.0,52.2261007,5.1746636,6.0,45930.0,21.0,4.21,6.0,201.0,357518080497662.0,32.0,0.0,1583807237.0,142.0,9.01,,EC 328
2020-03-10 02:27:19.839,mijnomgeving,357518080494776,1583807239839,17.0,52.2259524,5.1751,5.0,198935.0,35.0,4.17,5.0,49.0,357518080494776.0,32.0,0.0,1583807245.0,138.0,8.75,,EC 330
2020-03-10 02:27:34.884,mijnomgeving,357518080497423,1583807254884,14.0,52.5229948,5.5901708,8.0,294332.0,-5.0,4.17,4.0,247.0,357518080497423.0,32.0,0.0,1583807211.0,2202.0,10.33,,EC 318
2020-03-10 02:27:58.906,mijnomgeving,357518080497639,1583807278906,1.0,52.6591338,5.6608077,6.0,7218.0,-18.0,4.2,6.0,212.0,357518080497639.0,32.0,0.0,1583807276.0,2196.0,10.16,,EC 308
2020-03-10 02:28:15.628,mijnomgeving,357518080163405,1583807295628,4.0,52.3726517,4.9163383,4.0,11715.0,60.0,4.13,3.0,59.0,357518080163405.0,32.0,0.0,1583807292.0,1773.0,9.63,,EC 226
2020-03-10 02:28:26.047,mijnomgeving,357518080495104,1583807306047,0.0,52.3373926,5.5375195999999995,6.0,75617.0,-2.0,4.12,6.0,3.0,357518080495104.0,32.0,0.0,1583807305.0,809.0,10.51,,EC 312
2020-03-10 02:28:31.986,mijnomgeving,357518080495526,1583807311986,0.0,52.2261661,5.1746734,9.0,36018.0,4.0,4.15,4.0,220.0,357518080495526.0,32.0,0.0,1583807311.0,135.0,8.75,,EC 327
2020-03-10 02:28:32.553,mijnomgeving,357518080165368,1583807312553,17.0,52.3396595,4.9109113,6.0,20619077.0,5.0,3.76,5.0,0.0,357518080165368.0,16.0,0.0,1583807314.0,1209.0,9.89,,EC 208
2020-03-10 02:29:00.474,mijnomgeving,357518080495682,1583807340474,0.0,52.5494204,5.588246,5.0,36018.0,-64.0,4.18,5.0,208.0,357518080495682.0,32.0,0.0,1583807320.0,1737.0,9.89,,EC 316
2020-03-10 02:29:31.351,mijnomgeving,357518080166960,1583807371351,21.0,52.7139158,6.878843,8.0,132331.0,2.0,3.96,4.0,10.0,357518080166960.0,32.0,0.0,1583807373.0,532.0,9.89,,EC 232
2020-03-10 02:30:06.528,mijnomgeving,357518080495120,1583807406528,1.0,52.3336848,5.3125829,7.0,38718.0,-11.0,4.18,4.0,0.0,357518080495120.0,32.0,0.0,1583807378.0,1488.0,9.72,,EC 303
2020-03-10 02:30:11.534,mijnomgeving,357518080495088,1583807411534,255.0,2.55e-05,2.55e-05,0.0,1404.0,0.0,3.92,24.0,0.0,357518080495088.0,32.0,0.0,1583807408.0,2.0,21.35,2.988,EC 321
2020-03-10 02:30:13.437,mijnomgeving,357518080494826,1583807413437,1.0,52.2260671,5.1747178,6.0,95418.0,5.0,4.17,6.0,46.0,357518080494826.0,32.0,0.0,1583807415.0,130.0,8.57,,EC 323
2020-03-10 02:30:16.452,mijnomgeving,357518080495047,1583807416452,0.0,52.2260895,5.174736,6.0,20718.0,28.0,4.17,5.0,197.0,357518080495047.0,32.0,0.0,1583807414.0,133.0,8.92,,EC 322
2020-03-10 02:30:30.494,mijnomgeving,357518080495153,1583807430494,1.0,52.5790028,5.7568676,7.0,3618.0,-24.0,4.189999999999999,4.0,250.0,357518080495153.0,32.0,0.0,1583807426.0,2553.0,9.98,,EC 313
2020-03-10 02:30:59.505,mijnomgeving,357518080495534,1583807459505,0.0,52.5327,5.5930869,8.0,13518.0,7.0,4.2,6.0,0.0,357518080495534.0,32.0,0.0,1583807454.0,2136.0,9.89,,EC 307
2020-03-10 02:31:13.508,mijnomgeving,357518080495070,1583807473508,255.0,2.55e-05,2.55e-05,0.0,24438.0,0.0,4.04,23.0,0.0,357518080495070.0,32.0,0.0,1583807471.0,0.0,21.0,,EC 320
2020-03-10 02:31:17.491,mijnomgeving,357518080494982,1583807477491,0.0,52.2262028,5.1746615,9.0,43218.0,22.0,4.17,5.0,200.0,357518080494982.0,32.0,0.0,1583807476.0,137.0,8.75,,EC 326
2020-03-10 02:31:38.716,mijnomgeving,357518080165475,1583807498716,2.0,52.3720751,4.9249442,5.0,13162547.0,1.0,4.12,5.0,235.0,357518080165475.0,1.0,5.0,1583807479.0,1314.0,9.36,,EC 201
2020-03-10 02:32:16.622,mijnomgeving,357518080497696,1583807536622,1.0,52.517334,5.5093648,6.0,16218.0,3.0,4.17,4.0,251.0,357518080497696.0,32.0,0.0,1583807534.0,1045.0,10.42,,EC 319
2020-03-10 02:33:11.665,mijnomgeving,357518080495088,1583807591665,255.0,2.55e-05,2.55e-05,0.0,1584.0,0.0,3.92,24.0,0.0,357518080495088.0,32.0,0.0,1583807588.0,1.0,21.35,2.988,EC 321
2020-03-10 02:33:16.619,mijnomgeving,357518080495161,1583807596619,20.0,52.4996965,5.4528367,7.0,6417941.0,0.0,4.189999999999999,5.0,223.0,357518080495161.0,32.0,0.0,1583807598.0,939.0,9.63,,EC 315
2020-03-10 02:33:24.947,mijnomgeving,357518080166754,1583807604947,2.0,52.3538123,4.9248586,7.0,21036646.0,-2.0,4.18,5.0,0.0,357518080166754.0,16.0,0.0,1583807609.0,1147.0,9.89,,EC 204
2020-03-10 02:33:35.829,mijnomgeving,357518080164395,1583807615829,3.0,51.8981914,4.423274,4.0,3613.0,-24.0,4.03,5.0,216.0,357518080164395.0,32.0,0.0,1583807608.0,940.0,10.07,,EC 241
2020-03-10 02:34:35.775,mijnomgeving,357518080495021,1583807675775,255.0,2.55e-05,2.55e-05,0.0,10938.0,0.0,3.95,15.0,0.0,357518080495021.0,32.0,0.0,1583807673.0,0.0,15.36,,EC 325
2020-03-10 02:35:34.830,mijnomgeving,357518080494818,1583807734830,24.0,52.809051,5.745225,7.0,20741.0,-22.0,4.22,5.0,220.0,357518080494818.0,32.0,0.0,1583807730.0,1582.0,10.42,,EC 309
2020-03-10 02:35:40.434,mijnomgeving,357518080166580,1583807740434,6.0,52.3599842,4.8155156,4.0,133217.0,-5.0,4.05,5.0,0.0,357518080166580.0,32.0,0.0,1583807742.0,663.0,9.27,,EC 224
2020-03-10 02:35:44.427,mijnomgeving,357518080169006,1583807744427,4.0,,,,61214.0,,3.64,4.0,,357518080169006.0,32.0,,1583807745.0,926.0,9.98,,EC 213
2020-03-10 02:36:10.860,mijnomgeving,357518080495088,1583807770860,255.0,2.55e-05,2.55e-05,0.0,1764.0,0.0,3.92,24.0,0.0,357518080495088.0,32.0,0.0,1583807768.0,2.0,21.35,2.988,EC 321
2020-03-10 02:36:27.876,mijnomgeving,357518080494859,1583807787876,0.0,52.5409827,5.5888209,7.0,15318.0,-2.0,4.16,4.0,248.0,357518080494859.0,32.0,0.0,1583807785.0,1926.0,9.8,,EC 302
2020-03-10 02:37:04.085,mijnomgeving,357518080328131,1583807824085,36.0,52.3867048,4.9177346,8.0,33346.0,3.0,3.81,5.0,246.0,357518080328131.0,32.0,0.0,1583807823.0,46.0,9.1,,EC 230
2020-03-10 02:37:17.396,mijnomgeving,357518080332257,1583807837396,5.0,51.8981792,4.4232905,6.0,23414.0,-32.0,4.08,4.0,204.0,357518080332257.0,32.0,0.0,1583807834.0,525.0,9.8,,EC 240
2020-03-10 02:37:45.405,mijnomgeving,357518080171390,1583807865405,2.0,52.0319457,5.3035548,7.0,21667538.0,-33.0,4.18,5.0,0.0,357518080171390.0,64.0,0.0,1583807868.0,816.0,10.24,,EC 202
2020-03-10 02:37:49.894,mijnomgeving,357518080494834,1583807869894,1.0,52.4257219,5.4208425,4.0,195318.0,-44.0,4.1,4.0,215.0,357518080494834.0,32.0,0.0,1583807865.0,1280.0,10.33,,EC 314
2020-03-10 02:37:59.202,mijnomgeving,357518080170889,1583807879202,3.0,52.0146012,4.2955051,8.0,85512.0,0.0,4.189999999999999,4.0,198.0,357518080170889.0,32.0,0.0,1583807878.0,815.0,10.07,,EC 236
2020-03-10 02:38:02.375,mijnomgeving,357518080330764,1583807882375,4.0,51.8209826,4.6110193,5.0,16213.0,-15.0,3.94,6.0,212.0,357518080330764.0,32.0,0.0,1583807879.0,294.0,9.45,,EC 244
2020-03-10 02:38:09.565,mijnomgeving,357518080332265,1583807889565,6.0,52.3918475,4.9377870999999995,5.0,9916.0,85.0,3.7,5.0,245.0,357518080332265.0,32.0,0.0,1583807886.0,1554.0,9.98,,EC 221
2020-03-10 02:38:29.873,mijnomgeving,357518080495187,1583807909873,1.0,52.6352714,5.8235679,5.0,215118.0,-2.0,4.24,6.0,250.0,357518080495187.0,32.0,0.0,1583807918.0,652.0,9.63,,EC 304
2020-03-10 02:38:56.042,mijnomgeving,357518080166663,1583807936042,6.0,51.8980631,4.4232558,4.0,81916.0,42.0,4.13,5.0,58.0,357518080166663.0,32.0,0.0,1583807930.0,708.0,9.8,,EC 243
2020-03-10 02:39:10.984,mijnomgeving,357518080495088,1583807950984,255.0,2.55e-05,2.55e-05,0.0,1944.0,0.0,3.92,24.0,0.0,357518080495088.0,32.0,0.0,1583807948.0,0.0,21.35,2.988,EC 321
2020-03-10 02:39:47.007,mijnomgeving,357518080494875,1583807987007,2.0,52.6579714,5.6148612,6.0,18918.0,-8.0,4.2,6.0,217.0,357518080494875.0,32.0,0.0,1583807983.0,1855.0,10.07,,EC 311
2020-03-10 02:39:52.970,mijnomgeving,357518080495112,1583807992970,1.0,52.8374461,5.7139509,7.0,60318.0,-6.0,4.21,5.0,17.0,357518080495112.0,32.0,0.0,1583807990.0,1732.0,10.33,,EC 306
2020-03-10 02:40:34.037,mijnomgeving,357518080494909,1583808034037,0.0,52.2260393,5.1748571,6.0,390618.0,36.0,4.16,3.0,216.0,357518080494909.0,32.0,0.0,1583808049.0,136.0,8.83,,EC 329
2020-03-10 02:40:43.717,mijnomgeving,357518080163173,1583808043717,2.0,52.7217917,6.8191452,6.0,38711.0,19.0,3.96,3.0,15.0,357518080163173.0,32.0,0.0,1583808042.0,612.0,9.45,,EC 231
2020-03-10 02:41:14.067,mijnomgeving,357518080495146,1583808074067,0.0,52.3869803,5.3122641999999995,7.0,57618.0,-1.0,4.17,6.0,34.0,357518080495146.0,32.0,0.0,1583808071.0,1695.0,9.98,,EC 317
2020-03-10 02:41:20.504,mijnomgeving,357518080167000,1583808080504,2.0,52.1738993,5.0358335,7.0,93613.0,10.0,4.13,4.0,0.0,357518080167000.0,32.0,0.0,1583808081.0,617.0,9.36,,EC 228
2020-03-10 02:41:29.040,mijnomgeving,357518080497423,1583808089040,0.0,52.5229783,5.5901952,8.0,295218.0,-8.0,4.17,4.0,16.0,357518080497423.0,32.0,0.0,1583808097.0,2209.0,10.33,,EC 318
2020-03-10 02:41:29.108,mijnomgeving,357518080495203,1583808089108,1.0,52.2260612,5.1747001,5.0,138618.0,36.0,4.17,4.0,6.0,357518080495203.0,32.0,0.0,1583808091.0,132.0,9.1,,EC 324
2020-03-10 02:41:44.065,mijnomgeving,357518080494768,1583808104065,7.0,52.4161819,5.2271806,5.0,103523.0,84.0,4.21,6.0,240.0,357518080494768.0,32.0,3.0,1583808099.0,1253.0,9.89,,EC 305
2020-03-10 02:41:51.501,mijnomgeving,357518080163249,1583808111501,4.0,,,,63913.0,,4.17,7.0,,357518080163249.0,32.0,,1583808110.0,510.0,9.72,,EC 212
2020-03-10 02:41:51.938,mijnomgeving,357518080203151,1583808111938,20.0,52.4207966,4.8602407,5.0,21631554.0,-20.0,4.18,5.0,240.0,357518080203151.0,16.0,0.0,1583808108.0,73.0,9.72,,EC Prototype 001
2020-03-10 02:42:05.211,mijnomgeving,357518080168917,1583808125211,2.0,52.3405892,4.9254542,4.0,21659466.0,-18.0,3.99,4.0,0.0,357518080168917.0,16.0,0.0,1583808119.0,69.0,8.92,,EC 209
2020-03-10 02:42:05.222,mijnomgeving,357518080494776,1583808125222,1.0,52.2259968,5.1754447,5.0,199818.0,58.0,4.17,4.0,220.0,357518080494776.0,32.0,0.0,1583808128.0,136.0,8.75,,EC 330
2020-03-10 02:42:05.237,mijnomgeving,357518080495088,1583808125237,255.0,2.55e-05,2.55e-05,0.0,2115.0,0.0,3.93,24.0,0.0,357518080495088.0,32.0,0.0,1583808119.0,1.0,21.35,2.988,EC 321
2020-03-10 02:42:14.535,mijnomgeving,357518080330582,1583808134535,4.0,52.3733566,4.9458984,4.0,36913.0,-18.0,4.09,6.0,0.0,357518080330582.0,32.0,0.0,1583808133.0,1686.0,9.89,,EC 219
2020-03-10 02:42:22.247,mijnomgeving,357518080497662,1583808142247,0.0,52.2261524,5.1744873,6.0,46827.0,23.0,4.21,6.0,242.0,357518080497662.0,32.0,0.0,1583808134.0,142.0,8.92,,EC 328
2020-03-10 02:42:59.276,mijnomgeving,357518080497639,1583808179276,1.0,52.6591806,5.6607807999999995,6.0,8118.0,-10.0,4.2,5.0,26.0,357518080497639.0,32.0,0.0,1583808176.0,2195.0,10.16,,EC 308
2020-03-10 02:43:12.509,mijnomgeving,357518080163405,1583808192509,2.0,52.3728394,4.9161652,4.0,12613.0,-8.0,4.13,3.0,0.0,357518080163405.0,32.0,0.0,1583808190.0,1749.0,9.63,,EC 226
2020-03-10 02:43:24.107,mijnomgeving,357518080165368,1583808204107,17.0,52.3397678,4.9108225999999995,7.0,20619977.0,-3.0,3.76,4.0,2.0,357518080165368.0,16.0,0.0,1583808214.0,1195.0,9.98,,EC 208
2020-03-10 02:43:25.288,mijnomgeving,357518080495104,1583808205288,1.0,52.3373877,5.5374861,7.0,76517.0,0.0,4.12,7.0,2.0,357518080495104.0,32.0,0.0,1583808205.0,811.0,10.51,,EC 312
2020-03-10 02:43:38.294,mijnomgeving,357518080495526,1583808218294,1.0,52.2260765,5.1747354,6.0,36918.0,-7.0,4.15,4.0,31.0,357518080495526.0,32.0,0.0,1583808211.0,135.0,8.66,,EC 327
2020-03-10 02:44:10.409,mijnomgeving,357518080495682,1583808250409,10.0,52.5495137,5.5881509,4.0,36928.0,-34.0,4.18,5.0,250.0,357518080495682.0,32.0,0.0,1583808230.0,1812.0,9.98,,EC 316
2020-03-10 02:44:27.932,mijnomgeving,357518080166960,1583808267932,17.0,52.7138767,6.8788298,8.0,133227.0,6.0,3.96,4.0,0.0,357518080166960.0,32.0,0.0,1583808269.0,533.0,9.89,,EC 232
2020-03-10 02:44:43.517,mijnomgeving,357518080495120,1583808283517,1.0,52.3337187,5.3125972,4.0,39618.0,-34.0,4.18,4.0,0.0,357518080495120.0,32.0,0.0,1583808278.0,1487.0,9.72,,EC 303
2020-03-10 02:45:11.579,mijnomgeving,357518080495088,1583808311579,255.0,2.55e-05,2.55e-05,0.0,2304.0,0.0,3.92,24.0,0.0,357518080495088.0,32.0,0.0,1583808308.0,2.0,21.35,2.988,EC 321
2020-03-10 02:45:14.554,mijnomgeving,357518080494826,1583808314554,1.0,52.2261013,5.1747245,6.0,96318.0,34.0,4.17,6.0,13.0,357518080494826.0,32.0,0.0,1583808315.0,130.0,8.57,,EC 323
2020-03-10 02:45:16.496,mijnomgeving,357518080495047,1583808316496,0.0,52.2259831,5.1747521,6.0,21618.0,33.0,4.17,6.0,252.0,357518080495047.0,32.0,0.0,1583808314.0,134.0,8.92,,EC 322
2020-03-10 02:45:28.539,mijnomgeving,357518080495153,1583808328539,0.0,52.5788583,5.7568715,6.0,4517.0,3.0,4.189999999999999,4.0,4.0,357518080495153.0,32.0,0.0,1583808325.0,2560.0,9.89,,EC 313
2020-03-10 02:45:59.588,mijnomgeving,357518080495534,1583808359588,0.0,52.532702,5.5930987,9.0,14418.0,-3.0,4.2,6.0,216.0,357518080495534.0,32.0,0.0,1583808354.0,2162.0,9.89,,EC 307
2020-03-10 02:46:06.546,mijnomgeving,357518080165475,1583808366546,3.0,52.3722649,4.9254876,4.0,13163448.0,12.0,4.12,5.0,0.0,357518080165475.0,1.0,0.0,1583808380.0,1331.0,9.27,,EC 201
2020-03-10 02:46:13.607,mijnomgeving,357518080495070,1583808373607,255.0,2.55e-05,2.55e-05,0.0,25338.0,0.0,4.04,23.0,0.0,357518080495070.0,32.0,0.0,1583808371.0,0.0,21.0,,EC 320
2020-03-10 02:46:18.587,mijnomgeving,357518080494982,1583808378587,1.0,52.2261893,5.1746803,9.0,44118.0,19.0,4.17,5.0,0.0,357518080494982.0,32.0,0.0,1583808376.0,136.0,8.75,,EC 326
2020-03-10 02:47:16.821,mijnomgeving,357518080497696,1583808436821,1.0,52.5172581,5.5094382,6.0,17118.0,4.0,4.16,4.0,44.0,357518080497696.0,32.0,0.0,1583808434.0,1046.0,10.42,,EC 319
2020-03-10 02:48:01.854,mijnomgeving,357518080495088,1583808481854,255.0,2.55e-05,2.55e-05,0.0,2475.0,0.0,3.92,24.0,0.0,357518080495088.0,32.0,0.0,1583808479.0,1.0,21.35,2.988,EC 321
2020-03-10 02:48:03.843,mijnomgeving,357518080495161,1583808483843,1.0,52.4996786,5.4527073,7.0,6418821.0,-8.0,4.189999999999999,4.0,9.0,357518080495161.0,32.0,1.0,1583808478.0,938.0,9.63,,EC 315
2020-03-10 02:48:30.765,mijnomgeving,357518080166754,1583808510765,2.0,52.3538642,4.9248293,6.0,21037546.0,-17.0,4.17,4.0,239.0,357518080166754.0,16.0,0.0,1583808509.0,1161.0,9.89,,EC 204
2020-03-10 02:48:48.270,mijnomgeving,357518080164395,1583808528270,20.0,51.8982212,4.4230466,5.0,4530.0,-45.0,4.03,5.0,221.0,357518080164395.0,32.0,0.0,1583808525.0,883.0,10.07,,EC 241
2020-03-10 02:49:19.968,mijnomgeving,357518080495021,1583808559968,94.0,53.1563981,7.0209304,4.0,11820.0,-35.0,3.95,15.0,0.0,357518080495021.0,32.0,0.0,1583808555.0,0.0,15.36,,EC 325
2020-03-10 02:50:12.000,mijnomgeving,357518080494818,1583808612000,3.0,52.8092842,5.7452535000000005,5.0,21620.0,0.0,4.22,5.0,15.0,357518080494818.0,32.0,0.0,1583808609.0,1599.0,10.33,,EC 309
2020-03-10 02:50:43.356,mijnomgeving,357518080169006,1583808643356,3.0,,,,62113.0,,3.64,5.0,,357518080169006.0,32.0,,1583808644.0,918.0,9.98,,EC 213
2020-03-10 02:50:46.335,mijnomgeving,357518080166580,1583808646335,12.0,52.3601833,4.8156519,5.0,134123.0,0.0,4.04,5.0,27.0,357518080166580.0,32.0,12.0,1583808648.0,661.0,9.27,,EC 224
2020-03-10 02:51:02.117,mijnomgeving,357518080495088,1583808662117,255.0,2.55e-05,2.55e-05,0.0,2655.0,0.0,3.92,24.0,0.0,357518080495088.0,32.0,0.0,1583808659.0,1.0,21.35,2.988,EC 321
2020-03-10 02:51:28.212,mijnomgeving,357518080494859,1583808688212,1.0,52.5409869,5.5888264,7.0,16218.0,3.0,4.16,4.0,216.0,357518080494859.0,32.0,0.0,1583808685.0,1928.0,9.8,,EC 302
2020-03-10 02:51:30.910,mijnomgeving,357518080328131,1583808690910,3.0,52.386837,4.9176148,7.0,34213.0,1.0,3.81,5.0,252.0,357518080328131.0,32.0,1.0,1583808690.0,46.0,9.1,,EC 230
2020-03-10 02:52:14.122,mijnomgeving,357518080332257,1583808734122,2.0,51.8983436,4.4233427,6.0,24311.0,-14.0,4.08,5.0,0.0,357518080332257.0,32.0,0.0,1583808731.0,529.0,9.8,,EC 240
2020-03-10 02:52:46.528,mijnomgeving,357518080171390,1583808766528,2.0,52.0319869,5.3033185,8.0,21668438.0,-5.0,4.18,5.0,55.0,357518080171390.0,64.0,0.0,1583808768.0,819.0,10.24,,EC 202
2020-03-10 02:52:49.427,mijnomgeving,357518080494834,1583808769427,1.0,52.4257107,5.4208668,4.0,196218.0,-36.0,4.11,4.0,240.0,357518080494834.0,32.0,0.0,1583808765.0,1281.0,10.33,,EC 314
2020-03-10 02:52:57.227,mijnomgeving,357518080170889,1583808777227,2.0,52.014611,4.2955351,8.0,86411.0,4.0,4.189999999999999,3.0,241.0,357518080170889.0,32.0,0.0,1583808777.0,770.0,10.24,,EC 236
2020-03-10 02:53:02.267,mijnomgeving,357518080330764,1583808782267,4.0,51.8210533,4.6110295,5.0,17113.0,-1.0,3.93,6.0,39.0,357518080330764.0,32.0,0.0,1583808779.0,323.0,9.45,,EC 244
2020-03-10 02:53:31.544,mijnomgeving,357518080495187,1583808811544,1.0,52.6352264,5.823605,5.0,216018.0,6.0,4.24,6.0,11.0,357518080495187.0,32.0,0.0,1583808818.0,650.0,9.63,,EC 304
2020-03-10 02:53:47.856,mijnomgeving,357518080166663,1583808827856,3.0,51.8979306,4.4233344,5.0,82813.0,31.0,4.13,6.0,0.0,357518080166663.0,32.0,0.0,1583808827.0,725.0,9.8,,EC 243
2020-03-10 02:53:56.115,mijnomgeving,357518080332265,1583808836115,31.0,52.3921214,4.937422,8.0,10841.0,-2.0,3.7,5.0,0.0,357518080332265.0,32.0,0.0,1583808811.0,1556.0,9.98,,EC 221
2020-03-10 02:54:02.496,mijnomgeving,357518080495088,1583808842496,255.0,2.55e-05,2.55e-05,0.0,2835.0,0.0,3.92,24.0,0.0,357518080495088.0,32.0,0.0,1583808839.0,1.0,21.35,2.988,EC 321
2020-03-10 02:54:46.572,mijnomgeving,357518080494875,1583808886572,1.0,52.6579356,5.6148041,7.0,19818.0,-42.0,4.2,6.0,207.0,357518080494875.0,32.0,1.0,1583808883.0,1858.0,10.07,,EC 311
2020-03-10 02:54:50.951,mijnomgeving,357518080495112,1583808890951,1.0,52.8374249,5.7139997000000005,6.0,61218.0,-9.0,4.21,5.0,38.0,357518080495112.0,32.0,0.0,1583808890.0,1727.0,10.33,,EC 306
2020-03-10 02:55:35.773,mijnomgeving,357518080494909,1583808935773,1.0,52.2259607,5.1748204,5.0,391518.0,47.0,4.17,3.0,232.0,357518080494909.0,32.0,0.0,1583808950.0,135.0,8.83,,EC 329
2020-03-10 02:55:44.838,mijnomgeving,357518080163173,1583808944838,3.0,52.7217914,6.8191481,6.0,39612.0,24.0,3.95,3.0,0.0,357518080163173.0,32.0,0.0,1583808943.0,609.0,9.45,,EC 231
2020-03-10 02:56:11.796,mijnomgeving,357518080495146,1583808971796,1.0,52.386933,5.312271,5.0,58518.0,15.0,4.17,5.0,238.0,357518080495146.0,32.0,0.0,1583808971.0,1691.0,9.98,,EC 317
2020-03-10 02:56:23.531,mijnomgeving,357518080167000,1583808983531,5.0,52.1741258,5.0358169,5.0,94516.0,-12.0,4.13,4.0,0.0,357518080167000.0,32.0,0.0,1583808984.0,620.0,9.36,,EC 228
2020-03-10 02:56:29.770,mijnomgeving,357518080495203,1583808989770,1.0,52.2263152,5.1746573,5.0,139518.0,9.0,4.17,5.0,2.0,357518080495203.0,32.0,0.0,1583808991.0,131.0,9.1,,EC 324
2020-03-10 02:56:31.764,mijnomgeving,357518080494768,1583808991764,1.0,52.4166953,5.2265644,5.0,104417.0,-23.0,4.21,6.0,241.0,357518080494768.0,32.0,2.0,1583808993.0,1252.0,9.89,,EC 305
2020-03-10 02:56:38.741,mijnomgeving,357518080497423,1583808998741,1.0,52.522943,5.5902149,8.0,296118.0,-4.0,4.17,4.0,58.0,357518080497423.0,32.0,0.0,1583808997.0,2209.0,10.33,,EC 318
2020-03-10 02:56:48.474,mijnomgeving,357518080163249,1583809008474,1.0,,,,64810.0,,4.17,6.0,,357518080163249.0,32.0,,1583809007.0,507.0,9.72,,EC 212
2020-03-10 02:56:53.533,mijnomgeving,357518080168917,1583809013533,2.0,52.340518,4.9255709,4.0,21660366.0,-5.0,3.99,4.0,0.0,357518080168917.0,16.0,0.0,1583809019.0,70.0,9.1,,EC 209
2020-03-10 02:57:06.965,mijnomgeving,357518080497662,1583809026965,0.0,52.2260616,5.1744411,5.0,47718.0,38.0,4.2,6.0,240.0,357518080497662.0,32.0,3.0,1583809024.0,144.0,8.92,,EC 328
2020-03-10 02:57:11.907,mijnomgeving,357518080495088,1583809031907,255.0,2.55e-05,2.55e-05,0.0,3024.0,0.0,3.93,24.0,0.0,357518080495088.0,32.0,0.0,1583809028.0,1.0,21.35,2.988,EC 321
2020-03-10 02:57:14.347,mijnomgeving,357518080330582,1583809034347,4.0,52.373341,4.9459043,4.0,37813.0,-2.0,4.09,6.0,247.0,357518080330582.0,32.0,0.0,1583809033.0,1647.0,9.89,,EC 219
2020-03-10 02:57:15.078,mijnomgeving,357518080203151,1583809035078,3.0,52.4207356,4.8601081,5.0,21632437.0,20.0,4.18,5.0,49.0,357518080203151.0,16.0,1.0,1583808991.0,71.0,9.72,,EC Prototype 001
2020-03-10 02:57:26.987,mijnomgeving,357518080494776,1583809046987,24.0,52.2265872,5.1728013,4.0,200741.0,-129.0,4.16,6.0,222.0,357518080494776.0,32.0,3.0,1583809051.0,136.0,8.75,,EC 330
2020-03-10 02:58:01.946,mijnomgeving,357518080497639,1583809081946,1.0,52.659175,5.6607923,6.0,9018.0,-6.0,4.2,6.0,56.0,357518080497639.0,32.0,0.0,1583809076.0,2195.0,10.16,,EC 308
2020-03-10 02:58:15.005,mijnomgeving,357518080163405,1583809095005,4.0,52.3728755,4.9157987,4.0,13515.0,2.0,4.14,4.0,0.0,357518080163405.0,32.0,0.0,1583809092.0,1751.0,9.63,,EC 226
2020-03-10 02:58:27.038,mijnomgeving,357518080495104,1583809107038,1.0,52.337416,5.5374285,7.0,77417.0,-8.0,4.12,7.0,13.0,357518080495104.0,32.0,0.0,1583809105.0,812.0,10.42,,EC 312
2020-03-10 02:58:30.499,mijnomgeving,357518080165368,1583809110499,22.0,52.3395854,4.9109031,7.0,20620881.0,32.0,3.76,5.0,0.0,357518080165368.0,16.0,0.0,1583809118.0,1163.0,9.98,,EC 208
2020-03-10 02:58:35.011,mijnomgeving,357518080495526,1583809115011,1.0,52.226016,5.1747163,6.0,37818.0,-4.0,4.15,4.0,239.0,357518080495526.0,32.0,0.0,1583809111.0,135.0,8.75,,EC 327
2020-03-10 02:58:50.024,mijnomgeving,357518080495682,1583809130024,4.0,52.5495027,5.5881785,4.0,37822.0,-42.0,4.18,5.0,39.0,357518080495682.0,32.0,1.0,1583809124.0,1797.0,9.98,,EC 316
2020-03-10 02:59:28.994,mijnomgeving,357518080166960,1583809168994,19.0,52.7139351,6.8789229,7.0,134129.0,1.0,3.96,4.0,0.0,357518080166960.0,32.0,0.0,1583809171.0,531.0,9.98,,EC 232
2020-03-10 02:59:40.097,mijnomgeving,357518080495120,1583809180097,0.0,52.3337717,5.3128919,4.0,40517.0,-62.0,4.18,4.0,213.0,357518080495120.0,32.0,0.0,1583809177.0,1489.0,9.72,,EC 303
2020-03-10 03:00:03.397,mijnomgeving,357518080495088,1583809203397,255.0,2.55e-05,2.55e-05,0.0,3195.0,0.0,3.92,24.0,0.0,357518080495088.0,32.0,0.0,1583809199.0,1.0,21.35,2.988,EC 321
2020-03-10 03:00:14.139,mijnomgeving,357518080494826,1583809214139,1.0,52.2262617,5.1746467,6.0,97218.0,15.0,4.18,6.0,8.0,357518080494826.0,32.0,0.0,1583809215.0,130.0,8.57,,EC 323
2020-03-10 03:00:18.280,mijnomgeving,357518080495047,1583809218280,1.0,52.2261763,5.1747023,6.0,22518.0,15.0,4.17,5.0,14.0,357518080495047.0,32.0,0.0,1583809214.0,133.0,8.92,,EC 322
2020-03-10 03:00:29.133,mijnomgeving,357518080495153,1583809229133,0.0,52.5789586,5.7568362,6.0,5417.0,-11.0,4.189999999999999,5.0,240.0,357518080495153.0,32.0,0.0,1583809225.0,2556.0,9.89,,EC 313
2020-03-10 03:01:01.182,mijnomgeving,357518080495534,1583809261182,1.0,52.5327188,5.5930935,10.0,15318.0,-9.0,4.2,6.0,13.0,357518080495534.0,32.0,0.0,1583809254.0,2173.0,9.8,,EC 307
2020-03-10 03:01:05.764,mijnomgeving,357518080165475,1583809265764,3.0,52.3721013,4.9253883,4.0,13164349.0,-5.0,4.12,5.0,53.0,357518080165475.0,1.0,1.0,1583809280.0,1331.0,9.36,,EC 201
2020-03-10 03:01:14.157,mijnomgeving,357518080495070,1583809274157,255.0,2.55e-05,2.55e-05,0.0,26238.0,0.0,4.04,23.0,0.0,357518080495070.0,32.0,0.0,1583809271.0,0.0,21.09,,EC 320
2020-03-10 03:01:17.172,mijnomgeving,357518080494982,1583809277172,1.0,52.2261822,5.1746609,9.0,45018.0,23.0,4.17,6.0,210.0,357518080494982.0,32.0,0.0,1583809276.0,137.0,8.75,,EC 326
2020-03-10 03:02:17.288,mijnomgeving,357518080497696,1583809337288,1.0,52.5172335,5.5093986,6.0,18018.0,-14.0,4.17,4.0,0.0,357518080497696.0,32.0,0.0,1583809334.0,1044.0,10.42,,EC 319
2020-03-10 03:02:55.340,mijnomgeving,357518080495161,1583809375340,1.0,52.499772899999996,5.452764,6.0,6419722.0,8.0,4.189999999999999,5.0,240.0,357518080495161.0,32.0,2.0,1583809379.0,939.0,9.63,,EC 315
2020-03-10 03:03:02.318,mijnomgeving,357518080495088,1583809382318,255.0,2.55e-05,2.55e-05,0.0,3375.0,0.0,3.92,24.0,0.0,357518080495088.0,32.0,0.0,1583809379.0,1.0,21.35,2.988,EC 321
2020-03-10 03:03:20.368,mijnomgeving,357518080495021,1583809400368,45.0,53.1561621,7.0213179,4.0,12662.0,-29.0,3.95,14.0,254.0,357518080495021.0,32.0,1.0,1583809397.0,0.0,15.27,,EC 325
2020-03-10 03:03:31.898,mijnomgeving,357518080166754,1583809411898,3.0,52.3537931,4.9248472,6.0,21038447.0,0.0,4.18,5.0,3.0,357518080166754.0,16.0,1.0,1583809410.0,1144.0,9.89,,EC 204
2020-03-10 03:03:32.530,mijnomgeving,357518080164395,1583809412530,4.0,51.8982319,4.4234497,4.0,5414.0,31.0,4.03,5.0,0.0,357518080164395.0,32.0,0.0,1583809409.0,863.0,10.07,,EC 241
2020-03-10 03:05:12.599,mijnomgeving,357518080494818,1583809512599,3.0,52.8093557,5.7453377,5.0,22520.0,28.0,4.21,5.0,22.0,357518080494818.0,32.0,0.0,1583809509.0,1605.0,10.33,,EC 309
2020-03-10 03:05:43.480,mijnomgeving,357518080169006,1583809543480,3.0,,,,63013.0,,3.64,5.0,,357518080169006.0,32.0,,1583809544.0,906.0,9.98,,EC 213
2020-03-10 03:05:59.641,mijnomgeving,357518080166580,1583809559641,15.0,52.3603864,4.8158199,5.0,135026.0,-32.0,4.04,5.0,14.0,357518080166580.0,32.0,3.0,1583809551.0,663.0,9.27,,EC 224
2020-03-10 03:06:01.709,mijnomgeving,357518080495088,1583809561709,255.0,2.55e-05,2.55e-05,0.0,3555.0,0.0,3.92,24.0,0.0,357518080495088.0,32.0,0.0,1583809559.0,1.0,21.35,2.988,EC 321
2020-03-10 03:06:27.723,mijnomgeving,357518080494859,1583809587723,1.0,52.5409755,5.5888318,7.0,17118.0,-4.0,4.16,4.0,246.0,357518080494859.0,32.0,0.0,1583809585.0,1931.0,9.8,,EC 302
2020-03-10 03:06:29.791,mijnomgeving,357518080328131,1583809589791,2.0,52.3865517,4.9177734,6.0,35112.0,4.0,3.81,6.0,0.0,357518080328131.0,32.0,1.0,1583809589.0,45.0,9.1,,EC 230
2020-03-10 03:07:15.170,mijnomgeving,357518080332257,1583809635170,3.0,51.8980932,4.4234254,6.0,25213.0,-15.0,4.08,5.0,0.0,357518080332257.0,32.0,1.0,1583809633.0,533.0,9.8,,EC 240
2020-03-10 03:07:42.495,mijnomgeving,357518080171390,1583809662495,2.0,52.0318722,5.3036311,8.0,21669338.0,9.0,4.18,5.0,0.0,357518080171390.0,64.0,0.0,1583809668.0,819.0,10.24,,EC 202
2020-03-10 03:07:48.857,mijnomgeving,357518080494834,1583809668857,1.0,52.4257312,5.4207677,4.0,197118.0,-32.0,4.1,4.0,0.0,357518080494834.0,32.0,0.0,1583809665.0,1267.0,10.24,,EC 314
2020-03-10 03:08:09.114,mijnomgeving,357518080332265,1583809689114,6.0,52.3921332,4.9373704,7.0,11716.0,-19.0,3.7,5.0,51.0,357518080332265.0,32.0,0.0,1583809686.0,1556.0,9.98,,EC 221
2020-03-10 03:08:10.121,mijnomgeving,357518080330764,1583809690121,6.0,51.8209437,4.6107439,4.0,18015.0,-23.0,3.93,6.0,208.0,357518080330764.0,32.0,0.0,1583809681.0,326.0,9.45,,EC 244
2020-03-10 03:08:14.740,mijnomgeving,357518080170889,1583809694740,2.0,52.0146128,4.2955352,6.0,87328.0,4.0,4.189999999999999,4.0,50.0,357518080170889.0,32.0,3.0,1583809694.0,756.0,10.33,,EC 236
2020-03-10 03:08:28.844,mijnomgeving,357518080495187,1583809708844,1.0,52.6352146,5.8236286,5.0,216918.0,-1.0,4.24,6.0,13.0,357518080495187.0,32.0,0.0,1583809718.0,649.0,9.63,,EC 304
2020-03-10 03:08:55.192,mijnomgeving,357518080166663,1583809735192,7.0,51.89808,4.4232242,4.0,83717.0,28.0,4.13,6.0,10.0,357518080166663.0,32.0,0.0,1583809731.0,733.0,9.8,,EC 243
2020-03-10 03:09:02.876,mijnomgeving,357518080495088,1583809742876,255.0,2.55e-05,2.55e-05,0.0,3735.0,0.0,3.92,24.0,0.0,357518080495088.0,32.0,0.0,1583809739.0,0.0,21.35,2.988,EC 321
2020-03-10 03:09:44.881,mijnomgeving,357518080494875,1583809784881,1.0,52.6578901,5.6148961,5.0,20718.0,-13.0,4.2,6.0,215.0,357518080494875.0,32.0,0.0,1583809782.0,1863.0,10.07,,EC 311
2020-03-10 03:09:50.837,mijnomgeving,357518080495112,1583809790837,1.0,52.8373283,5.7140196,6.0,62118.0,-3.0,4.21,5.0,246.0,357518080495112.0,32.0,1.0,1583809790.0,1735.0,10.33,,EC 306
2020-03-10 03:10:33.987,mijnomgeving,357518080494909,1583809833987,0.0,52.2261806,5.1756042,5.0,392418.0,66.0,4.16,4.0,56.0,357518080494909.0,32.0,3.0,1583809849.0,136.0,8.83,,EC 329
2020-03-10 03:10:43.401,mijnomgeving,357518080163173,1583809843401,2.0,52.7217323,6.8191944,6.0,40511.0,20.0,3.95,3.0,5.0,357518080163173.0,32.0,0.0,1583809842.0,610.0,9.45,,EC 231
2020-03-10 03:11:23.058,mijnomgeving,357518080167000,1583809883058,4.0,52.1739199,5.0359226,5.0,95414.0,-13.0,4.13,4.0,0.0,357518080167000.0,32.0,0.0,1583809882.0,619.0,9.36,,EC 228
2020-03-10 03:11:34.306,mijnomgeving,357518080497423,1583809894306,1.0,52.5229924,5.5902114,7.0,297018.0,-9.0,4.17,4.0,13.0,357518080497423.0,32.0,0.0,1583809897.0,2203.0,10.33,,EC 318
2020-03-10 03:11:34.360,mijnomgeving,357518080495146,1583809894360,24.0,52.3869277,5.3122184,6.0,59441.0,-2.0,4.17,6.0,20.0,357518080495146.0,32.0,0.0,1583809894.0,1684.0,9.98,,EC 317
2020-03-10 03:11:38.973,mijnomgeving,357518080494768,1583809898973,2.0,52.4165719,5.2265443,4.0,105318.0,-30.0,4.21,6.0,5.0,357518080494768.0,32.0,1.0,1583809894.0,1251.0,9.89,,EC 305
2020-03-10 03:11:41.955,mijnomgeving,357518080495203,1583809901955,13.0,52.2260341,5.1747475,6.0,140430.0,18.0,4.17,5.0,248.0,357518080495203.0,32.0,0.0,1583809903.0,132.0,9.1,,EC 324
2020-03-10 03:11:51.328,mijnomgeving,357518080203151,1583809911328,4.0,52.420816,4.8601728,4.0,21633338.0,-3.0,4.18,6.0,229.0,357518080203151.0,16.0,0.0,1583809892.0,72.0,9.72,,EC Prototype 001
2020-03-10 03:11:56.593,mijnomgeving,357518080163249,1583809916593,9.0,,,,65718.0,,4.17,6.0,,357518080163249.0,32.0,,1583809915.0,497.0,9.63,,EC 212
2020-03-10 03:11:59.562,mijnomgeving,357518080168917,1583809919562,5.0,52.3402602,4.9250928,4.0,21661270.0,39.0,3.99,4.0,30.0,357518080168917.0,16.0,1.0,1583809923.0,67.0,9.27,,EC 209
2020-03-10 03:12:03.070,mijnomgeving,357518080495088,1583809923070,255.0,2.55e-05,2.55e-05,0.0,3915.0,0.0,3.92,24.0,0.0,357518080495088.0,32.0,0.0,1583809919.0,0.0,21.35,2.988,EC 321
2020-03-10 03:12:06.017,mijnomgeving,357518080494776,1583809926017,2.0,52.2261867,5.1745503,4.0,201619.0,-16.0,4.16,5.0,22.0,357518080494776.0,32.0,1.0,1583809929.0,136.0,8.75,,EC 330
2020-03-10 03:12:29.061,mijnomgeving,357518080497662,1583809949061,23.0,52.2262917,5.17474,5.0,48641.0,20.0,4.21,7.0,11.0,357518080497662.0,32.0,0.0,1583809948.0,142.0,8.92,,EC 328
2020-03-10 03:12:39.822,mijnomgeving,357518080330582,1583809959822,29.0,52.3731342,4.9460266,7.0,38738.0,-3.0,4.09,7.0,16.0,357518080330582.0,32.0,0.0,1583809958.0,1656.0,9.89,,EC 219
2020-03-10 03:12:59.079,mijnomgeving,357518080497639,1583809979079,1.0,52.6592213,5.6607541999999995,6.0,9918.0,-7.0,4.21,6.0,18.0,357518080497639.0,32.0,0.0,1583809976.0,2190.0,10.16,,EC 308
2020-03-10 03:13:26.099,mijnomgeving,357518080495104,1583810006099,0.0,52.3374482,5.5374023,6.0,78317.0,5.0,4.12,7.0,0.0,357518080495104.0,32.0,0.0,1583810005.0,811.0,10.42,,EC 312
2020-03-10 03:13:39.412,mijnomgeving,357518080163405,1583810019412,29.0,52.3729159,4.9159729,7.0,14440.0,-5.0,4.14,4.0,0.0,357518080163405.0,32.0,0.0,1583810017.0,1729.0,9.63,,EC 226
2020-03-10 03:13:44.135,mijnomgeving,357518080495526,1583810024135,0.0,52.2260696,5.1746801,8.0,38727.0,4.0,4.15,4.0,254.0,357518080495526.0,32.0,0.0,1583810020.0,136.0,8.75,,EC 327
2020-03-10 03:14:02.418,mijnomgeving,357518080165368,1583810042418,24.0,52.3397317,4.9108471,5.0,20621783.0,2.0,3.76,5.0,9.0,357518080165368.0,16.0,0.0,1583810020.0,1169.0,9.89,,EC 208
2020-03-10 03:14:05.742,mijnomgeving,357518080166580,1583810045742,0.0,52.3597254,4.8155763,5.0,51.0,60.0,4.04,6.0,12.0,357518080166580.0,32.0,0.0,1583810042.0,657.0,9.27,,EC 224
2020-03-10 03:14:06.174,mijnomgeving,357518080495682,1583810046174,7.0,52.5495042,5.5882715,4.0,38725.0,-5.0,4.18,5.0,0.0,357518080495682.0,32.0,0.0,1583810027.0,1786.0,9.89,,EC 316
2020-03-10 03:14:38.456,mijnomgeving,357518080166960,1583810078456,30.0,52.7139095,6.8788342,5.0,135039.0,19.0,3.96,4.0,0.0,357518080166960.0,32.0,1.0,1583810081.0,532.0,9.98,,EC 232
2020-03-10 03:14:48.634,mijnomgeving,357518080495120,1583810088634,8.0,52.3337962,5.312651,6.0,41426.0,-17.0,4.18,5.0,247.0,357518080495120.0,32.0,0.0,1583810086.0,1485.0,9.72,,EC 303
2020-03-10 03:15:01.635,mijnomgeving,357518080495088,1583810101635,255.0,2.55e-05,2.55e-05,0.0,4095.0,0.0,3.92,24.0,0.0,357518080495088.0,32.0,0.0,1583810099.0,1.0,21.35,2.988,EC 321
2020-03-10 03:15:13.657,mijnomgeving,357518080494826,1583810113657,1.0,52.2260973,5.1747216,5.0,98118.0,12.0,4.17,7.0,11.0,357518080494826.0,32.0,0.0,1583810115.0,131.0,8.57,,EC 323
2020-03-10 03:15:28.607,mijnomgeving,357518080495153,1583810128607,0.0,52.5788406,5.7568803,5.0,6317.0,-15.0,4.189999999999999,5.0,3.0,357518080495153.0,32.0,0.0,1583810125.0,2572.0,9.89,,EC 313
2020-03-10 03:15:40.625,mijnomgeving,357518080495047,1583810140625,24.0,52.2261751,5.1747011,7.0,23442.0,14.0,4.17,6.0,11.0,357518080495047.0,32.0,0.0,1583810138.0,132.0,8.92,,EC 322
2020-03-10 03:16:00.339,mijnomgeving,357518080495534,1583810160339,0.0,52.532731,5.5930946,9.0,16218.0,-6.0,4.21,6.0,246.0,357518080495534.0,32.0,0.0,1583810154.0,2196.0,9.8,,EC 307
2020-03-10 03:16:06.228,mijnomgeving,357518080165475,1583810166228,3.0,52.372515,4.9265046,4.0,13165249.0,32.0,4.12,5.0,0.0,357518080165475.0,1.0,0.0,1583810180.0,1332.0,9.36,,EC 201
2020-03-10 03:16:13.647,mijnomgeving,357518080495070,1583810173647,255.0,2.55e-05,2.55e-05,0.0,27138.0,0.0,4.04,24.0,0.0,357518080495070.0,32.0,0.0,1583810171.0,1.0,21.09,,EC 320
2020-03-10 03:16:16.643,mijnomgeving,357518080494982,1583810176643,1.0,52.226188,5.1746944,7.0,45918.0,9.0,4.17,6.0,20.0,357518080494982.0,32.0,0.0,1583810176.0,137.0,8.75,,EC 326
2020-03-10 03:17:15.791,mijnomgeving,357518080497696,1583810235791,1.0,52.5175377,5.5088737,5.0,18918.0,11.0,4.16,5.0,6.0,357518080497696.0,32.0,0.0,1583810234.0,1044.0,10.42,,EC 319
2020-03-10 03:17:51.807,mijnomgeving,357518080495161,1583810271807,1.0,52.4996553,5.452844,5.0,6420622.0,0.0,4.189999999999999,5.0,13.0,357518080495161.0,32.0,1.0,1583810279.0,939.0,9.63,,EC 315
2020-03-10 03:18:01.849,mijnomgeving,357518080495088,1583810281849,255.0,2.55e-05,2.55e-05,0.0,4275.0,0.0,3.92,24.0,0.0,357518080495088.0,32.0,0.0,1583810279.0,0.0,21.35,2.988,EC 321
2020-03-10 03:18:33.664,mijnomgeving,357518080164395,1583810313664,5.0,51.8980902,4.4232563,4.0,6315.0,0.0,4.03,5.0,4.0,357518080164395.0,32.0,0.0,1583810310.0,848.0,10.07,,EC 241
2020-03-10 03:19:00.407,mijnomgeving,357518080163173,1583810340407,1.0,52.7218411,6.8191832,7.0,42.0,8.0,3.94,4.0,201.0,357518080163173.0,32.0,0.0,1583810337.0,606.0,9.45,,EC 231
2020-03-10 03:19:39.889,mijnomgeving,357518080495021,1583810379889,255.0,2.55e-05,2.55e-05,0.0,13638.0,0.0,3.95,15.0,0.0,357518080495021.0,32.0,0.0,1583810373.0,0.0,15.27,,EC 325
2020-03-10 03:20:13.966,mijnomgeving,357518080494818,1583810413966,5.0,52.8090837,5.7453531,5.0,23422.0,-8.0,4.22,5.0,24.0,357518080494818.0,32.0,0.0,1583810411.0,1603.0,10.33,,EC 309
2020-03-10 03:20:48.443,mijnomgeving,357518080169006,1583810448443,8.0,,,,63918.0,,3.64,5.0,,357518080169006.0,32.0,,1583810449.0,884.0,9.89,,EC 213
2020-03-10 03:21:11.143,mijnomgeving,357518080495088,1583810471143,255.0,2.55e-05,2.55e-05,0.0,4464.0,0.0,3.92,24.0,0.0,357518080495088.0,32.0,0.0,1583810468.0,1.0,21.35,2.988,EC 321
2020-03-10 03:21:28.202,mijnomgeving,357518080494859,1583810488202,1.0,52.540972,5.5888406,6.0,18018.0,-9.0,4.16,4.0,0.0,357518080494859.0,32.0,0.0,1583810485.0,1931.0,9.8,,EC 302
2020-03-10 03:21:30.911,mijnomgeving,357518080328131,1583810490911,3.0,52.3865718,4.9177786,5.0,36013.0,2.0,3.81,5.0,244.0,357518080328131.0,32.0,0.0,1583810490.0,45.0,9.1,,EC 230
2020-03-10 03:22:18.347,mijnomgeving,357518080332257,1583810538347,6.0,51.8982601,4.423241,6.0,26115.0,0.0,4.08,5.0,235.0,357518080332257.0,32.0,0.0,1583810535.0,542.0,9.8,,EC 240
2020-03-10 03:22:43.649,mijnomgeving,357518080171390,1583810563649,2.0,52.0319213,5.3035995,7.0,21670238.0,-8.0,4.18,5.0,8.0,357518080171390.0,64.0,0.0,1583810568.0,819.0,10.24,,EC 202
2020-03-10 03:22:58.257,mijnomgeving,357518080170889,1583810578257,2.0,52.014601,4.2955122,7.0,88211.0,-7.0,4.189999999999999,4.0,13.0,357518080170889.0,32.0,0.0,1583810577.0,755.0,10.33,,EC 236
2020-03-10 03:23:04.577,mijnomgeving,357518080330764,1583810584577,6.0,51.8211023,4.6110264999999995,4.0,18916.0,-3.0,3.93,7.0,35.0,357518080330764.0,32.0,0.0,1583810582.0,331.0,9.45,,EC 244
2020-03-10 03:23:11.243,mijnomgeving,357518080332265,1583810591243,4.0,52.3921314,4.9373125,5.0,12614.0,7.0,3.7,6.0,249.0,357518080332265.0,32.0,0.0,1583810584.0,1557.0,9.98,,EC 221
2020-03-10 03:23:12.371,mijnomgeving,357518080494834,1583810592371,11.0,52.4256249,5.4208149,4.0,198028.0,-30.0,4.1,5.0,1.0,357518080494834.0,32.0,0.0,1583810575.0,1270.0,10.24,,EC 314
2020-03-10 03:23:29.507,mijnomgeving,357518080495187,1583810609507,1.0,52.6349804,5.823595,4.0,217818.0,18.0,4.24,6.0,1.0,357518080495187.0,32.0,0.0,1583810618.0,650.0,9.63,,EC 304
2020-03-10 03:24:10.582,mijnomgeving,357518080166663,1583810650582,26.0,51.8982024,4.4233691,9.0,84636.0,-1.0,4.13,6.0,253.0,357518080166663.0,32.0,0.0,1583810650.0,731.0,9.8,,EC 243
2020-03-10 03:24:11.533,mijnomgeving,357518080495088,1583810651533,255.0,2.55e-05,2.55e-05,0.0,4644.0,0.0,3.92,24.0,0.0,357518080495088.0,32.0,0.0,1583810648.0,1.0,21.44,2.988,EC 321
2020-03-10 03:24:49.284,mijnomgeving,357518080494875,1583810689284,1.0,52.6580064,5.6147059,6.0,21618.0,-15.0,4.2,6.0,5.0,357518080494875.0,32.0,0.0,1583810683.0,1865.0,10.07,,EC 311
2020-03-10 03:24:50.535,mijnomgeving,357518080495112,1583810690535,1.0,52.8372754,5.713996,4.0,63018.0,4.0,4.21,5.0,246.0,357518080495112.0,32.0,1.0,1583810690.0,1738.0,10.33,,EC 306
2020-03-10 03:25:57.669,mijnomgeving,357518080494909,1583810757669,25.0,52.2260202,5.174667,5.0,393342.0,31.0,4.16,4.0,50.0,357518080494909.0,32.0,0.0,1583810774.0,136.0,8.83,,EC 329
2020-03-10 03:26:12.726,mijnomgeving,357518080495146,1583810772726,1.0,52.3869494,5.3122223,6.0,60318.0,-6.0,4.17,6.0,22.0,357518080495146.0,32.0,0.0,1583810771.0,1694.0,9.89,,EC 317
2020-03-10 03:26:20.769,mijnomgeving,357518080167000,1583810780769,3.0,52.1740147,5.0359118,4.0,96313.0,-2.0,4.13,4.0,0.0,357518080167000.0,32.0,0.0,1583810781.0,620.0,9.36,,EC 228
2020-03-10 03:26:37.699,mijnomgeving,357518080497423,1583810797699,1.0,52.5229874,5.5902269,7.0,297918.0,-5.0,4.17,4.0,4.0,357518080497423.0,32.0,0.0,1583810797.0,2204.0,10.33,,EC 318
2020-03-10 03:26:39.550,mijnomgeving,357518080495203,1583810799550,1.0,52.2261553,5.1746774,5.0,141327.0,19.0,4.17,5.0,7.0,357518080495203.0,32.0,0.0,1583810800.0,133.0,9.1,,EC 324
2020-03-10 03:26:51.743,mijnomgeving,357518080494768,1583810811743,18.0,52.4164944,5.2265911,6.0,106235.0,-7.0,4.21,6.0,0.0,357518080494768.0,32.0,0.0,1583810810.0,1247.0,9.89,,EC 305
2020-03-10 03:27:05.666,mijnomgeving,357518080203151,1583810825666,34.0,52.4207886,4.8600807,6.0,21634268.0,-3.0,4.18,6.0,0.0,357518080203151.0,16.0,0.0,1583810822.0,72.0,9.72,,EC Prototype 001
2020-03-10 03:27:06.762,mijnomgeving,357518080168917,1583810826762,4.0,52.3401757,4.925449,4.0,21662168.0,27.0,4.0,5.0,0.0,357518080168917.0,16.0,0.0,1583810821.0,68.0,9.45,,EC 209
2020-03-10 03:27:07.828,mijnomgeving,357518080495088,1583810827828,255.0,2.55e-05,2.55e-05,0.0,4815.0,0.0,3.92,24.0,0.0,357518080495088.0,32.0,0.0,1583810819.0,1.0,21.44,2.988,EC 321
2020-03-10 03:27:17.198,mijnomgeving,357518080330582,1583810837198,6.0,52.3732375,4.9461832999999995,5.0,39616.0,19.0,4.09,7.0,40.0,357518080330582.0,32.0,1.0,1583810835.0,1671.0,9.89,,EC 219
2020-03-10 03:27:26.812,mijnomgeving,357518080497662,1583810846812,21.0,52.2253013,5.1744586,5.0,49537.0,61.0,4.21,6.0,13.0,357518080497662.0,32.0,2.0,1583810844.0,142.0,8.92,,EC 328
2020-03-10 03:27:39.568,mijnomgeving,357518080163249,1583810859568,10.0,,,,66619.0,,4.17,7.0,,357518080163249.0,32.0,,1583810816.0,491.0,9.63,,EC 212
2020-03-10 03:27:58.844,mijnomgeving,357518080497639,1583810878844,1.0,52.6592202,5.6608146,6.0,10818.0,-4.0,4.2,6.0,49.0,357518080497639.0,32.0,0.0,1583810876.0,2186.0,10.16,,EC 308
2020-03-10 03:28:12.467,mijnomgeving,357518080163405,1583810892467,2.0,52.3733809,4.9164629,5.0,15313.0,13.0,4.13,4.0,0.0,357518080163405.0,32.0,0.0,1583810890.0,1697.0,9.63,,EC 226
2020-03-10 03:28:15.825,mijnomgeving,357518080494776,1583810895825,2.0,52.2259949,5.1746591,10.0,43.0,20.0,4.17,6.0,1.0,357518080494776.0,32.0,0.0,1583810889.0,136.0,8.83,,EC 330
2020-03-10 03:28:25.905,mijnomgeving,357518080495104,1583810905905,1.0,52.3374242,5.5374316,6.0,79217.0,-8.0,4.12,7.0,8.0,357518080495104.0,32.0,0.0,1583810905.0,813.0,10.42,,EC 312
2020-03-10 03:28:33.865,mijnomgeving,357518080495526,1583810913865,0.0,52.2260471,5.1747021,7.0,39618.0,15.0,4.15,4.0,242.0,357518080495526.0,32.0,0.0,1583810911.0,134.0,8.75,,EC 327
2020-03-10 03:28:42.598,mijnomgeving,357518080165368,1583810922598,25.0,52.3394869,4.9110096,5.0,20622684.0,58.0,3.76,5.0,4.0,357518080165368.0,16.0,0.0,1583810921.0,1157.0,9.89,,EC 208
2020-03-10 03:28:44.866,mijnomgeving,357518080495682,1583810924866,0.0,52.5498157,5.5879274,4.0,39618.0,-49.0,4.18,5.0,242.0,357518080495682.0,32.0,0.0,1583810920.0,1752.0,9.89,,EC 316
2020-03-10 03:28:56.572,mijnomgeving,357518080166580,1583810936572,32.0,52.3603866,4.8155096,9.0,942.0,4.0,4.04,6.0,25.0,357518080166580.0,32.0,0.0,1583810933.0,663.0,9.27,,EC 224
2020-03-10 03:29:37.646,mijnomgeving,357518080166960,1583810977646,29.0,52.7143813,6.8786397,5.0,135938.0,-21.0,3.96,4.0,0.0,357518080166960.0,32.0,0.0,1583810980.0,534.0,9.98,,EC 232
2020-03-10 03:29:45.068,mijnomgeving,357518080495120,1583810985068,0.0,52.3338545,5.3126351,5.0,42318.0,-2.0,4.18,5.0,0.0,357518080495120.0,32.0,0.0,1583810977.0,1486.0,9.72,,EC 303
2020-03-10 03:30:06.332,mijnomgeving,357518080495088,1583811006332,255.0,2.55e-05,2.55e-05,0.0,4995.0,0.0,3.92,24.0,0.0,357518080495088.0,32.0,0.0,1583810999.0,2.0,21.44,2.988,EC 321
2020-03-10 03:30:17.334,mijnomgeving,357518080495047,1583811017334,0.0,52.2261616,5.1746709,8.0,24318.0,15.0,4.17,6.0,42.0,357518080495047.0,32.0,0.0,1583811014.0,133.0,8.92,,EC 322
2020-03-10 03:30:24.305,mijnomgeving,357518080494826,1583811024305,1.0,52.225448,5.1754096,4.0,99027.0,-3.0,4.17,7.0,247.0,357518080494826.0,32.0,1.0,1583811024.0,128.0,8.66,,EC 323
2020-03-10 03:30:29.325,mijnomgeving,357518080495153,1583811029325,0.0,52.5786771,5.7569147,5.0,7217.0,5.0,4.18,5.0,0.0,357518080495153.0,32.0,0.0,1583811025.0,2562.0,9.89,,EC 313
2020-03-10 03:30:57.356,mijnomgeving,357518080495534,1583811057356,1.0,52.5327334,5.5931027,8.0,17118.0,-7.0,4.2,6.0,20.0,357518080495534.0,32.0,0.0,1583811054.0,2197.0,9.8,,EC 307
2020-03-10 03:31:12.433,mijnomgeving,357518080495070,1583811072433,255.0,2.55e-05,2.55e-05,0.0,28038.0,0.0,4.04,23.0,0.0,357518080495070.0,32.0,0.0,1583811071.0,0.0,21.09,,EC 320
2020-03-10 03:31:16.405,mijnomgeving,357518080494982,1583811076405,1.0,52.2261668,5.1746936,7.0,46818.0,22.0,4.17,6.0,2.0,357518080494982.0,32.0,0.0,1583811076.0,136.0,8.83,,EC 326
2020-03-10 03:31:17.941,mijnomgeving,357518080165475,1583811077941,15.0,52.372099,4.9253579,6.0,13166161.0,22.0,4.12,5.0,52.0,357518080165475.0,1.0,0.0,1583811093.0,1335.0,9.36,,EC 201
2020-03-10 03:32:18.614,mijnomgeving,357518080497696,1583811138614,1.0,52.5173702,5.5091561,4.0,19818.0,17.0,4.17,5.0,247.0,357518080497696.0,32.0,0.0,1583811134.0,1042.0,10.42,,EC 319
2020-03-10 03:32:53.848,mijnomgeving,357518080495161,1583811173848,2.0,52.4997977,5.4528347,6.0,6421523.0,0.0,4.189999999999999,5.0,252.0,357518080495161.0,32.0,0.0,1583811180.0,937.0,9.63,,EC 315
2020-03-10 03:33:01.608,mijnomgeving,357518080495088,1583811181608,255.0,2.55e-05,2.55e-05,0.0,5175.0,0.0,3.92,24.0,0.0,357518080495088.0,32.0,0.0,1583811179.0,2.0,21.44,2.988,EC 321
2020-03-10 03:33:30.770,mijnomgeving,357518080163173,1583811210770,3.0,52.7221932,6.8191323,7.0,912.0,-15.0,3.95,3.0,15.0,357518080163173.0,32.0,0.0,1583811207.0,612.0,9.45,,EC 231
2020-03-10 03:33:34.667,mijnomgeving,357518080495021,1583811214667,60.0,53.1565409,7.0209558,4.0,14477.0,19.0,3.95,15.0,229.0,357518080495021.0,32.0,1.0,1583811212.0,0.0,15.27,,EC 325
2020-03-10 03:33:48.384,mijnomgeving,357518080164395,1583811228384,20.0,51.8982129,4.4232592,6.0,7230.0,-6.0,4.03,6.0,52.0,357518080164395.0,32.0,0.0,1583811225.0,843.0,10.07,,EC 241
2020-03-10 03:35:05.251,mijnomgeving,357518080166754,1583811305251,2.0,52.3539402,4.9248362,5.0,21039346.0,-9.0,4.18,5.0,0.0,357518080166754.0,16.0,0.0,1583810309.0,1136.0,9.89,,EC 204
2020-03-10 03:35:11.324,mijnomgeving,357518080166754,1583811311324,3.0,52.3537127,4.9249533,4.0,21040247.0,25.0,4.17,6.0,17.0,357518080166754.0,16.0,0.0,1583811210.0,1144.0,9.89,,EC 204
2020-03-10 03:35:19.341,mijnomgeving,357518080494818,1583811319341,11.0,52.8092474,5.7451578,4.0,24328.0,1.0,4.21,5.0,13.0,357518080494818.0,32.0,0.0,1583811317.0,1603.0,10.33,,EC 309
2020-03-10 03:35:47.335,mijnomgeving,357518080169006,1583811347335,7.0,,,,64817.0,,3.64,5.0,,357518080169006.0,32.0,,1583811348.0,872.0,9.89,,EC 213
2020-03-10 03:36:11.049,mijnomgeving,357518080495088,1583811371049,255.0,2.55e-05,2.55e-05,0.0,5364.0,0.0,3.93,24.0,0.0,357518080495088.0,32.0,0.0,1583811368.0,1.0,21.44,2.988,EC 321
2020-03-10 03:36:27.081,mijnomgeving,357518080494859,1583811387081,1.0,52.540953,5.5887718,6.0,18918.0,-11.0,4.16,4.0,0.0,357518080494859.0,32.0,0.0,1583811385.0,1938.0,9.8,,EC 302
2020-03-10 03:36:30.730,mijnomgeving,357518080328131,1583811390730,3.0,52.386716,4.9177422,5.0,36913.0,12.0,3.81,6.0,251.0,357518080328131.0,32.0,1.0,1583811390.0,58.0,9.01,,EC 230
2020-03-10 03:37:21.208,mijnomgeving,357518080332257,1583811441208,3.0,51.8983834,4.4232835999999995,5.0,27012.0,1.0,4.08,5.0,0.0,357518080332257.0,32.0,0.0,1583811432.0,543.0,9.8,,EC 240
2020-03-10 03:37:44.758,mijnomgeving,357518080171390,1583811464758,3.0,52.0319783,5.303597,6.0,21671139.0,-9.0,4.17,5.0,54.0,357518080171390.0,64.0,0.0,1583811469.0,1158.0,10.24,,EC 202
2020-03-10 03:37:47.363,mijnomgeving,357518080494834,1583811467363,0.0,52.4260019,5.4207995,4.0,198917.0,13.0,4.1,5.0,1.0,357518080494834.0,32.0,0.0,1583811464.0,1280.0,10.24,,EC 314
2020-03-10 03:38:00.221,mijnomgeving,357518080170889,1583811480221,4.0,52.0145873,4.2954968000000004,5.0,89114.0,-1.0,4.189999999999999,4.0,0.0,357518080170889.0,32.0,0.0,1583811479.0,697.0,10.42,,EC 236
2020-03-10 03:38:06.239,mijnomgeving,357518080332265,1583811486239,3.0,52.3918882,4.9373862,5.0,13513.0,-16.0,3.69,5.0,0.0,357518080332265.0,32.0,0.0,1583811483.0,1552.0,9.98,,EC 221
2020-03-10 03:38:17.771,mijnomgeving,357518080330764,1583811497771,19.0,51.8210889,4.6110835,6.0,19829.0,11.0,3.93,6.0,35.0,357518080330764.0,32.0,0.0,1583811495.0,334.0,9.45,,EC 244
2020-03-10 03:38:30.414,mijnomgeving,357518080495187,1583811510414,2.0,52.6355424,5.8234987,4.0,218719.0,-19.0,4.24,6.0,0.0,357518080495187.0,32.0,0.0,1583811519.0,647.0,9.54,,EC 304
2020-03-10 03:38:45.334,mijnomgeving,357518080166663,1583811525334,1.0,51.8982682,4.4233115,4.0,85511.0,-21.0,4.13,6.0,0.0,357518080166663.0,32.0,0.0,1583811525.0,751.0,9.8,,EC 243
2020-03-10 03:39:05.429,mijnomgeving,357518080495088,1583811545429,255.0,2.55e-05,2.55e-05,0.0,5535.0,0.0,3.92,24.0,0.0,357518080495088.0,32.0,0.0,1583811539.0,1.0,21.44,2.988,EC 321
2020-03-10 03:39:45.472,mijnomgeving,357518080494875,1583811585472,1.0,52.6577592,5.6143376,6.0,22518.0,3.0,4.2,6.0,13.0,357518080494875.0,32.0,0.0,1583811583.0,1867.0,10.07,,EC 311
2020-03-10 03:39:50.838,mijnomgeving,357518080495112,1583811590838,1.0,52.8374517,5.7139055,5.0,63918.0,-19.0,4.21,5.0,246.0,357518080495112.0,32.0,0.0,1583811590.0,1748.0,10.33,,EC 306
2020-03-10 03:40:33.631,mijnomgeving,357518080494909,1583811633631,1.0,52.2261872,5.1747186,6.0,394218.0,16.0,4.17,4.0,5.0,357518080494909.0,32.0,0.0,1583811650.0,136.0,8.83,,EC 329
2020-03-10 03:41:11.669,mijnomgeving,357518080495146,1583811671669,1.0,52.3869202,5.3122492,5.0,61218.0,-1.0,4.17,6.0,12.0,357518080495146.0,32.0,0.0,1583811671.0,1684.0,9.89,,EC 317
2020-03-10 03:41:29.673,mijnomgeving,357518080495203,1583811689673,1.0,52.2260543,5.1746589,7.0,142218.0,34.0,4.17,5.0,214.0,357518080495203.0,32.0,0.0,1583811691.0,133.0,9.1,,EC 324
2020-03-10 03:41:37.651,mijnomgeving,357518080494768,1583811697651,1.0,52.416529,5.2267105,4.0,107118.0,-7.0,4.21,6.0,8.0,357518080494768.0,32.0,1.0,1583811693.0,1248.0,9.89,,EC 305
2020-03-10 03:41:39.681,mijnomgeving,357518080167000,1583811699681,22.0,52.1739636,5.0359774,8.0,97232.0,0.0,4.13,4.0,12.0,357518080167000.0,32.0,0.0,1583811700.0,618.0,9.36,,EC 228
2020-03-10 03:41:40.644,mijnomgeving,357518080497423,1583811700644,1.0,52.5230169,5.5901923,7.0,298818.0,-10.0,4.17,5.0,236.0,357518080497423.0,32.0,0.0,1583811697.0,2199.0,10.33,,EC 318
2020-03-10 03:42:01.736,mijnomgeving,357518080495088,1583811721736,255.0,2.55e-05,2.55e-05,0.0,5715.0,0.0,3.92,24.0,0.0,357518080495088.0,32.0,0.0,1583811719.0,1.0,21.44,2.988,EC 321
2020-03-10 03:42:14.708,mijnomgeving,357518080497662,1583811734708,10.0,52.2251342,5.1748066,4.0,50427.0,115.0,4.21,7.0,2.0,357518080497662.0,32.0,0.0,1583811734.0,143.0,9.01,,EC 328
2020-03-10 03:42:15.454,mijnomgeving,357518080330582,1583811735454,5.0,52.3731619,4.9459997,6.0,40514.0,-6.0,4.09,7.0,0.0,357518080330582.0,32.0,0.0,1583811734.0,1674.0,9.89,,EC 219
2020-03-10 03:42:20.188,mijnomgeving,357518080168917,1583811740188,19.0,52.3402894,4.9256532,7.0,21663083.0,39.0,3.99,5.0,254.0,357518080168917.0,16.0,0.0,1583811736.0,65.0,9.63,,EC 209
2020-03-10 03:42:24.278,mijnomgeving,357518080163249,1583811744278,31.0,,,,67541.0,,4.17,7.0,,357518080163249.0,32.0,,1583811737.0,481.0,9.63,,EC 212
2020-03-10 03:42:50.797,mijnomgeving,357518080494776,1583811770797,1.0,52.2261051,5.1746474,8.0,918.0,30.0,4.16,5.0,45.0,357518080494776.0,32.0,0.0,1583811764.0,138.0,8.83,,EC 330
2020-03-10 03:42:58.213,mijnomgeving,357518080497639,1583811778213,1.0,52.6592791,5.6609006,5.0,11718.0,-4.0,4.2,6.0,248.0,357518080497639.0,32.0,0.0,1583811776.0,2184.0,10.16,,EC 308
2020-03-10 03:43:13.502,mijnomgeving,357518080163405,1583811793502,2.0,52.3730434,4.9163784,5.0,16213.0,45.0,4.13,4.0,0.0,357518080163405.0,32.0,0.0,1583811790.0,1708.0,9.63,,EC 226
2020-03-10 03:43:29.641,mijnomgeving,357518080166580,1583811809641,5.0,52.3604183,4.8152438,7.0,1814.0,15.0,4.05,5.0,226.0,357518080166580.0,32.0,0.0,1583811805.0,660.0,9.27,,EC 224
2020-03-10 03:43:37.222,mijnomgeving,357518080495526,1583811817222,0.0,52.2261267,5.1746789,6.0,40518.0,7.0,4.15,4.0,0.0,357518080495526.0,32.0,0.0,1583811811.0,136.0,8.75,,EC 327
2020-03-10 03:43:40.050,mijnomgeving,357518080165368,1583811820050,25.0,52.3393519,4.911141,4.0,20623584.0,69.0,3.76,5.0,8.0,357518080165368.0,16.0,0.0,1583811821.0,1167.0,9.98,,EC 208
2020-03-10 03:43:53.238,mijnomgeving,357518080495682,1583811833238,7.0,52.5495045,5.5882799,5.0,40524.0,-26.0,4.18,6.0,242.0,357518080495682.0,32.0,0.0,1583811826.0,1723.0,9.8,,EC 316
2020-03-10 03:44:39.737,mijnomgeving,357518080166960,1583811879737,31.0,52.7141152,6.878703,6.0,136840.0,11.0,3.96,4.0,250.0,357518080166960.0,32.0,0.0,1583811882.0,534.0,9.98,,EC 232
2020-03-10 03:44:48.297,mijnomgeving,357518080495120,1583811888297,0.0,52.3338602,5.3125408,5.0,43217.0,14.0,4.18,5.0,0.0,357518080495120.0,32.0,0.0,1583811877.0,1485.0,9.72,,EC 303
2020-03-10 03:45:03.258,mijnomgeving,357518080495088,1583811903258,255.0,2.55e-05,2.55e-05,0.0,5895.0,0.0,3.93,24.0,0.0,357518080495088.0,32.0,0.0,1583811899.0,1.0,21.44,2.988,EC 321
2020-03-10 03:45:14.280,mijnomgeving,357518080494826,1583811914280,1.0,52.2257871,5.1747613,4.0,99918.0,47.0,4.17,7.0,218.0,357518080494826.0,32.0,0.0,1583811915.0,130.0,8.66,,EC 323
2020-03-10 03:45:17.274,mijnomgeving,357518080495047,1583811917274,1.0,52.2262528,5.1746476,7.0,25218.0,6.0,4.17,6.0,247.0,357518080495047.0,32.0,0.0,1583811914.0,133.0,8.92,,EC 322
2020-03-10 03:45:42.356,mijnomgeving,357518080495153,1583811942356,12.0,52.5788166,5.7568003,6.0,8130.0,-13.0,4.189999999999999,5.0,11.0,357518080495153.0,32.0,0.0,1583811937.0,2562.0,9.89,,EC 313
2020-03-10 03:46:00.311,mijnomgeving,357518080495534,1583811960311,0.0,52.5327505,5.5930744,7.0,18018.0,-6.0,4.2,6.0,238.0,357518080495534.0,32.0,0.0,1583811954.0,2202.0,9.8,,EC 307
2020-03-10 03:46:09.942,mijnomgeving,357518080165475,1583811969942,7.0,52.3721761,4.9255511,5.0,13167053.0,-79.0,4.12,5.0,205.0,357518080165475.0,1.0,0.0,1583811985.0,1314.0,9.27,,EC 201
2020-03-10 03:46:14.322,mijnomgeving,357518080495070,1583811974322,255.0,2.55e-05,2.55e-05,0.0,28938.0,0.0,4.04,24.0,0.0,357518080495070.0,32.0,0.0,1583811970.0,0.0,21.18,,EC 320
2020-03-10 03:46:17.339,mijnomgeving,357518080494982,1583811977339,1.0,52.2262676,5.1745912,6.0,47718.0,12.0,4.17,6.0,1.0,357518080494982.0,32.0,0.0,1583811976.0,138.0,8.83,,EC 326
2020-03-10 03:47:40.569,mijnomgeving,357518080497696,1583812060569,25.0,52.5169752,5.509454,6.0,20742.0,24.0,4.17,5.0,242.0,357518080497696.0,32.0,0.0,1583812058.0,1043.0,10.42,,EC 319
2020-03-10 03:47:43.702,mijnomgeving,357518080495021,1583812063702,8.0,53.1563608,7.0208232,4.0,15325.0,3.0,3.95,13.0,0.0,357518080495021.0,32.0,2.0,1583812060.0,1.0,15.18,,EC 325
2020-03-10 03:48:10.646,mijnomgeving,357518080495161,1583812090646,20.0,52.4996907,5.4528185,5.0,6422441.0,-3.0,4.189999999999999,6.0,238.0,357518080495161.0,32.0,0.0,1583812098.0,938.0,9.63,,EC 315
2020-03-10 03:48:10.690,mijnomgeving,357518080495088,1583812090690,255.0,2.55e-05,2.55e-05,0.0,6084.0,0.0,3.93,24.0,0.0,357518080495088.0,32.0,0.0,1583812088.0,3.0,21.44,2.988,EC 321
2020-03-10 03:48:32.831,mijnomgeving,357518080163173,1583812112831,5.0,52.7218747,6.8191894,6.0,1815.0,3.0,3.95,3.0,0.0,357518080163173.0,32.0,0.0,1583812109.0,612.0,9.45,,EC 231
2020-03-10 03:48:35.221,mijnomgeving,357518080166754,1583812115221,3.0,52.353648,4.9249691,5.0,21041148.0,6.0,4.18,6.0,9.0,357518080166754.0,16.0,0.0,1583812110.0,1162.0,9.89,,EC 204
2020-03-10 03:48:35.874,mijnomgeving,357518080164395,1583812115874,5.0,51.898286,4.4233159,5.0,8115.0,-5.0,4.03,6.0,59.0,357518080164395.0,32.0,0.0,1583812110.0,838.0,10.07,,EC 241
2020-03-10 03:50:12.737,mijnomgeving,357518080494818,1583812212737,4.0,52.8090216,5.7450449,4.0,25221.0,-27.0,4.21,5.0,29.0,357518080494818.0,32.0,0.0,1583812210.0,1603.0,10.33,,EC 309
2020-03-10 03:51:01.911,mijnomgeving,357518080495088,1583812261911,255.0,2.55e-05,2.55e-05,0.0,6255.0,0.0,3.92,24.0,0.0,357518080495088.0,32.0,0.0,1583812259.0,1.0,21.44,2.988,EC 321
2020-03-10 03:51:10.345,mijnomgeving,357518080169006,1583812270345,29.0,,,,65739.0,,3.64,6.0,,357518080169006.0,32.0,,1583812270.0,872.0,9.89,,EC 213
2020-03-10 03:51:26.952,mijnomgeving,357518080494859,1583812286952,1.0,52.5406345,5.588828,4.0,19818.0,-2.0,4.16,4.0,208.0,357518080494859.0,32.0,0.0,1583812285.0,1937.0,9.72,,EC 302
2020-03-10 03:51:31.867,mijnomgeving,357518080328131,1583812291867,4.0,52.3867886,4.9177172,5.0,37814.0,-8.0,3.81,6.0,232.0,357518080328131.0,32.0,1.0,1583812291.0,55.0,9.1,,EC 230
2020-03-10 03:52:19.584,mijnomgeving,357518080332257,1583812339584,7.0,51.8983369,4.4232945,4.0,27917.0,8.0,4.08,6.0,242.0,357518080332257.0,32.0,1.0,1583812336.0,549.0,9.8,,EC 240
2020-03-10 03:52:45.869,mijnomgeving,357518080171390,1583812365869,3.0,52.0315203,5.3037101,5.0,21672040.0,29.0,4.18,6.0,9.0,357518080171390.0,64.0,0.0,1583812369.0,811.0,10.24,,EC 202
2020-03-10 03:52:50.014,mijnomgeving,357518080494834,1583812370014,11.0,52.4256081,5.420718,7.0,199828.0,-63.0,4.1,5.0,9.0,357518080494834.0,32.0,0.0,1583812375.0,1286.0,10.24,,EC 314
2020-03-10 03:52:59.808,mijnomgeving,357518080170889,1583812379808,4.0,52.0144912,4.2955286,4.0,90014.0,-3.0,4.189999999999999,5.0,29.0,357518080170889.0,32.0,0.0,1583812379.0,699.0,10.51,,EC 236
2020-03-10 03:53:12.928,mijnomgeving,357518080332265,1583812392928,5.0,52.3922047,4.9372443,5.0,14415.0,11.0,3.7,6.0,0.0,357518080332265.0,32.0,0.0,1583812385.0,1554.0,9.98,,EC 221
2020-03-10 03:53:16.966,mijnomgeving,357518080330764,1583812396966,19.0,51.8215201,4.6116604,5.0,20729.0,54.0,3.93,7.0,20.0,357518080330764.0,32.0,0.0,1583812395.0,334.0,9.45,,EC 244
2020-03-10 03:53:43.063,mijnomgeving,357518080495187,1583812423063,12.0,52.6353086,5.8234836,4.0,219629.0,-6.0,4.24,7.0,0.0,357518080495187.0,32.0,0.0,1583812429.0,647.0,9.54,,EC 304
2020-03-10 03:53:46.447,mijnomgeving,357518080166663,1583812426447,2.0,51.8982522,4.4231601,6.0,86412.0,-2.0,4.13,6.0,0.0,357518080166663.0,32.0,0.0,1583812426.0,762.0,9.8,,EC 243
2020-03-10 03:54:10.103,mijnomgeving,357518080495088,1583812450103,255.0,2.55e-05,2.55e-05,0.0,6444.0,0.0,3.92,24.0,0.0,357518080495088.0,32.0,0.0,1583812448.0,1.0,21.53,2.988,EC 321
2020-03-10 03:54:59.118,mijnomgeving,357518080495112,1583812499118,8.0,52.8372903,5.7142679,4.0,64825.0,25.0,4.21,6.0,230.0,357518080495112.0,32.0,3.0,1583812497.0,1750.0,10.24,,EC 306
2020-03-10 03:55:08.125,mijnomgeving,357518080494875,1583812508125,22.0,52.6576467,5.6149308,4.0,23439.0,19.0,4.2,7.0,9.0,357518080494875.0,32.0,0.0,1583812504.0,1876.0,10.07,,EC 311
2020-03-10 03:55:10.206,mijnomgeving,357518080495104,1583812510206,16.0,52.3376102,5.5374917,8.0,80132.0,1.0,4.12,7.0,30.0,357518080495104.0,32.0,0.0,1583811820.0,809.0,10.42,,EC 312
2020-03-10 03:55:34.285,mijnomgeving,357518080494909,1583812534285,1.0,52.2263484,5.1748244,5.0,395118.0,40.0,4.17,4.0,30.0,357518080494909.0,32.0,0.0,1583812550.0,137.0,8.92,,EC 329
2020-03-10 03:56:11.443,mijnomgeving,357518080495146,1583812571443,1.0,52.3870229,5.3122471,4.0,62118.0,4.0,4.17,6.0,20.0,357518080495146.0,32.0,0.0,1583812571.0,1684.0,9.89,,EC 317
2020-03-10 03:56:18.436,mijnomgeving,357518080167000,1583812578436,1.0,52.1739371,5.0358797,5.0,98111.0,-16.0,4.13,5.0,0.0,357518080167000.0,32.0,0.0,1583812579.0,618.0,9.36,,EC 228
2020-03-10 03:56:30.429,mijnomgeving,357518080497423,1583812590429,0.0,52.5229689,5.5902565,5.0,299717.0,-4.0,4.17,5.0,251.0,357518080497423.0,32.0,0.0,1583812596.0,2199.0,10.33,,EC 318
2020-03-10 03:56:37.401,mijnomgeving,357518080495203,1583812597401,1.0,52.2256186,5.1742687,5.0,143127.0,151.0,4.16,5.0,35.0,357518080495203.0,32.0,0.0,1583812600.0,133.0,9.19,,EC 324
2020-03-10 03:56:50.200,mijnomgeving,357518080163249,1583812610200,3.0,,,,68412.0,,4.17,7.0,,357518080163249.0,32.0,,1583812609.0,475.0,9.63,,EC 212
2020-03-10 03:57:02.694,mijnomgeving,357518080168917,1583812622694,3.0,52.3402358,4.9259636,6.0,21663967.0,59.0,3.99,5.0,53.0,357518080168917.0,16.0,0.0,1583812620.0,66.0,9.8,,EC 209
2020-03-10 03:57:09.475,mijnomgeving,357518080494768,1583812629475,26.0,52.4165614,5.2265864,5.0,108043.0,-4.0,4.2,7.0,21.0,357518080494768.0,32.0,0.0,1583812619.0,1256.0,9.89,,EC 305
2020-03-10 03:57:11.425,mijnomgeving,357518080495088,1583812631425,255.0,2.55e-05,2.55e-05,0.0,6624.0,0.0,3.92,24.0,0.0,357518080495088.0,32.0,0.0,1583812628.0,1.0,21.53,2.988,EC 321
2020-03-10 03:57:18.420,mijnomgeving,357518080497662,1583812638420,14.0,52.2261273,5.1747147,4.0,51331.0,25.0,4.21,7.0,248.0,357518080497662.0,32.0,0.0,1583812638.0,144.0,9.01,,EC 328
2020-03-10 03:57:18.862,mijnomgeving,357518080330582,1583812638862,8.0,52.373048,4.9459769,5.0,41417.0,-3.0,4.09,7.0,9.0,357518080330582.0,32.0,0.0,1583812637.0,1673.0,9.89,,EC 219
2020-03-10 03:57:47.502,mijnomgeving,357518080494776,1583812667502,1.0,52.2261732,5.1747963,7.0,1818.0,19.0,4.16,5.0,34.0,357518080494776.0,32.0,0.0,1583812664.0,138.0,8.83,,EC 330
2020-03-10 03:58:00.228,mijnomgeving,357518080497639,1583812680228,1.0,52.6588928,5.6609275,4.0,12618.0,26.0,4.2,6.0,253.0,357518080497639.0,32.0,0.0,1583812676.0,2191.0,10.16,,EC 308
2020-03-10 03:58:14.621,mijnomgeving,357518080163405,1583812694621,3.0,52.3730106,4.9160404,5.0,17114.0,-7.0,4.14,5.0,0.0,357518080163405.0,32.0,0.0,1583812691.0,1713.0,9.63,,EC 226
2020-03-10 03:58:25.559,mijnomgeving,357518080495104,1583812705559,0.0,52.3375947,5.5373809,6.0,81018.0,15.0,4.12,7.0,11.0,357518080495104.0,32.0,0.0,1583812705.0,813.0,10.42,,EC 312
2020-03-10 03:58:32.510,mijnomgeving,357518080495526,1583812712510,0.0,52.2262283,5.1747129,4.0,41418.0,11.0,4.15,5.0,253.0,357518080495526.0,32.0,0.0,1583812711.0,133.0,8.83,,EC 327
2020-03-10 03:58:43.239,mijnomgeving,357518080166580,1583812723239,7.0,52.3599168,4.8147997,6.0,2716.0,75.0,4.04,6.0,36.0,357518080166580.0,32.0,1.0,1583812707.0,663.0,9.27,,EC 224
2020-03-10 03:58:55.663,mijnomgeving,357518080203151,1583812735663,6.0,52.4209639,4.8605077,5.0,21635140.0,-44.0,4.18,6.0,39.0,357518080203151.0,16.0,0.0,1583811694.0,73.0,9.72,,EC Prototype 001
2020-03-10 03:58:57.566,mijnomgeving,357518080495682,1583812737566,1.0,52.5492601,5.5880368,5.0,41419.0,-70.0,4.18,6.0,35.0,357518080495682.0,32.0,0.0,1583812721.0,1747.0,9.8,,EC 316
2020-03-10 03:59:11.665,mijnomgeving,357518080203151,1583812751665,4.0,52.4209582,4.8604499,5.0,21636038.0,-36.0,4.17,7.0,31.0,357518080203151.0,16.0,0.0,1583812592.0,73.0,9.72,,EC Prototype 001
2020-03-10 03:59:14.197,mijnomgeving,357518080165368,1583812754197,34.0,52.3395321,4.9115272,5.0,20624493.0,71.0,3.76,6.0,56.0,357518080165368.0,16.0,0.0,1583812730.0,1161.0,9.98,,EC 208
2020-03-10 03:59:39.624,mijnomgeving,357518080495120,1583812779624,0.0,52.3337304,5.3125547,5.0,44118.0,-2.0,4.18,5.0,25.0,357518080495120.0,32.0,0.0,1583812777.0,1489.0,9.63,,EC 303
2020-03-10 03:59:56.851,mijnomgeving,357518080166960,1583812796851,48.0,52.713667,6.8786906,6.0,137757.0,34.0,3.96,5.0,12.0,357518080166960.0,32.0,0.0,1583812799.0,535.0,9.98,,EC 232
2020-03-10 04:00:01.666,mijnomgeving,357518080495088,1583812801666,255.0,2.55e-05,2.55e-05,0.0,6795.0,0.0,3.92,24.0,0.0,357518080495088.0,32.0,0.0,1583812799.0,1.0,21.53,2.988,EC 321
2020-03-10 04:00:16.712,mijnomgeving,357518080495047,1583812816712,1.0,52.226197,5.1746603,6.0,26118.0,14.0,4.17,6.0,241.0,357518080495047.0,32.0,0.0,1583812814.0,133.0,9.01,,EC 322
2020-03-10 04:00:28.647,mijnomgeving,357518080495153,1583812828647,1.0,52.5786653,5.7569801,5.0,9017.0,6.0,4.18,5.0,3.0,357518080495153.0,32.0,0.0,1583812825.0,2551.0,9.89,,EC 313
2020-03-10 04:00:36.669,mijnomgeving,357518080494826,1583812836669,24.0,52.2258495,5.1747976,4.0,100841.0,46.0,4.17,7.0,250.0,357518080494826.0,32.0,0.0,1583812838.0,130.0,8.66,,EC 323
2020-03-10 04:00:59.715,mijnomgeving,357518080495534,1583812859715,1.0,52.5325605,5.5931182,5.0,18918.0,11.0,4.21,7.0,2.0,357518080495534.0,32.0,0.0,1583812854.0,2204.0,9.8,,EC 307
2020-03-10 04:01:23.852,mijnomgeving,357518080495070,1583812883852,255.0,2.55e-05,2.55e-05,0.0,29847.0,0.0,4.04,23.0,0.0,357518080495070.0,32.0,0.0,1583812880.0,0.0,21.18,,EC 320
2020-03-10 04:01:25.371,mijnomgeving,357518080165475,1583812885371,22.0,52.3719549,4.9252696,4.0,13167968.0,45.0,4.12,6.0,47.0,357518080165475.0,1.0,0.0,1583812900.0,1331.0,9.27,,EC 201
2020-03-10 04:01:39.851,mijnomgeving,357518080494982,1583812899851,24.0,52.2262071,5.1747057,8.0,48641.0,22.0,4.17,7.0,0.0,357518080494982.0,32.0,0.0,1583812899.0,137.0,8.83,,EC 326
2020-03-10 04:02:16.932,mijnomgeving,357518080497696,1583812936932,1.0,52.517174,5.5095346,6.0,21618.0,10.0,4.16,5.0,241.0,357518080497696.0,32.0,0.0,1583812934.0,1043.0,10.42,,EC 319
2020-03-10 04:02:54.971,mijnomgeving,357518080495161,1583812974971,2.0,52.4996722,5.4528063,4.0,6423323.0,-9.0,4.189999999999999,5.0,55.0,357518080495161.0,32.0,0.0,1583812980.0,939.0,9.63,,EC 315
2020-03-10 04:03:11.987,mijnomgeving,357518080495088,1583812991987,255.0,2.55e-05,2.55e-05,0.0,6984.0,0.0,3.92,24.0,0.0,357518080495088.0,32.0,0.0,1583812988.0,0.0,21.53,2.988,EC 321
2020-03-10 04:03:20.695,mijnomgeving,357518080166754,1583813000695,2.0,52.3539554,4.92478,4.0,21042047.0,-4.0,4.17,6.0,0.0,357518080166754.0,16.0,0.0,1583813010.0,1171.0,9.89,,EC 204
2020-03-10 04:03:32.924,mijnomgeving,357518080164395,1583813012924,4.0,51.8985802,4.423119,5.0,9014.0,-27.0,4.03,6.0,0.0,357518080164395.0,32.0,0.0,1583813009.0,834.0,10.07,,EC 241
2020-03-10 04:04:03.740,mijnomgeving,357518080163173,1583813043740,36.0,52.7218276,6.8191917,7.0,2746.0,3.0,3.95,3.0,0.0,357518080163173.0,32.0,0.0,1583813041.0,614.0,9.45,,EC 231
2020-03-10 04:04:38.038,mijnomgeving,357518080495021,1583813078038,255.0,2.55e-05,2.55e-05,0.0,16338.0,0.0,3.95,15.0,0.0,357518080495021.0,32.0,0.0,1583813073.0,0.0,15.18,,EC 325
2020-03-10 04:05:33.105,mijnomgeving,357518080494818,1583813133105,25.0,52.8091891,5.7452816,7.0,26141.0,0.0,4.21,6.0,11.0,357518080494818.0,32.0,0.0,1583813130.0,1595.0,10.33,,EC 309
2020-03-10 04:05:42.672,mijnomgeving,357518080169006,1583813142672,2.0,,,,66612.0,,3.64,6.0,,357518080169006.0,32.0,,1583813143.0,878.0,9.89,,EC 213
2020-03-10 04:06:04.336,mijnomgeving,357518080495088,1583813164336,255.0,2.55e-05,2.55e-05,0.0,7155.0,0.0,3.92,24.0,0.0,357518080495088.0,32.0,0.0,1583813159.0,2.0,21.53,2.988,EC 321
2020-03-10 04:06:39.415,mijnomgeving,357518080494859,1583813199415,13.0,52.5409889,5.5888295,7.0,20730.0,-5.0,4.16,5.0,222.0,357518080494859.0,32.0,0.0,1583813197.0,1940.0,9.72,,EC 302
2020-03-10 04:06:48.019,mijnomgeving,357518080328131,1583813208019,20.0,52.3867797,4.9176906,6.0,38730.0,-1.0,3.81,7.0,14.0,357518080328131.0,32.0,0.0,1583813207.0,53.0,9.1,,EC 230
2020-03-10 04:07:40.125,mijnomgeving,357518080332257,1583813260125,28.0,51.8982209,4.423288,4.0,28838.0,5.0,4.08,6.0,0.0,357518080332257.0,32.0,0.0,1583813257.0,571.0,9.8,,EC 240
2020-03-10 04:07:52.113,mijnomgeving,357518080171390,1583813272113,9.0,52.0318166,5.3035898,4.0,21672946.0,13.0,4.17,6.0,12.0,357518080171390.0,64.0,0.0,1583813276.0,805.0,10.24,,EC 202
2020-03-10 04:07:57.418,mijnomgeving,357518080494834,1583813277418,1.0,52.4252749,5.4203982,4.0,200719.0,-137.0,4.1,5.0,32.0,357518080494834.0,32.0,0.0,1583813265.0,1287.0,10.24,,EC 314
2020-03-10 04:08:18.256,mijnomgeving,357518080170889,1583813298256,22.0,52.0147225,4.2954677,6.0,90932.0,-17.0,4.189999999999999,6.0,253.0,357518080170889.0,32.0,0.0,1583813298.0,690.0,10.6,,EC 236
2020-03-10 04:08:20.745,mijnomgeving,357518080330764,1583813300745,16.0,51.821207,4.6116467,4.0,21626.0,48.0,3.94,7.0,4.0,357518080330764.0,32.0,0.0,1583813292.0,334.0,9.45,,EC 244
2020-03-10 04:08:22.116,mijnomgeving,357518080332265,1583813302116,15.0,52.3921148,4.9374097,8.0,15325.0,-20.0,3.7,6.0,48.0,357518080332265.0,32.0,0.0,1583813295.0,1546.0,9.89,,EC 221
2020-03-10 04:08:40.479,mijnomgeving,357518080495187,1583813320479,12.0,52.6352741,5.8236897,5.0,220528.0,28.0,4.23,7.0,40.0,357518080495187.0,32.0,0.0,1583813328.0,644.0,9.54,,EC 304
2020-03-10 04:09:02.983,mijnomgeving,357518080166663,1583813342983,2.0,51.8982383,4.4232526,4.0,87329.0,-3.0,4.13,7.0,0.0,357518080166663.0,32.0,0.0,1583813343.0,791.0,9.8,,EC 243
2020-03-10 04:09:10.522,mijnomgeving,357518080495088,1583813350522,255.0,2.55e-05,2.55e-05,0.0,7344.0,0.0,3.92,24.0,0.0,357518080495088.0,32.0,0.0,1583813348.0,1.0,21.53,2.988,EC 321
2020-03-10 04:10:11.514,mijnomgeving,357518080494875,1583813411514,25.0,52.6578385,5.6149598,5.0,24342.0,9.0,4.2,7.0,29.0,357518080494875.0,32.0,0.0,1583813407.0,1879.0,10.07,,EC 311
2020-03-10 04:10:11.568,mijnomgeving,357518080495112,1583813411568,21.0,52.8374521,5.7139191,6.0,65738.0,-10.0,4.21,6.0,16.0,357518080495112.0,32.0,0.0,1583813410.0,1749.0,10.24,,EC 306
2020-03-10 04:10:57.583,mijnomgeving,357518080494909,1583813457583,25.0,52.2261865,5.1747132,4.0,396042.0,20.0,4.17,4.0,58.0,357518080494909.0,32.0,0.0,1583813474.0,137.0,8.92,,EC 329
2020-03-10 04:11:18.604,mijnomgeving,357518080495146,1583813478604,8.0,52.3870001,5.3123006,5.0,63025.0,16.0,4.17,6.0,8.0,357518080495146.0,32.0,0.0,1583813478.0,1679.0,9.89,,EC 317
2020-03-10 04:11:19.611,mijnomgeving,357518080167000,1583813479611,2.0,52.1739363,5.0359653,5.0,99012.0,-3.0,4.13,5.0,0.0,357518080167000.0,32.0,0.0,1583813480.0,621.0,9.36,,EC 228
2020-03-10 04:11:26.581,mijnomgeving,357518080497423,1583813486581,1.0,52.5229251,5.5903379,4.0,300617.0,-4.0,4.17,5.0,2.0,357518080497423.0,32.0,0.0,1583813496.0,2192.0,10.33,,EC 318
2020-03-10 04:11:28.675,mijnomgeving,357518080495203,1583813488675,1.0,52.2260831,5.174673,4.0,144018.0,32.0,4.17,6.0,248.0,357518080495203.0,32.0,0.0,1583813491.0,133.0,9.19,,EC 324
2020-03-10 04:11:49.390,mijnomgeving,357518080163249,1583813509390,2.0,,,,69312.0,,4.17,7.0,,357518080163249.0,32.0,,1583813508.0,471.0,9.63,,EC 212
2020-03-10 04:11:51.639,mijnomgeving,357518080494768,1583813511639,2.0,52.4162657,5.2271173,5.0,108919.0,27.0,4.21,6.0,236.0,357518080494768.0,32.0,0.0,1583813495.0,1253.0,9.89,,EC 305
2020-03-10 04:11:58.856,mijnomgeving,357518080168917,1583813518856,3.0,52.3401828,4.9258603999999995,5.0,21664867.0,53.0,3.99,6.0,0.0,357518080168917.0,16.0,0.0,1583813520.0,65.0,10.07,,EC 209
2020-03-10 04:12:01.607,mijnomgeving,357518080495088,1583813521607,255.0,2.55e-05,2.55e-05,0.0,7515.0,0.0,3.92,24.0,0.0,357518080495088.0,32.0,0.0,1583813519.0,0.0,21.53,2.988,EC 321
2020-03-10 04:12:11.481,mijnomgeving,357518080203151,1583813531481,21.0,52.4207641,4.8601403,8.0,21636955.0,-1.0,4.17,7.0,0.0,357518080203151.0,16.0,0.0,1583813509.0,72.0,9.72,,EC Prototype 001
2020-03-10 04:12:18.641,mijnomgeving,357518080497662,1583813538641,14.0,52.2261516,5.1747273,4.0,52231.0,18.0,4.21,7.0,2.0,357518080497662.0,32.0,0.0,1583813537.0,142.0,9.01,,EC 328
2020-03-10 04:12:25.753,mijnomgeving,357518080330582,1583813545753,15.0,52.3730222,4.9461265,5.0,42325.0,27.0,4.09,8.0,11.0,357518080330582.0,32.0,1.0,1583813545.0,1672.0,9.89,,EC 219
2020-03-10 04:12:47.698,mijnomgeving,357518080494776,1583813567698,0.0,52.2260915,5.1746295,5.0,2719.0,33.0,4.16,5.0,35.0,357518080494776.0,32.0,0.0,1583813565.0,138.0,8.92,,EC 330
2020-03-10 04:13:10.643,mijnomgeving,357518080497639,1583813590643,12.0,52.6591783,5.6608236,6.0,13529.0,-20.0,4.2,7.0,21.0,357518080497639.0,32.0,0.0,1583813587.0,2195.0,10.07,,EC 308
2020-03-10 04:13:15.116,mijnomgeving,357518080163405,1583813595116,4.0,52.3730411,4.9156678,5.0,18015.0,-14.0,4.13,5.0,0.0,357518080163405.0,32.0,0.0,1583813592.0,1714.0,9.63,,EC 226
2020-03-10 04:13:28.264,mijnomgeving,357518080166580,1583813608264,5.0,52.3604487,4.8154107,7.0,3614.0,32.0,4.05,7.0,226.0,357518080166580.0,32.0,1.0,1583813605.0,659.0,9.27,,EC 224
2020-03-10 04:13:33.706,mijnomgeving,357518080495526,1583813613706,0.0,52.2262694,5.1745682,4.0,42318.0,3.0,4.15,5.0,228.0,357518080495526.0,32.0,0.0,1583813611.0,133.0,8.83,,EC 327
2020-03-10 04:13:49.751,mijnomgeving,357518080495682,1583813629751,4.0,52.5493399,5.5883499,4.0,42321.0,45.0,4.18,6.0,0.0,357518080495682.0,32.0,0.0,1583813623.0,1758.0,9.8,,EC 316
2020-03-10 04:14:11.782,mijnomgeving,357518080495104,1583813651782,1.0,52.3382448,5.5373609,4.0,81918.0,109.0,4.12,7.0,14.0,357518080495104.0,32.0,0.0,1583813606.0,815.0,10.42,,EC 312
2020-03-10 04:14:22.892,mijnomgeving,357518080165368,1583813662892,31.0,52.3398622,4.9106773,5.0,20625390.0,-34.0,3.76,6.0,0.0,357518080165368.0,16.0,0.0,1583813627.0,1160.0,9.98,,EC 208
2020-03-10 04:14:41.034,mijnomgeving,357518080166960,1583813681034,32.0,52.7137954,6.8789506,6.0,138641.0,24.0,3.95,5.0,0.0,357518080166960.0,32.0,0.0,1583813683.0,536.0,9.98,,EC 232
2020-03-10 04:14:49.825,mijnomgeving,357518080495120,1583813689825,9.0,52.3337608,5.3126783,7.0,45027.0,-11.0,4.17,5.0,51.0,357518080495120.0,32.0,0.0,1583813687.0,1486.0,9.72,,EC 303
2020-03-10 04:15:01.832,mijnomgeving,357518080495088,1583813701832,255.0,2.55e-05,2.55e-05,0.0,7695.0,0.0,3.92,24.0,0.0,357518080495088.0,32.0,0.0,1583813699.0,1.0,21.53,2.988,EC 321
2020-03-10 04:15:13.820,mijnomgeving,357518080494826,1583813713820,1.0,52.2261128,5.1746144,5.0,101718.0,11.0,4.17,7.0,49.0,357518080494826.0,32.0,0.0,1583813715.0,130.0,8.75,,EC 323
2020-03-10 04:15:18.801,mijnomgeving,357518080495047,1583813718801,1.0,52.2261886,5.1746523,5.0,27018.0,7.0,4.17,6.0,206.0,357518080495047.0,32.0,0.0,1583813714.0,133.0,9.01,,EC 322
2020-03-10 04:15:28.822,mijnomgeving,357518080495153,1583813728822,1.0,52.5788796,5.756833,4.0,9918.0,-9.0,4.189999999999999,5.0,238.0,357518080495153.0,32.0,0.0,1583813726.0,2551.0,9.8,,EC 313
2020-03-10 04:16:00.543,mijnomgeving,357518080495534,1583813760543,0.0,52.5323066,5.5936274,4.0,19818.0,67.0,4.2,6.0,223.0,357518080495534.0,32.0,2.0,1583813754.0,2207.0,9.8,,EC 307
2020-03-10 04:16:19.962,mijnomgeving,357518080494982,1583813779962,1.0,52.2261437,5.1746654,7.0,49518.0,21.0,4.17,6.0,8.0,357518080494982.0,32.0,0.0,1583813776.0,136.0,8.92,,EC 326
2020-03-10 04:16:23.857,mijnomgeving,357518080495070,1583813783857,255.0,2.55e-05,2.55e-05,0.0,30747.0,0.0,4.04,23.0,0.0,357518080495070.0,32.0,0.0,1583813780.0,1.0,21.26,,EC 320
2020-03-10 04:16:26.122,mijnomgeving,357518080165475,1583813786122,23.0,52.372027,4.9257808,4.0,13168869.0,-70.0,4.12,6.0,0.0,357518080165475.0,1.0,0.0,1583813801.0,1319.0,9.36,,EC 201
2020-03-10 04:17:16.027,mijnomgeving,357518080497696,1583813836027,1.0,52.5173973,5.5092064,5.0,22518.0,-46.0,4.17,6.0,236.0,357518080497696.0,32.0,0.0,1583813834.0,1042.0,10.42,,EC 319
2020-03-10 04:18:11.393,mijnomgeving,357518080495088,1583813891393,255.0,2.55e-05,2.55e-05,0.0,7884.0,0.0,3.92,24.0,0.0,357518080495088.0,32.0,0.0,1583813888.0,0.0,21.53,2.988,EC 321
2020-03-10 04:18:11.458,mijnomgeving,357518080495161,1583813891458,21.0,52.4995267,5.4523131,5.0,6424241.0,-120.0,4.18,6.0,55.0,357518080495161.0,32.0,0.0,1583813898.0,940.0,9.63,,EC 315
2020-03-10 04:18:29.952,mijnomgeving,357518080163173,1583813909952,2.0,52.721775,6.8190906,6.0,3612.0,-2.0,3.95,3.0,0.0,357518080163173.0,32.0,0.0,1583813907.0,612.0,9.45,,EC 231
2020-03-10 04:18:33.624,mijnomgeving,357518080164395,1583813913624,5.0,51.8980707,4.4234236,4.0,9915.0,-3.0,4.03,7.0,0.0,357518080164395.0,32.0,0.0,1583813910.0,830.0,10.07,,EC 241
2020-03-10 04:19:44.638,mijnomgeving,357518080495021,1583813984638,255.0,2.55e-05,2.55e-05,0.0,17247.0,0.0,3.95,15.0,0.0,357518080495021.0,32.0,0.0,1583813982.0,0.0,15.18,,EC 325
2020-03-10 04:20:09.613,mijnomgeving,357518080494818,1583814009613,1.0,52.8091612,5.7452822,6.0,27017.0,-2.0,4.21,5.0,55.0,357518080494818.0,32.0,0.0,1583814006.0,1590.0,10.33,,EC 309
2020-03-10 04:20:42.387,mijnomgeving,357518080169006,1583814042387,2.0,,,,67512.0,,3.64,6.0,,357518080169006.0,32.0,,1583814043.0,882.0,9.89,,EC 213
2020-03-10 04:21:03.671,mijnomgeving,357518080495088,1583814063671,255.0,2.55e-05,2.55e-05,0.0,8055.0,0.0,3.92,24.0,0.0,357518080495088.0,32.0,0.0,1583814059.0,1.0,21.53,2.988,EC 321
2020-03-10 04:21:30.740,mijnomgeving,357518080494859,1583814090740,1.0,52.5409735,5.5888013999999995,8.0,21618.0,-8.0,4.15,4.0,33.0,357518080494859.0,32.0,0.0,1583814085.0,1946.0,9.72,,EC 302
2020-03-10 04:21:47.891,mijnomgeving,357518080328131,1583814107891,20.0,52.3864086,4.9176513,6.0,39630.0,4.0,3.81,6.0,11.0,357518080328131.0,32.0,0.0,1583814107.0,54.0,9.1,,EC 230
2020-03-10 04:22:16.448,mijnomgeving,357518080332257,1583814136448,4.0,51.8982928,4.4232727,4.0,29714.0,36.0,4.08,6.0,232.0,357518080332257.0,32.0,0.0,1583814134.0,584.0,9.8,,EC 240
2020-03-10 04:22:58.549,mijnomgeving,357518080170889,1583814178549,3.0,52.0147879,4.295392,5.0,91813.0,-21.0,4.189999999999999,6.0,244.0,357518080170889.0,32.0,1.0,1583814179.0,669.0,10.77,,EC 236
2020-03-10 04:22:59.887,mijnomgeving,357518080494834,1583814179887,4.0,52.4256178,5.420744,5.0,201622.0,-4.0,4.1,5.0,21.0,357518080494834.0,32.0,0.0,1583814169.0,1295.0,10.24,,EC 314
2020-03-10 04:23:10.920,mijnomgeving,357518080332265,1583814190920,2.0,52.392051,4.9373693,5.0,16212.0,2.0,3.69,6.0,12.0,357518080332265.0,32.0,0.0,1583814182.0,1471.0,9.89,,EC 221
2020-03-10 04:23:13.704,mijnomgeving,357518080171390,1583814193704,30.0,52.0319365,5.3036433,7.0,21673867.0,-2.0,4.18,6.0,253.0,357518080171390.0,64.0,0.0,1583814197.0,811.0,10.24,,EC 202
2020-03-10 04:23:28.834,mijnomgeving,357518080495187,1583814208834,1.0,52.6353165,5.8250521,5.0,221417.0,237.0,4.24,6.0,201.0,357518080495187.0,32.0,0.0,1583814217.0,638.0,9.54,,EC 304
2020-03-10 04:23:47.160,mijnomgeving,357518080166663,1583814227160,3.0,51.8981429,4.4233801,4.0,88213.0,-10.0,4.13,7.0,15.0,357518080166663.0,32.0,0.0,1583814227.0,820.0,9.8,,EC 243
2020-03-10 04:24:01.927,mijnomgeving,357518080495088,1583814241927,255.0,2.55e-05,2.55e-05,0.0,8235.0,0.0,3.92,24.0,0.0,357518080495088.0,32.0,0.0,1583814239.0,2.0,21.62,2.988,EC 321
2020-03-10 04:24:05.235,mijnomgeving,357518080330764,1583814245235,23.0,51.820994400000004,4.6111804,4.0,22533.0,-19.0,3.93,7.0,7.0,357518080330764.0,32.0,0.0,1583814199.0,333.0,9.54,,EC 244
2020-03-10 04:24:18.958,mijnomgeving,357518080495146,1583814258958,0.0,52.386927299999996,5.312224,5.0,42.0,2.0,4.14,8.0,255.0,357518080495146.0,32.0,0.0,1583814254.0,1674.0,9.98,,EC 317
2020-03-10 04:24:46.957,mijnomgeving,357518080494875,1583814286957,1.0,52.6579921,5.6150763,5.0,25218.0,-2.0,4.2,6.0,54.0,357518080494875.0,32.0,1.0,1583814283.0,1875.0,10.07,,EC 311
2020-03-10 04:24:51.336,mijnomgeving,357518080495112,1583814291336,0.0,52.8374352,5.7139402,6.0,66617.0,-9.0,4.21,6.0,244.0,357518080495112.0,32.0,0.0,1583814289.0,1740.0,10.24,,EC 306
2020-03-10 04:25:36.039,mijnomgeving,357518080494909,1583814336039,2.0,52.2263434,5.1751223,4.0,396919.0,67.0,4.16,4.0,10.0,357518080494909.0,32.0,0.0,1583814351.0,134.0,9.01,,EC 329
2020-03-10 04:26:19.397,mijnomgeving,357518080167000,1583814379397,2.0,52.1740305,5.0359738,5.0,99912.0,14.0,4.13,5.0,49.0,357518080167000.0,32.0,0.0,1583814380.0,617.0,9.36,,EC 228
2020-03-10 04:26:29.078,mijnomgeving,357518080495203,1583814389078,1.0,52.2262932,5.1746565,4.0,144918.0,30.0,4.16,6.0,15.0,357518080495203.0,32.0,1.0,1583814391.0,131.0,9.27,,EC 324
2020-03-10 04:26:31.058,mijnomgeving,357518080497423,1583814391058,1.0,52.5228916,5.5901741,4.0,301517.0,-1.0,4.17,5.0,238.0,357518080497423.0,32.0,0.0,1583814396.0,2194.0,10.33,,EC 318
2020-03-10 04:26:41.054,mijnomgeving,357518080494768,1583814401054,6.0,52.4168609,5.2262089,4.0,109823.0,-48.0,4.2,7.0,233.0,357518080494768.0,32.0,0.0,1583814399.0,1254.0,9.89,,EC 305
2020-03-10 04:26:52.082,mijnomgeving,357518080203151,1583814412082,5.0,52.420982,4.8601087,6.0,21637839.0,-21.0,4.17,8.0,26.0,357518080203151.0,16.0,0.0,1583814393.0,73.0,9.72,,EC Prototype 001
2020-03-10 04:26:56.920,mijnomgeving,357518080163249,1583814416920,3.0,,,,70213.0,,4.17,7.0,,357518080163249.0,32.0,,1583814410.0,468.0,9.63,,EC 212
2020-03-10 04:27:02.136,mijnomgeving,357518080495088,1583814422136,255.0,2.55e-05,2.55e-05,0.0,8415.0,0.0,3.92,24.0,0.0,357518080495088.0,32.0,0.0,1583814419.0,0.0,21.62,2.988,EC 321
2020-03-10 04:27:16.167,mijnomgeving,357518080497662,1583814436167,1.0,52.226258,5.1746253,4.0,53127.0,20.0,4.21,8.0,1.0,357518080497662.0,32.0,1.0,1583814434.0,142.0,9.1,,EC 328
2020-03-10 04:27:20.441,mijnomgeving,357518080330582,1583814440441,10.0,52.3728968,4.9462157,4.0,43220.0,24.0,4.09,8.0,1.0,357518080330582.0,32.0,0.0,1583814440.0,1668.0,9.89,,EC 219
2020-03-10 04:27:48.057,mijnomgeving,357518080494776,1583814468057,0.0,52.2260797,5.1745644,5.0,3618.0,26.0,4.16,6.0,47.0,357518080494776.0,32.0,0.0,1583814463.0,138.0,8.92,,EC 330
2020-03-10 04:28:01.133,mijnomgeving,357518080497639,1583814481133,1.0,52.659181,5.6608799,7.0,14418.0,-3.0,4.2,7.0,28.0,357518080497639.0,32.0,0.0,1583814476.0,2192.0,10.07,,EC 308
2020-03-10 04:28:08.599,mijnomgeving,357518080168917,1583814488599,6.0,52.3409498,4.9251488,4.0,21665771.0,-87.0,4.0,6.0,238.0,357518080168917.0,16.0,0.0,1583814424.0,61.0,10.33,,EC 209
2020-03-10 04:28:13.720,mijnomgeving,357518080163405,1583814493720,3.0,52.3728818,4.9160671,4.0,18914.0,11.0,4.13,6.0,0.0,357518080163405.0,32.0,0.0,1583814491.0,1750.0,9.63,,EC 226
2020-03-10 04:28:30.106,mijnomgeving,357518080166580,1583814510106,3.0,52.3605324,4.8154712,6.0,4512.0,-72.0,4.04,7.0,0.0,357518080166580.0,32.0,0.0,1583814503.0,661.0,9.27,,EC 224
2020-03-10 04:28:34.302,mijnomgeving,357518080165368,1583814514302,16.0,52.3401562,4.9103238,6.0,20626276.0,-76.0,3.76,6.0,0.0,357518080165368.0,16.0,0.0,1583814513.0,1166.0,9.98,,EC 208
2020-03-10 04:28:34.380,mijnomgeving,357518080495104,1583814514380,0.0,52.3372915,5.5374105,5.0,82818.0,1.0,4.12,7.0,252.0,357518080495104.0,32.0,0.0,1583814506.0,817.0,10.42,,EC 312
2020-03-10 04:28:42.232,mijnomgeving,357518080495682,1583814522232,1.0,52.549385,5.5883257,4.0,43218.0,22.0,4.18,6.0,0.0,357518080495682.0,32.0,0.0,1583814520.0,1756.0,9.72,,EC 316
2020-03-10 04:29:00.247,mijnomgeving,357518080495526,1583814540247,17.0,52.2260957,5.1747556,8.0,43244.0,26.0,4.15,5.0,5.0,357518080495526.0,32.0,0.0,1583814537.0,135.0,8.92,,EC 327
2020-03-10 04:29:29.367,mijnomgeving,357518080166960,1583814569367,20.0,52.7136563,6.8794485,6.0,139529.0,59.0,3.96,5.0,255.0,357518080166960.0,32.0,0.0,1583814571.0,535.0,10.07,,EC 232
2020-03-10 04:29:50.314,mijnomgeving,357518080495120,1583814590314,1.0,52.3336913,5.3125853,7.0,45918.0,1.0,4.17,5.0,15.0,357518080495120.0,32.0,0.0,1583814578.0,1490.0,9.63,,EC 303
2020-03-10 04:30:02.361,mijnomgeving,357518080495088,1583814602361,255.0,2.55e-05,2.55e-05,0.0,8595.0,0.0,3.92,24.0,0.0,357518080495088.0,32.0,0.0,1583814599.0,1.0,21.62,2.988,EC 321
2020-03-10 04:30:21.151,mijnomgeving,357518080494826,1583814621151,1.0,52.2261004,5.1747035,5.0,102618.0,27.0,4.17,7.0,53.0,357518080494826.0,32.0,0.0,1583814615.0,129.0,8.75,,EC 323
2020-03-10 04:30:21.182,mijnomgeving,357518080495047,1583814621182,1.0,52.2260811,5.1747125,5.0,27918.0,37.0,4.16,6.0,244.0,357518080495047.0,32.0,0.0,1583814614.0,134.0,9.1,,EC 322
2020-03-10 04:30:29.309,mijnomgeving,357518080495153,1583814629309,1.0,52.5789805,5.7567052,4.0,10818.0,-27.0,4.189999999999999,5.0,241.0,357518080495153.0,32.0,0.0,1583814626.0,2559.0,9.8,,EC 313
2020-03-10 04:30:56.448,mijnomgeving,357518080495534,1583814656448,1.0,52.5326129,5.5929532,4.0,20717.0,-7.0,4.2,7.0,220.0,357518080495534.0,32.0,0.0,1583814653.0,2205.0,9.8,,EC 307
2020-03-10 04:31:09.318,mijnomgeving,357518080165475,1583814669318,6.0,52.3720237,4.9254891,4.0,13169752.0,-58.0,4.12,7.0,0.0,357518080165475.0,1.0,0.0,1583814684.0,1415.0,9.36,,EC 201
2020-03-10 04:31:13.398,mijnomgeving,357518080495070,1583814673398,255.0,2.55e-05,2.55e-05,0.0,31638.0,0.0,4.04,24.0,0.0,357518080495070.0,32.0,0.0,1583814670.0,0.0,21.26,,EC 320
2020-03-10 04:31:17.411,mijnomgeving,357518080494982,1583814677411,1.0,52.2261042,5.1746697,7.0,50418.0,27.0,4.17,7.0,30.0,357518080494982.0,32.0,0.0,1583814676.0,137.0,8.92,,EC 326
2020-03-10 04:32:17.499,mijnomgeving,357518080497696,1583814737499,1.0,52.5172903,5.5093855,5.0,23418.0,7.0,4.16,5.0,206.0,357518080497696.0,32.0,0.0,1583814734.0,1043.0,10.33,,EC 319
2020-03-10 04:32:52.067,mijnomgeving,357518080495161,1583814772067,2.0,52.499683,5.4528732,6.0,6425122.0,-3.0,4.189999999999999,6.0,52.0,357518080495161.0,32.0,0.0,1583814779.0,940.0,9.63,,EC 315
2020-03-10 04:33:02.563,mijnomgeving,357518080495088,1583814782563,255.0,2.55e-05,2.55e-05,0.0,8775.0,0.0,3.92,24.0,0.0,357518080495088.0,32.0,0.0,1583814779.0,0.0,21.62,2.988,EC 321
2020-03-10 04:33:12.763,mijnomgeving,357518080330582,1583814792763,6.0,52.3730587,4.9461286,4.0,48.0,22.0,4.01,9.0,241.0,357518080330582.0,32.0,0.0,1583814790.0,1665.0,9.89,,EC 219
2020-03-10 04:33:29.481,mijnomgeving,357518080163173,1583814809481,2.0,52.7218997,6.8191821,6.0,4512.0,2.0,3.95,4.0,0.0,357518080163173.0,32.0,0.0,1583814806.0,613.0,9.45,,EC 231
2020-03-10 04:33:32.364,mijnomgeving,357518080164395,1583814812364,4.0,51.8986281,4.4229497,5.0,10814.0,-4.0,4.03,7.0,0.0,357518080164395.0,32.0,0.0,1583814809.0,831.0,10.07,,EC 241
2020-03-10 04:34:46.657,mijnomgeving,357518080495021,1583814886657,255.0,2.55e-05,2.55e-05,0.0,18147.0,0.0,3.95,15.0,0.0,357518080495021.0,32.0,0.0,1583814882.0,1.0,15.09,,EC 325
2020-03-10 04:35:09.708,mijnomgeving,357518080494818,1583814909708,1.0,52.8091416,5.7452096,6.0,27917.0,-2.0,4.21,5.0,11.0,357518080494818.0,32.0,0.0,1583814906.0,1590.0,10.33,,EC 309
2020-03-10 04:35:11.208,mijnomgeving,357518080166754,1583814911208,22.0,52.3539838,4.9248033,6.0,21042967.0,-19.0,4.17,6.0,10.0,357518080166754.0,16.0,0.0,1583813930.0,1176.0,9.89,,EC 204
2020-03-10 04:35:12.112,mijnomgeving,357518080166754,1583814912112,1.0,52.3540106,4.9246371,6.0,21043846.0,-23.0,4.17,8.0,0.0,357518080166754.0,16.0,0.0,1583814809.0,1165.0,9.89,,EC 204
2020-03-10 04:35:42.216,mijnomgeving,357518080169006,1583814942216,2.0,,,,68412.0,,3.64,6.0,,357518080169006.0,32.0,,1583814943.0,879.0,9.89,,EC 213
2020-03-10 04:36:11.752,mijnomgeving,357518080495088,1583814971752,255.0,2.55e-05,2.55e-05,0.0,8964.0,0.0,3.92,24.0,0.0,357518080495088.0,32.0,0.0,1583814968.0,0.0,21.53,2.988,EC 321
2020-03-10 04:36:27.763,mijnomgeving,357518080494859,1583814987763,1.0,52.540913,5.588798,8.0,22518.0,-23.0,4.15,5.0,29.0,357518080494859.0,32.0,0.0,1583814985.0,1947.0,9.72,,EC 302
2020-03-10 04:36:43.896,mijnomgeving,357518080328131,1583815003896,7.0,52.386566,4.9176768,6.0,40526.0,-17.0,3.81,7.0,240.0,357518080328131.0,32.0,0.0,1583815003.0,55.0,9.36,,EC 230
2020-03-10 04:37:15.733,mijnomgeving,357518080332257,1583815035733,3.0,51.8981437,4.4233191,5.0,30613.0,-9.0,4.09,7.0,12.0,357518080332257.0,32.0,0.0,1583815033.0,570.0,9.8,,EC 240
2020-03-10 04:37:44.131,mijnomgeving,357518080171390,1583815064131,3.0,52.0318343,5.3038525,7.0,21674740.0,19.0,4.17,6.0,0.0,357518080171390.0,64.0,0.0,1583815070.0,810.0,10.24,,EC 202
2020-03-10 04:37:54.864,mijnomgeving,357518080494834,1583815074864,0.0,52.4255135,5.4207292,4.0,202518.0,-16.0,4.1,5.0,16.0,357518080494834.0,32.0,0.0,1583815065.0,1296.0,10.24,,EC 314
2020-03-10 04:38:00.690,mijnomgeving,357518080170889,1583815080690,5.0,52.014607,4.2954804,4.0,92715.0,-3.0,4.189999999999999,6.0,237.0,357518080170889.0,32.0,0.0,1583815081.0,650.0,10.86,,EC 236
2020-03-10 04:38:09.952,mijnomgeving,357518080332265,1583815089952,2.0,52.3921151,4.9373427,7.0,17112.0,-8.0,3.7,7.0,0.0,357518080332265.0,32.0,0.0,1583815082.0,1482.0,9.98,,EC 221
2020-03-10 04:38:18.410,mijnomgeving,357518080330764,1583815098410,20.0,51.8208465,4.6108283,5.0,23430.0,-77.0,3.93,7.0,199.0,357518080330764.0,32.0,0.0,1583815096.0,313.0,9.54,,EC 244
2020-03-10 04:38:30.908,mijnomgeving,357518080495187,1583815110908,3.0,52.6350348,5.8229724,5.0,222319.0,-94.0,4.23,7.0,16.0,357518080495187.0,32.0,0.0,1583815119.0,634.0,9.54,,EC 304
2020-03-10 04:38:55.986,mijnomgeving,357518080495146,1583815135986,0.0,52.3869824,5.3122205000000005,4.0,917.0,23.0,4.17,7.0,237.0,357518080495146.0,32.0,1.0,1583815129.0,1680.0,9.89,,EC 317
2020-03-10 04:39:02.924,mijnomgeving,357518080495088,1583815142924,255.0,2.55e-05,2.55e-05,0.0,9135.0,0.0,3.92,24.0,0.0,357518080495088.0,32.0,0.0,1583815139.0,1.0,21.62,2.988,EC 321
2020-03-10 04:39:45.980,mijnomgeving,357518080494875,1583815185980,1.0,52.6580378,5.6152512,5.0,26118.0,51.0,4.2,6.0,40.0,357518080494875.0,32.0,9.0,1583815183.0,1869.0,10.07,,EC 311
2020-03-10 04:39:50.939,mijnomgeving,357518080495112,1583815190939,1.0,52.8375056,5.7138074,6.0,67518.0,-20.0,4.2,6.0,231.0,357518080495112.0,32.0,0.0,1583815190.0,1733.0,10.24,,EC 306
2020-03-10 04:40:17.050,mijnomgeving,357518080495526,1583815217050,1.0,52.2261165,5.1747098,13.0,41.0,27.0,4.16,7.0,199.0,357518080495526.0,32.0,0.0,1583815212.0,132.0,8.92,,EC 327
2020-03-10 04:40:49.098,mijnomgeving,357518080494909,1583815249098,11.0,52.22582,5.1739273,4.0,397828.0,-137.0,4.16,5.0,37.0,357518080494909.0,32.0,0.0,1583815260.0,136.0,9.01,,EC 329
2020-03-10 04:40:50.303,mijnomgeving,357518080166663,1583815250303,3.0,51.89825,4.4233192,4.0,89113.0,-1.0,4.13,7.0,0.0,357518080166663.0,32.0,0.0,1583815127.0,778.0,9.8,,EC 243
2020-03-10 04:41:19.563,mijnomgeving,357518080167000,1583815279563,2.0,52.1739067,5.0361067,5.0,100813.0,-15.0,4.13,5.0,0.0,357518080167000.0,32.0,0.0,1583815280.0,618.0,9.36,,EC 228
2020-03-10 04:41:28.162,mijnomgeving,357518080495203,1583815288162,0.0,52.2269138,5.1745837,4.0,145817.0,72.0,4.16,6.0,13.0,357518080495203.0,32.0,3.0,1583815290.0,131.0,9.27,,EC 324
2020-03-10 04:41:32.109,mijnomgeving,357518080497423,1583815292109,1.0,52.5230167,5.5902158,4.0,302418.0,-15.0,4.17,5.0,240.0,357518080497423.0,32.0,0.0,1583815297.0,2191.0,10.33,,EC 318
2020-03-10 04:41:50.149,mijnomgeving,357518080494768,1583815310149,9.0,52.4167354,5.2264668,4.0,110726.0,-19.0,4.21,7.0,229.0,357518080494768.0,32.0,0.0,1583815302.0,1255.0,9.89,,EC 305
2020-03-10 04:41:51.149,mijnomgeving,357518080163249,1583815311149,4.0,,,,71114.0,,4.17,8.0,,357518080163249.0,32.0,,1583815310.0,465.0,9.63,,EC 212
2020-03-10 04:42:00.537,mijnomgeving,357518080203151,1583815320537,31.0,52.4206776,4.8597968,5.0,21638765.0,1.0,4.18,7.0,23.0,357518080203151.0,16.0,0.0,1583815319.0,74.0,9.72,,EC Prototype 001
2020-03-10 04:42:02.137,mijnomgeving,357518080168917,1583815322137,3.0,52.3406927,4.9256919,4.0,21666667.0,15.0,3.99,7.0,0.0,357518080168917.0,16.0,0.0,1583815319.0,60.0,10.95,,EC 209
2020-03-10 04:42:10.202,mijnomgeving,357518080497662,1583815330202,3.0,52.225885,5.1748368,4.0,54020.0,5.0,4.21,7.0,206.0,357518080497662.0,32.0,0.0,1583815327.0,141.0,9.1,,EC 328
2020-03-10 04:42:11.147,mijnomgeving,357518080495088,1583815331147,255.0,2.55e-05,2.55e-05,0.0,9324.0,0.0,3.92,24.0,0.0,357518080495088.0,32.0,0.0,1583815328.0,2.0,21.62,2.988,EC 321
2020-03-10 04:42:57.209,mijnomgeving,357518080494776,1583815377209,1.0,52.2261673,5.1747823,5.0,4527.0,-2.0,4.16,6.0,3.0,357518080494776.0,32.0,0.0,1583815373.0,137.0,9.01,,EC 330
2020-03-10 04:42:59.193,mijnomgeving,357518080497639,1583815379193,1.0,52.6591504,5.6608673,7.0,15318.0,-19.0,4.2,7.0,224.0,357518080497639.0,32.0,0.0,1583815376.0,2188.0,10.07,,EC 308
2020-03-10 04:43:15.465,mijnomgeving,357518080163405,1583815395465,4.0,52.3729218,4.9161318,5.0,19815.0,7.0,4.13,6.0,0.0,357518080163405.0,32.0,0.0,1583815392.0,1759.0,9.63,,EC 226
2020-03-10 04:43:26.252,mijnomgeving,357518080495104,1583815406252,1.0,52.337366,5.5373689,4.0,83718.0,-10.0,4.12,7.0,23.0,357518080495104.0,32.0,0.0,1583815406.0,825.0,10.42,,EC 312
2020-03-10 04:43:36.341,mijnomgeving,357518080165368,1583815416341,16.0,52.3397965,4.9108589,6.0,20627176.0,-3.0,3.76,7.0,0.0,357518080165368.0,16.0,0.0,1583815413.0,1174.0,9.98,,EC 208
2020-03-10 04:43:54.148,mijnomgeving,357518080166580,1583815434148,7.0,52.3602396,4.815358,4.0,5416.0,110.0,4.05,8.0,248.0,357518080166580.0,32.0,0.0,1583815407.0,661.0,9.27,,EC 224
2020-03-10 04:44:06.308,mijnomgeving,357518080495682,1583815446308,8.0,52.5494808,5.5883041,5.0,44126.0,0.0,4.17,7.0,246.0,357518080495682.0,32.0,0.0,1583815428.0,1756.0,9.72,,EC 316
2020-03-10 04:44:37.344,mijnomgeving,357518080495070,1583815477344,255.0,2.55e-05,2.55e-05,0.0,161.0,0.0,4.01,24.0,0.0,357518080495070.0,32.0,0.0,1583815473.0,0.0,21.44,,EC 320
2020-03-10 04:44:41.302,mijnomgeving,357518080495120,1583815481302,0.0,52.3336773,5.3126258,6.0,46818.0,15.0,4.18,6.0,0.0,357518080495120.0,32.0,0.0,1583815478.0,1488.0,9.63,,EC 303
2020-03-10 04:44:42.640,mijnomgeving,357518080166960,1583815482640,33.0,52.7138364,6.8787974,6.0,140442.0,37.0,3.96,5.0,0.0,357518080166960.0,32.0,0.0,1583815484.0,537.0,10.16,,EC 232
2020-03-10 04:45:02.366,mijnomgeving,357518080495088,1583815502366,255.0,2.55e-05,2.55e-05,0.0,9495.0,0.0,3.92,24.0,0.0,357518080495088.0,32.0,0.0,1583815499.0,0.0,21.62,2.988,EC 321
2020-03-10 04:45:15.368,mijnomgeving,357518080494826,1583815515368,1.0,52.2261155,5.174744,5.0,103518.0,31.0,4.17,8.0,40.0,357518080494826.0,32.0,0.0,1583815515.0,130.0,8.83,,EC 323
2020-03-10 04:45:17.328,mijnomgeving,357518080495047,1583815517328,1.0,52.2262185,5.1746141,5.0,28818.0,16.0,4.17,6.0,9.0,357518080495047.0,32.0,0.0,1583815514.0,135.0,9.1,,EC 322
2020-03-10 04:45:29.356,mijnomgeving,357518080495153,1583815529356,1.0,52.5787796,5.7569951,4.0,11718.0,-3.0,4.189999999999999,5.0,241.0,357518080495153.0,32.0,1.0,1583815526.0,2560.0,9.8,,EC 313
2020-03-10 04:46:01.855,mijnomgeving,357518080495534,1583815561855,1.0,52.5325117,5.5933638,4.0,21618.0,23.0,4.2,7.0,46.0,357518080495534.0,32.0,1.0,1583815553.0,2205.0,9.72,,EC 307
2020-03-10 04:46:18.910,mijnomgeving,357518080494982,1583815578910,1.0,52.2261857,5.1746774,6.0,51318.0,14.0,4.17,7.0,29.0,357518080494982.0,32.0,0.0,1583815576.0,134.0,9.01,,EC 326
2020-03-10 04:46:34.415,mijnomgeving,357518080165475,1583815594415,31.0,52.3720863,4.9252416,9.0,13170677.0,-5.0,4.12,8.0,35.0,357518080165475.0,1.0,0.0,1583815609.0,1338.0,9.36,,EC 201
2020-03-10 04:47:17.230,mijnomgeving,357518080497696,1583815637230,1.0,52.517238,5.5094763,5.0,24318.0,-16.0,4.17,6.0,44.0,357518080497696.0,32.0,0.0,1583815634.0,1045.0,10.33,,EC 319
2020-03-10 04:47:39.464,mijnomgeving,357518080330582,1583815659464,5.0,52.3730743,4.9461015,4.0,915.0,1.0,4.09,8.0,0.0,357518080330582.0,32.0,0.0,1583815657.0,1674.0,9.89,,EC 219
2020-03-10 04:47:52.258,mijnomgeving,357518080495161,1583815672258,3.0,52.4997152,5.4528962,6.0,6426023.0,0.0,4.189999999999999,6.0,0.0,357518080495161.0,32.0,0.0,1583815680.0,946.0,9.63,,EC 315
2020-03-10 04:48:11.355,mijnomgeving,357518080495088,1583815691355,255.0,2.55e-05,2.55e-05,0.0,9684.0,0.0,3.92,24.0,0.0,357518080495088.0,32.0,0.0,1583815688.0,0.0,21.62,2.988,EC 321
2020-03-10 04:48:24.044,mijnomgeving,357518080166754,1583815704044,2.0,52.3538757,4.9247619,5.0,21044747.0,-10.0,4.17,8.0,234.0,357518080166754.0,16.0,0.0,1583815710.0,1168.0,9.89,,EC 204
2020-03-10 04:48:29.965,mijnomgeving,357518080163173,1583815709965,2.0,52.7217769,6.81924,5.0,5412.0,-26.0,3.95,4.0,0.0,357518080163173.0,32.0,0.0,1583815707.0,613.0,9.45,,EC 231
2020-03-10 04:48:34.063,mijnomgeving,357518080164395,1583815714063,5.0,51.898307,4.4232531999999996,4.0,11715.0,-8.0,4.03,7.0,228.0,357518080164395.0,32.0,1.0,1583815710.0,831.0,10.07,,EC 241
2020-03-10 04:49:35.506,mijnomgeving,357518080495021,1583815775506,255.0,2.55e-05,2.55e-05,0.0,19038.0,0.0,3.94,15.0,0.0,357518080495021.0,32.0,0.0,1583815773.0,0.0,15.09,,EC 325
2020-03-10 04:50:08.506,mijnomgeving,357518080494818,1583815808506,1.0,52.8090646,5.7452393,5.0,28817.0,-32.0,4.21,6.0,0.0,357518080494818.0,32.0,0.0,1583815806.0,1588.0,10.33,,EC 309
2020-03-10 04:50:42.695,mijnomgeving,357518080169006,1583815842695,2.0,,,,69312.0,,3.64,6.0,,357518080169006.0,32.0,,1583815843.0,874.0,9.89,,EC 213
2020-03-10 04:51:12.550,mijnomgeving,357518080495088,1583815872550,255.0,2.55e-05,2.55e-05,0.0,9864.0,0.0,3.92,24.0,0.0,357518080495088.0,32.0,0.0,1583815868.0,1.0,21.62,2.988,EC 321
2020-03-10 04:51:28.567,mijnomgeving,357518080494859,1583815888567,0.0,52.5409202,5.5888293,8.0,23418.0,-13.0,4.16,5.0,0.0,357518080494859.0,32.0,0.0,1583815885.0,1947.0,9.72,,EC 302
2020-03-10 04:51:44.992,mijnomgeving,357518080328131,1583815904992,8.0,52.3858407,4.9172993,6.0,41427.0,-80.0,3.81,8.0,21.0,357518080328131.0,32.0,1.0,1583815904.0,53.0,9.36,,EC 230
2020-03-10 04:52:15.421,mijnomgeving,357518080332257,1583815935421,1.0,51.8982734,4.4231613,4.0,31511.0,-25.0,4.08,7.0,0.0,357518080332257.0,32.0,0.0,1583815931.0,582.0,9.8,,EC 240
2020-03-10 04:52:39.679,mijnomgeving,357518080494834,1583815959679,0.0,52.4256138,5.4207633,5.0,203418.0,-14.0,4.1,5.0,12.0,357518080494834.0,32.0,3.0,1583815965.0,1304.0,10.33,,EC 314
2020-03-10 04:52:45.231,mijnomgeving,357518080171390,1583815965231,2.0,52.0318087,5.3036348,7.0,21675639.0,-6.0,4.17,6.0,247.0,357518080171390.0,64.0,0.0,1583815969.0,811.0,10.16,,EC 202
2020-03-10 04:53:05.849,mijnomgeving,357518080332265,1583815985849,2.0,52.3922031,4.9373219,6.0,18012.0,-21.0,3.7,8.0,238.0,357518080332265.0,32.0,1.0,1583815982.0,1462.0,9.98,,EC 221
2020-03-10 04:53:07.970,mijnomgeving,357518080330764,1583815987970,10.0,51.8199683,4.6100618,4.0,24320.0,-191.0,3.93,7.0,0.0,357518080330764.0,32.0,0.0,1583815986.0,327.0,9.54,,EC 244
2020-03-10 04:53:18.093,mijnomgeving,357518080170889,1583815998093,22.0,52.0145821,4.2955743,5.0,93632.0,-4.0,4.189999999999999,6.0,233.0,357518080170889.0,32.0,0.0,1583815998.0,606.0,11.04,,EC 236
2020-03-10 04:53:28.705,mijnomgeving,357518080495187,1583816008705,1.0,52.6349903,5.8233649,4.0,223217.0,-137.0,4.23,7.0,16.0,357518080495187.0,32.0,0.0,1583816017.0,627.0,9.54,,EC 304
2020-03-10 04:53:49.061,mijnomgeving,357518080166663,1583816029061,3.0,51.8982251,4.4229948,4.0,90013.0,108.0,4.13,8.0,0.0,357518080166663.0,32.0,0.0,1583816027.0,787.0,9.8,,EC 243
2020-03-10 04:54:01.820,mijnomgeving,357518080495146,1583816041820,9.0,52.386946,5.3125278,4.0,1826.0,-51.0,4.17,7.0,56.0,357518080495146.0,32.0,0.0,1583816038.0,1681.0,9.89,,EC 317
2020-03-10 04:54:12.727,mijnomgeving,357518080495088,1583816052727,255.0,2.55e-05,2.55e-05,0.0,10044.0,0.0,3.92,24.0,0.0,357518080495088.0,32.0,0.0,1583816048.0,1.0,21.62,2.988,EC 321
2020-03-10 04:54:46.728,mijnomgeving,357518080494875,1583816086728,1.0,52.6577561,5.6145989,4.0,27018.0,-35.0,4.2,7.0,55.0,357518080494875.0,32.0,0.0,1583816083.0,1866.0,10.07,,EC 311
2020-03-10 04:54:50.657,mijnomgeving,357518080495112,1583816090657,0.0,52.837345,5.7140975,5.0,68417.0,3.0,4.21,6.0,233.0,357518080495112.0,32.0,0.0,1583816089.0,1736.0,10.24,,EC 306
2020-03-10 04:54:54.711,mijnomgeving,357518080495526,1583816094711,1.0,52.2261418,5.174624,11.0,920.0,29.0,4.15,6.0,31.0,357518080495526.0,32.0,0.0,1583816091.0,135.0,9.01,,EC 327
2020-03-10 04:55:52.900,mijnomgeving,357518080494909,1583816152900,16.0,52.2261964,5.1746733,6.0,398733.0,37.0,4.16,5.0,19.0,357518080494909.0,32.0,0.0,1583816165.0,135.0,9.1,,EC 329
2020-03-10 04:56:20.989,mijnomgeving,357518080167000,1583816180989,3.0,52.173826,5.0359992,5.0,101714.0,-31.0,4.13,5.0,0.0,357518080167000.0,32.0,0.0,1583816181.0,618.0,9.36,,EC 228
2020-03-10 04:56:36.094,mijnomgeving,357518080203151,1583816196094,3.0,52.4208937,4.8600923,5.0,21639637.0,39.0,4.18,8.0,26.0,357518080203151.0,16.0,0.0,1583816191.0,71.0,9.72,,EC Prototype 001
2020-03-10 04:56:41.921,mijnomgeving,357518080495203,1583816201921,13.0,52.2260926,5.1745738,5.0,146731.0,27.0,4.17,7.0,12.0,357518080495203.0,32.0,0.0,1583816204.0,133.0,9.36,,EC 324
2020-03-10 04:56:42.886,mijnomgeving,357518080497423,1583816202886,16.0,52.5229328,5.5903268,6.0,303333.0,0.0,4.17,6.0,238.0,357518080497423.0,32.0,0.0,1583816212.0,2193.0,10.33,,EC 318
2020-03-10 04:56:59.171,mijnomgeving,357518080163249,1583816219171,6.0,,,,72016.0,,4.17,8.0,,357518080163249.0,32.0,,1583816213.0,463.0,9.63,,EC 212
2020-03-10 04:57:04.967,mijnomgeving,357518080495088,1583816224967,255.0,2.55e-05,2.55e-05,0.0,10215.0,0.0,3.92,24.0,0.0,357518080495088.0,32.0,0.0,1583816219.0,1.0,21.62,2.988,EC 321
2020-03-10 04:57:15.259,mijnomgeving,357518080168917,1583816235259,9.0,52.3389088,4.9278212,4.0,21667573.0,66.0,3.99,7.0,247.0,357518080168917.0,16.0,3.0,1583816226.0,57.0,11.13,,EC 209
2020-03-10 04:57:21.884,mijnomgeving,357518080494768,1583816241884,26.0,52.4166663,5.2264666,6.0,111643.0,-18.0,4.21,8.0,221.0,357518080494768.0,32.0,0.0,1583816219.0,1260.0,9.89,,EC 305
2020-03-10 04:57:38.042,mijnomgeving,357518080497662,1583816258042,24.0,52.2262249,5.1746731,6.0,54950.0,0.0,4.2,8.0,240.0,357518080497662.0,32.0,0.0,1583816257.0,141.0,9.19,,EC 328
2020-03-10 04:57:46.908,mijnomgeving,357518080494776,1583816266908,1.0,52.2261281,5.1747382,5.0,5418.0,17.0,4.16,6.0,0.0,357518080494776.0,32.0,0.0,1583816264.0,137.0,9.1,,EC 330
2020-03-10 04:58:00.590,mijnomgeving,357518080497639,1583816280590,1.0,52.6591944,5.6608403,6.0,16218.0,-5.0,4.2,7.0,11.0,357518080497639.0,32.0,0.0,1583816276.0,2190.0,10.07,,EC 308
2020-03-10 04:58:13.275,mijnomgeving,357518080163405,1583816293275,3.0,52.3722972,4.9162862,4.0,20713.0,-11.0,4.14,7.0,217.0,357518080163405.0,32.0,0.0,1583816290.0,1739.0,9.63,,EC 226
2020-03-10 04:58:25.941,mijnomgeving,357518080495104,1583816305941,1.0,52.3370435,5.537866,4.0,84618.0,12.0,4.12,8.0,13.0,357518080495104.0,32.0,0.0,1583816306.0,823.0,10.42,,EC 312
2020-03-10 04:58:28.093,mijnomgeving,357518080165368,1583816308093,17.0,52.339833,4.9108141,6.0,20628077.0,-5.0,3.76,8.0,0.0,357518080165368.0,16.0,0.0,1583816313.0,1179.0,9.98,,EC 208
2020-03-10 04:58:47.739,mijnomgeving,357518080166580,1583816327739,20.0,52.3604517,4.8153362,4.0,6329.0,144.0,4.04,8.0,246.0,357518080166580.0,32.0,0.0,1583816320.0,661.0,9.27,,EC 224
2020-03-10 04:58:56.024,mijnomgeving,357518080495682,1583816336024,1.0,52.5495621,5.58833,5.0,45018.0,-32.0,4.18,6.0,22.0,357518080495682.0,32.0,0.0,1583816319.0,1733.0,9.72,,EC 316
2020-03-10 04:59:14.003,mijnomgeving,357518080495070,1583816354003,255.0,2.55e-05,2.55e-05,0.0,1038.0,0.0,4.04,24.0,0.0,357518080495070.0,32.0,0.0,1583816350.0,1.0,21.35,,EC 320
2020-03-10 04:59:32.981,mijnomgeving,357518080166960,1583816372981,24.0,52.713778,6.8785318,6.0,141333.0,49.0,3.96,5.0,255.0,357518080166960.0,32.0,0.0,1583816375.0,538.0,10.16,,EC 232
2020-03-10 04:59:40.142,mijnomgeving,357518080495120,1583816380142,0.0,52.3337414,5.3126237,6.0,47718.0,8.0,4.17,6.0,0.0,357518080495120.0,32.0,0.0,1583816378.0,1490.0,9.63,,EC 303
2020-03-10 05:00:02.844,mijnomgeving,357518080495088,1583816402844,255.0,2.55e-05,2.55e-05,0.0,10395.0,0.0,3.92,24.0,0.0,357518080495088.0,32.0,0.0,1583816399.0,1.0,21.62,2.988,EC 321
2020-03-10 05:00:14.149,mijnomgeving,357518080494826,1583816414149,0.0,52.2261038,5.1745938,5.0,104418.0,40.0,4.17,8.0,233.0,357518080494826.0,32.0,0.0,1583816415.0,129.0,8.92,,EC 323
2020-03-10 05:00:34.175,mijnomgeving,357518080495047,1583816434175,18.0,52.2260906,5.1745682,4.0,29735.0,100.0,4.17,7.0,212.0,357518080495047.0,32.0,0.0,1583816431.0,133.0,9.19,,EC 322
2020-03-10 05:00:41.164,mijnomgeving,357518080495153,1583816441164,13.0,52.5790079,5.7567728,5.0,12630.0,-10.0,4.18,6.0,239.0,357518080495153.0,32.0,0.0,1583816438.0,2559.0,9.8,,EC 313
2020-03-10 05:00:54.549,mijnomgeving,357518080166580,1583816454549,0.0,52.3603372,4.8154492,7.0,51.0,18.0,4.04,8.0,247.0,357518080166580.0,32.0,0.0,1583816451.0,660.0,9.27,,EC 224
2020-03-10 05:01:14.159,mijnomgeving,357518080495534,1583816474159,16.0,52.5326965,5.5930842,10.0,22533.0,-12.0,4.21,7.0,238.0,357518080495534.0,32.0,0.0,1583816469.0,2202.0,9.72,,EC 307
2020-03-10 05:01:28.178,mijnomgeving,357518080494982,1583816488178,1.0,52.2261611,5.1747364,5.0,52227.0,12.0,4.17,7.0,27.0,357518080494982.0,32.0,0.0,1583816485.0,135.0,9.1,,EC 326
2020-03-10 05:02:21.392,mijnomgeving,357518080497696,1583816541392,0.0,52.5173029,5.5092274,4.0,25217.0,7.0,4.16,6.0,241.0,357518080497696.0,32.0,0.0,1583816533.0,1044.0,10.33,,EC 319
2020-03-10 05:02:40.139,mijnomgeving,357518080330582,1583816560139,5.0,52.3732341,4.9461147,4.0,1815.0,-26.0,4.09,9.0,0.0,357518080330582.0,32.0,0.0,1583816557.0,1679.0,9.89,,EC 219
2020-03-10 05:02:55.409,mijnomgeving,357518080495161,1583816575409,2.0,52.4996219,5.4528147,5.0,6426922.0,15.0,4.189999999999999,6.0,0.0,357518080495161.0,32.0,0.0,1583816579.0,947.0,9.63,,EC 315
2020-03-10 05:03:11.461,mijnomgeving,357518080495088,1583816591461,255.0,2.55e-05,2.55e-05,0.0,10584.0,0.0,3.92,24.0,0.0,357518080495088.0,32.0,0.0,1583816588.0,0.0,21.62,2.988,EC 321
2020-03-10 05:03:29.814,mijnomgeving,357518080163173,1583816609814,2.0,52.7217598,6.8192447,5.0,6312.0,-4.0,3.95,4.0,0.0,357518080163173.0,32.0,0.0,1583816607.0,614.0,9.45,,EC 231
2020-03-10 05:03:30.610,mijnomgeving,357518080166754,1583816610610,2.0,52.3539565,4.9246134,5.0,21045647.0,-5.0,4.17,8.0,222.0,357518080166754.0,16.0,0.0,1583816610.0,1175.0,9.89,,EC 204
2020-03-10 05:03:48.105,mijnomgeving,357518080164395,1583816628105,20.0,51.8981864,4.4232972,5.0,12630.0,-17.0,4.03,7.0,249.0,357518080164395.0,32.0,0.0,1583816625.0,832.0,10.07,,EC 241
2020-03-10 05:04:35.507,mijnomgeving,357518080495021,1583816675507,255.0,2.55e-05,2.55e-05,0.0,19938.0,0.0,3.95,15.0,0.0,357518080495021.0,32.0,0.0,1583816673.0,1.0,15.09,,EC 325
2020-03-10 05:04:58.355,mijnomgeving,357518080166887,1583816698355,255.0,2.55e-05,2.55e-05,0.0,11906270.0,0.0,3.6,8.0,0.0,357518080166887.0,4.0,0.0,1583816695.0,28.0,11.3,,EC 200
2020-03-10 05:05:08.637,mijnomgeving,357518080494818,1583816708637,1.0,52.8091148,5.7452877,5.0,29718.0,-52.0,4.22,6.0,0.0,357518080494818.0,32.0,0.0,1583816706.0,1584.0,10.33,,EC 309
2020-03-10 05:05:44.462,mijnomgeving,357518080169006,1583816744462,4.0,,,,70214.0,,3.65,6.0,,357518080169006.0,32.0,,1583816745.0,878.0,9.89,,EC 213
2020-03-10 05:06:13.662,mijnomgeving,357518080495088,1583816773662,255.0,2.55e-05,2.55e-05,0.0,10764.0,0.0,3.92,24.0,0.0,357518080495088.0,32.0,0.0,1583816768.0,1.0,21.62,2.988,EC 321
2020-03-10 05:06:28.649,mijnomgeving,357518080494859,1583816788649,1.0,52.5408586,5.5888712,7.0,24318.0,-35.0,4.15,5.0,235.0,357518080494859.0,32.0,0.0,1583816785.0,1947.0,9.72,,EC 302
2020-03-10 05:06:49.981,mijnomgeving,357518080328131,1583816809981,13.0,52.3870277,4.9177467,6.0,42332.0,14.0,3.81,8.0,0.0,357518080328131.0,32.0,0.0,1583816809.0,53.0,9.45,,EC 230
2020-03-10 05:07:13.989,mijnomgeving,357518080332257,1583816833989,2.0,51.8984338,4.4232095,5.0,32412.0,5.0,4.08,7.0,0.0,357518080332257.0,32.0,0.0,1583816832.0,568.0,9.8,,EC 240
2020-03-10 05:07:59.386,mijnomgeving,357518080170889,1583816879386,3.0,52.0145597,4.2957503,5.0,94513.0,-20.0,4.189999999999999,6.0,58.0,357518080170889.0,32.0,0.0,1583816879.0,657.0,11.13,,EC 236
2020-03-10 05:08:07.155,mijnomgeving,357518080332265,1583816887155,3.0,52.3922694,4.9372961,6.0,18913.0,1.0,3.7,8.0,6.0,357518080332265.0,32.0,0.0,1583816883.0,1479.0,9.98,,EC 221
2020-03-10 05:08:07.726,mijnomgeving,357518080494834,1583816887726,11.0,52.4257763,5.4208271,6.0,204328.0,-11.0,4.1,7.0,1.0,357518080494834.0,32.0,0.0,1583816875.0,1308.0,10.33,,EC 314
2020-03-10 05:08:14.236,mijnomgeving,357518080330764,1583816894236,16.0,51.8220139,4.6117801,5.0,25226.0,115.0,3.93,8.0,0.0,357518080330764.0,32.0,0.0,1583816892.0,327.0,9.63,,EC 244
2020-03-10 05:08:29.760,mijnomgeving,357518080495187,1583816909760,1.0,52.6345781,5.8242616,4.0,224117.0,-99.0,4.24,7.0,243.0,357518080495187.0,32.0,2.0,1583816917.0,619.0,9.63,,EC 304
2020-03-10 05:08:58.862,mijnomgeving,357518080495146,1583816938862,6.0,52.3866762,5.3119114,4.0,2723.0,170.0,4.17,7.0,236.0,357518080495146.0,32.0,0.0,1583816935.0,1687.0,9.89,,EC 317
2020-03-10 05:09:01.772,mijnomgeving,357518080495088,1583816941772,255.0,2.55e-05,2.55e-05,0.0,10935.0,0.0,3.92,24.0,0.0,357518080495088.0,32.0,0.0,1583816939.0,1.0,21.62,2.988,EC 321
2020-03-10 05:09:45.840,mijnomgeving,357518080494875,1583816985840,1.0,52.6577958,5.614769,4.0,27918.0,-8.0,4.2,7.0,16.0,357518080494875.0,32.0,0.0,1583816983.0,1856.0,10.07,,EC 311
2020-03-10 05:09:50.781,mijnomgeving,357518080495112,1583816990781,0.0,52.8373452,5.7141581,4.0,69317.0,-10.0,4.2,6.0,228.0,357518080495112.0,32.0,0.0,1583816989.0,1748.0,10.16,,EC 306
2020-03-10 05:09:55.803,mijnomgeving,357518080495526,1583816995803,1.0,52.2261149,5.1746044,12.0,1819.0,35.0,4.15,6.0,202.0,357518080495526.0,32.0,0.0,1583816990.0,134.0,9.01,,EC 327
2020-03-10 05:10:36.972,mijnomgeving,357518080494909,1583817036972,1.0,52.2261827,5.1746662,5.0,399618.0,26.0,4.16,5.0,40.0,357518080494909.0,32.0,0.0,1583817050.0,134.0,9.19,,EC 329
2020-03-10 05:11:22.451,mijnomgeving,357518080167000,1583817082451,5.0,52.173873,5.0359981,5.0,102616.0,-31.0,4.13,6.0,42.0,357518080167000.0,32.0,0.0,1583817083.0,617.0,9.36,,EC 228
2020-03-10 05:11:31.015,mijnomgeving,357518080495203,1583817091015,0.0,52.2261936,5.1746496,5.0,147617.0,14.0,4.17,6.0,239.0,357518080495203.0,32.0,0.0,1583817090.0,132.0,9.45,,EC 324
2020-03-10 05:11:35.987,mijnomgeving,357518080497423,1583817095987,1.0,52.5229667,5.5902669,6.0,304218.0,-9.0,4.17,6.0,231.0,357518080497423.0,32.0,0.0,1583817097.0,2185.0,10.33,,EC 318
2020-03-10 05:11:44.063,mijnomgeving,357518080494768,1583817104063,1.0,52.416765,5.2263421,6.0,112518.0,-14.0,4.21,8.0,11.0,357518080494768.0,32.0,0.0,1583817094.0,1260.0,9.89,,EC 305
2020-03-10 05:12:02.061,mijnomgeving,357518080495088,1583817122061,255.0,2.55e-05,2.55e-05,0.0,11115.0,0.0,3.92,24.0,0.0,357518080495088.0,32.0,0.0,1583817119.0,0.0,21.7,2.988,EC 321
2020-03-10 05:12:09.607,mijnomgeving,357518080163249,1583817129607,22.0,,,,72932.0,,4.17,8.0,,357518080163249.0,32.0,,1583817129.0,458.0,9.63,,EC 212
2020-03-10 05:12:17.038,mijnomgeving,357518080495070,1583817137038,255.0,2.55e-05,2.55e-05,0.0,161.0,0.0,4.02,24.0,0.0,357518080495070.0,32.0,0.0,1583817131.0,0.0,21.53,,EC 320
2020-03-10 05:12:17.102,mijnomgeving,357518080497662,1583817137102,1.0,52.2261803,5.1744943,5.0,55827.0,66.0,4.21,8.0,209.0,357518080497662.0,32.0,0.0,1583817134.0,141.0,9.27,,EC 328
2020-03-10 05:12:23.630,mijnomgeving,357518080168917,1583817143630,5.0,52.3403756,4.926061,4.0,21668478.0,45.0,3.99,7.0,245.0,357518080168917.0,16.0,1.0,1583817131.0,57.0,11.21,,EC 209
2020-03-10 05:12:49.826,mijnomgeving,357518080494776,1583817169826,2.0,52.22639,5.1753866,4.0,6319.0,-164.0,4.16,6.0,38.0,357518080494776.0,32.0,0.0,1583817165.0,139.0,9.1,,EC 330
2020-03-10 05:12:59.748,mijnomgeving,357518080497639,1583817179748,1.0,52.6597837,5.6609041,5.0,17118.0,128.0,4.2,7.0,10.0,357518080497639.0,32.0,0.0,1583817176.0,2193.0,10.07,,EC 308
2020-03-10 05:13:23.480,mijnomgeving,357518080163405,1583817203480,13.0,52.3726358,4.9159185,4.0,21623.0,113.0,4.13,7.0,245.0,357518080163405.0,32.0,0.0,1583817200.0,1715.0,9.63,,EC 226
2020-03-10 05:13:24.646,mijnomgeving,357518080165368,1583817204646,16.0,52.3398992,4.91064,6.0,20628976.0,20.0,3.76,7.0,0.0,357518080165368.0,16.0,0.0,1583817213.0,1179.0,9.98,,EC 208
2020-03-10 05:13:26.134,mijnomgeving,357518080495104,1583817206134,1.0,52.3375487,5.5373989,4.0,85518.0,-9.0,4.12,8.0,236.0,357518080495104.0,32.0,0.0,1583817206.0,826.0,10.42,,EC 312
2020-03-10 05:14:05.223,mijnomgeving,357518080495682,1583817245223,8.0,52.5495039,5.5882515,5.0,45926.0,-7.0,4.18,7.0,34.0,357518080495682.0,32.0,0.0,1583817227.0,1751.0,9.72,,EC 316
2020-03-10 05:14:19.141,mijnomgeving,357518080330582,1583817259141,0.0,52.3731898,4.9460481,4.0,42.0,-7.0,4.02,9.0,248.0,357518080330582.0,32.0,0.0,1583817256.0,1671.0,9.89,,EC 219
2020-03-10 05:14:50.250,mijnomgeving,357518080495120,1583817290250,1.0,52.3337531,5.3126322,6.0,48618.0,12.0,4.18,6.0,0.0,357518080495120.0,32.0,0.0,1583817278.0,1490.0,9.63,,EC 303
2020-03-10 05:15:02.255,mijnomgeving,357518080495088,1583817302255,255.0,2.55e-05,2.55e-05,0.0,11295.0,0.0,3.92,24.0,0.0,357518080495088.0,32.0,0.0,1583817299.0,0.0,21.7,2.988,EC 321
2020-03-10 05:15:13.329,mijnomgeving,357518080494826,1583817313329,0.0,52.2260963,5.1746464,5.0,105317.0,24.0,4.17,8.0,217.0,357518080494826.0,32.0,0.0,1583817314.0,128.0,9.01,,EC 323
2020-03-10 05:15:17.266,mijnomgeving,357518080495047,1583817317266,1.0,52.2262056,5.1746084,4.0,30618.0,17.0,4.17,7.0,225.0,357518080495047.0,32.0,0.0,1583817314.0,132.0,9.27,,EC 322
2020-03-10 05:15:23.699,mijnomgeving,357518080166580,1583817323699,3.0,52.360373,4.8156565,4.0,913.0,18.0,4.05,8.0,0.0,357518080166580.0,32.0,0.0,1583817313.0,661.0,9.27,,EC 224
2020-03-10 05:15:29.277,mijnomgeving,357518080495153,1583817329277,1.0,52.5789396,5.7568162,5.0,13518.0,-12.0,4.18,6.0,255.0,357518080495153.0,32.0,0.0,1583817326.0,2570.0,9.8,,EC 313
2020-03-10 05:15:32.489,mijnomgeving,357518080166960,1583817332489,83.0,52.7138497,6.8788593,9.0,142292.0,12.0,3.96,6.0,38.0,357518080166960.0,32.0,0.0,1583817334.0,539.0,10.16,,EC 232
2020-03-10 05:16:00.057,mijnomgeving,357518080495534,1583817360057,1.0,52.5326996,5.5930804,10.0,23418.0,-16.0,4.2,7.0,8.0,357518080495534.0,32.0,0.0,1583817354.0,2191.0,9.72,,EC 307
2020-03-10 05:16:05.453,mijnomgeving,357518080165475,1583817365453,2.0,52.3720111,4.9253816,6.0,13172448.0,9.0,4.12,8.0,215.0,357518080165475.0,1.0,1.0,1583817380.0,1360.0,9.36,,EC 201
2020-03-10 05:16:17.362,mijnomgeving,357518080494982,1583817377362,1.0,52.2261702,5.1746841,6.0,53118.0,27.0,4.17,7.0,8.0,357518080494982.0,32.0,0.0,1583817376.0,136.0,9.1,,EC 326
2020-03-10 05:17:16.418,mijnomgeving,357518080497696,1583817436418,0.0,52.5172173,5.5093716,4.0,26117.0,-18.0,4.17,7.0,232.0,357518080497696.0,32.0,0.0,1583817433.0,1043.0,10.33,,EC 319
2020-03-10 05:18:04.524,mijnomgeving,357518080495161,1583817484524,7.0,52.4992628,5.4527037,4.0,6427827.0,-53.0,4.18,7.0,22.0,357518080495161.0,32.0,0.0,1583817484.0,953.0,9.63,,EC 315
2020-03-10 05:18:11.479,mijnomgeving,357518080495088,1583817491479,255.0,2.55e-05,2.55e-05,0.0,11484.0,0.0,3.92,24.0,0.0,357518080495088.0,32.0,0.0,1583817488.0,1.0,21.7,2.988,EC 321
2020-03-10 05:18:29.632,mijnomgeving,357518080163173,1583817509632,2.0,52.7218258,6.819209,5.0,7212.0,7.0,3.95,4.0,3.0,357518080163173.0,32.0,0.0,1583817507.0,614.0,9.45,,EC 231
2020-03-10 05:18:31.872,mijnomgeving,357518080164395,1583817511872,3.0,51.8982343,4.4228309,5.0,13513.0,41.0,4.03,8.0,0.0,357518080164395.0,32.0,0.0,1583817508.0,835.0,10.07,,EC 241
2020-03-10 05:19:35.667,mijnomgeving,357518080495021,1583817575667,255.0,2.55e-05,2.55e-05,0.0,20838.0,0.0,3.95,15.0,0.0,357518080495021.0,32.0,0.0,1583817573.0,1.0,15.09,,EC 325
2020-03-10 05:20:09.748,mijnomgeving,357518080494818,1583817609748,1.0,52.8090056,5.7454171,5.0,30618.0,-67.0,4.21,6.0,243.0,357518080494818.0,32.0,0.0,1583817607.0,1581.0,10.33,,EC 309
2020-03-10 05:20:42.371,mijnomgeving,357518080169006,1583817642371,2.0,,,,71112.0,,3.64,7.0,,357518080169006.0,32.0,,1583817643.0,869.0,9.89,,EC 213
2020-03-10 05:21:01.827,mijnomgeving,357518080495088,1583817661827,255.0,2.55e-05,2.55e-05,0.0,11655.0,0.0,3.92,24.0,0.0,357518080495088.0,32.0,0.0,1583817659.0,0.0,21.7,2.988,EC 321
2020-03-10 05:21:27.798,mijnomgeving,357518080494859,1583817687798,1.0,52.540961,5.5888031,7.0,25218.0,-11.0,4.16,6.0,0.0,357518080494859.0,32.0,0.0,1583817685.0,1957.0,9.72,,EC 302
2020-03-10 05:21:33.798,mijnomgeving,357518080328131,1583817693798,6.0,52.3866698,4.9176962,6.0,43216.0,25.0,3.81,8.0,16.0,357518080328131.0,32.0,0.0,1583817693.0,49.0,9.63,,EC 230
2020-03-10 05:22:14.036,mijnomgeving,357518080332257,1583817734036,1.0,51.8981947,4.4232645999999995,5.0,33311.0,9.0,4.08,8.0,12.0,357518080332257.0,32.0,0.0,1583817731.0,575.0,9.8,,EC 240
2020-03-10 05:22:48.896,mijnomgeving,357518080494834,1583817768896,0.0,52.4256253,5.4207344,5.0,205218.0,1.0,4.1,6.0,45.0,357518080494834.0,32.0,0.0,1583817765.0,1313.0,10.33,,EC 314
2020-03-10 05:22:59.567,mijnomgeving,357518080170889,1583817779567,4.0,52.0145444,4.2955363,5.0,95414.0,-12.0,4.189999999999999,6.0,52.0,357518080170889.0,32.0,0.0,1583817780.0,635.0,11.21,,EC 236
2020-03-10 05:23:03.315,mijnomgeving,357518080330764,1583817783315,5.0,51.8213043,4.611054,4.0,26115.0,13.0,3.93,8.0,42.0,357518080330764.0,32.0,0.0,1583817781.0,317.0,9.63,,EC 244
2020-03-10 05:23:18.938,mijnomgeving,357518080332265,1583817798938,4.0,52.3924532,4.9376756,8.0,19814.0,32.0,3.7,8.0,231.0,357518080332265.0,32.0,0.0,1583817784.0,1490.0,9.98,,EC 221
2020-03-10 05:23:29.920,mijnomgeving,357518080495187,1583817809920,1.0,52.6352638,5.8235613,4.0,225017.0,-16.0,4.24,8.0,22.0,357518080495187.0,32.0,0.0,1583817817.0,614.0,9.63,,EC 304
2020-03-10 05:24:01.961,mijnomgeving,357518080495088,1583817841961,255.0,2.55e-05,2.55e-05,0.0,11835.0,0.0,3.91,24.0,0.0,357518080495088.0,32.0,0.0,1583817839.0,1.0,21.7,2.988,EC 321
2020-03-10 05:24:02.996,mijnomgeving,357518080166663,1583817842996,2.0,51.8981741,4.4233559,4.0,91812.0,23.0,4.13,8.0,0.0,357518080166663.0,32.0,0.0,1583817826.0,795.0,9.72,,EC 243
2020-03-10 05:24:05.907,mijnomgeving,357518080495146,1583817845907,14.0,52.386595,5.3119088,4.0,3630.0,183.0,4.17,8.0,15.0,357518080495146.0,32.0,0.0,1583817842.0,1681.0,9.89,,EC 317
2020-03-10 05:24:46.982,mijnomgeving,357518080494875,1583817886982,1.0,52.6577406,5.6147898,4.0,28818.0,19.0,4.2,8.0,37.0,357518080494875.0,32.0,0.0,1583817883.0,1850.0,10.07,,EC 311
2020-03-10 05:24:50.952,mijnomgeving,357518080495112,1583817890952,0.0,52.8375343,5.7138004,4.0,70217.0,1.0,4.2,6.0,234.0,357518080495112.0,32.0,0.0,1583817889.0,1755.0,10.16,,EC 306
2020-03-10 05:24:53.954,mijnomgeving,357518080495526,1583817893954,0.0,52.2262084,5.1746081,10.0,2719.0,24.0,4.15,6.0,205.0,357518080495526.0,32.0,0.0,1583817890.0,134.0,9.1,,EC 327
2020-03-10 05:25:35.070,mijnomgeving,357518080494909,1583817935070,1.0,52.2261829,5.1747368,5.0,400518.0,25.0,4.16,6.0,33.0,357518080494909.0,32.0,0.0,1583817950.0,138.0,9.27,,EC 329
2020-03-10 05:26:21.628,mijnomgeving,357518080167000,1583817981628,4.0,52.1739677,5.0359075,4.0,103515.0,13.0,4.13,6.0,0.0,357518080167000.0,32.0,0.0,1583817983.0,618.0,9.36,,EC 228
2020-03-10 05:26:27.158,mijnomgeving,357518080497423,1583817987158,1.0,52.5229794,5.5901988,6.0,305118.0,-10.0,4.17,7.0,223.0,357518080497423.0,32.0,0.0,1583817997.0,2184.0,10.33,,EC 318
2020-03-10 05:26:28.065,mijnomgeving,357518080495203,1583817988065,1.0,52.2261458,5.17467,5.0,148518.0,3.0,4.17,7.0,10.0,357518080495203.0,32.0,0.0,1583817991.0,132.0,9.54,,EC 324
2020-03-10 05:26:41.093,mijnomgeving,357518080494768,1583818001093,1.0,52.4166722,5.2264882,6.0,113418.0,0.0,4.21,8.0,232.0,357518080494768.0,32.0,0.0,1583817994.0,1260.0,9.89,,EC 305
2020-03-10 05:26:48.125,mijnomgeving,357518080163249,1583818008125,1.0,,,,73811.0,,4.17,9.0,,357518080163249.0,32.0,,1583818008.0,451.0,9.63,,EC 212
2020-03-10 05:27:01.159,mijnomgeving,357518080495070,1583818021159,255.0,2.55e-05,2.55e-05,0.0,1047.0,0.0,4.04,23.0,0.0,357518080495070.0,32.0,0.0,1583818017.0,0.0,21.35,,EC 320
2020-03-10 05:27:07.127,mijnomgeving,357518080497662,1583818027127,1.0,52.2260398,5.1748975999999995,5.0,56718.0,-24.0,4.21,8.0,208.0,357518080497662.0,32.0,0.0,1583818025.0,143.0,9.27,,EC 328
2020-03-10 05:27:11.104,mijnomgeving,357518080495088,1583818031104,255.0,2.55e-05,2.55e-05,0.0,12024.0,0.0,3.92,24.0,0.0,357518080495088.0,32.0,0.0,1583818028.0,0.0,21.7,2.988,EC 321
2020-03-10 05:27:50.633,mijnomgeving,357518080494776,1583818070633,1.0,52.226019,5.1747376,4.0,7218.0,-7.0,4.16,6.0,0.0,357518080494776.0,32.0,0.0,1583818064.0,138.0,9.19,,EC 330
2020-03-10 05:27:59.631,mijnomgeving,357518080497639,1583818079631,1.0,52.659201,5.6609055999999995,5.0,18018.0,-11.0,4.2,8.0,9.0,357518080497639.0,32.0,0.0,1583818076.0,2191.0,10.07,,EC 308
2020-03-10 05:28:12.724,mijnomgeving,357518080163405,1583818092724,3.0,52.372532,4.9162271,4.0,22513.0,8.0,4.13,7.0,5.0,357518080163405.0,32.0,0.0,1583818090.0,1697.0,9.63,,EC 226
2020-03-10 05:28:20.851,mijnomgeving,357518080165368,1583818100851,17.0,52.3398254,4.9108426,7.0,20629877.0,-8.0,3.76,8.0,0.0,357518080165368.0,16.0,0.0,1583818114.0,1172.0,9.98,,EC 208
2020-03-10 05:28:37.664,mijnomgeving,357518080203151,1583818117664,6.0,52.4208361,4.8599963,5.0,21640540.0,-2.0,4.17,8.0,0.0,357518080203151.0,16.0,0.0,1583817094.0,76.0,9.72,,EC Prototype 001
2020-03-10 05:28:44.227,mijnomgeving,357518080495104,1583818124227,15.0,52.3373462,5.5374746,7.0,86433.0,-5.0,4.12,8.0,6.0,357518080495104.0,32.0,0.0,1583818121.0,821.0,10.42,,EC 312
2020-03-10 05:28:45.258,mijnomgeving,357518080495682,1583818125258,0.0,52.5494751,5.5882786,5.0,46818.0,-34.0,4.18,7.0,20.0,357518080495682.0,32.0,0.0,1583818120.0,1745.0,9.72,,EC 316
2020-03-10 05:28:47.606,mijnomgeving,357518080203151,1583818127606,3.0,52.4207519,4.8600434,5.0,21641437.0,-1.0,4.17,8.0,19.0,357518080203151.0,16.0,0.0,1583817991.0,76.0,9.72,,EC Prototype 001
2020-03-10 05:29:01.127,mijnomgeving,357518080330582,1583818141127,14.0,52.3730598,4.9460836,4.0,924.0,29.0,4.09,9.0,251.0,357518080330582.0,32.0,0.0,1583818138.0,1685.0,9.89,,EC 219
2020-03-10 05:29:34.578,mijnomgeving,357518080166960,1583818174578,25.0,52.7139222,6.8789818,8.0,143135.0,10.0,3.95,6.0,19.0,357518080166960.0,32.0,0.0,1583818176.0,538.0,10.16,,EC 232
2020-03-10 05:30:14.339,mijnomgeving,357518080495088,1583818214339,255.0,2.55e-05,2.55e-05,0.0,12204.0,0.0,3.92,24.0,0.0,357518080495088.0,32.0,0.0,1583818208.0,2.0,21.7,2.988,EC 321
2020-03-10 05:30:17.247,mijnomgeving,357518080495047,1583818217247,1.0,52.2263326,5.1743859,4.0,31518.0,37.0,4.17,7.0,233.0,357518080495047.0,32.0,0.0,1583818214.0,131.0,9.27,,EC 322
2020-03-10 05:30:18.829,mijnomgeving,357518080166580,1583818218829,6.0,52.3604291,4.815653,6.0,1816.0,-36.0,4.04,8.0,30.0,357518080166580.0,32.0,0.0,1583818216.0,662.0,9.27,,EC 224
2020-03-10 05:30:29.409,mijnomgeving,357518080495153,1583818229409,1.0,52.5790993,5.75675,5.0,14418.0,0.0,4.18,6.0,254.0,357518080495153.0,32.0,0.0,1583818226.0,2578.0,9.8,,EC 313
2020-03-10 05:30:56.276,mijnomgeving,357518080495534,1583818256276,1.0,52.5326837,5.593085,9.0,24318.0,-9.0,4.2,8.0,253.0,357518080495534.0,32.0,0.0,1583818254.0,2194.0,9.72,,EC 307
2020-03-10 05:31:08.143,mijnomgeving,357518080165475,1583818268143,1.0,52.3719248,4.9255698,7.0,13173347.0,-1.0,4.12,8.0,0.0,357518080165475.0,1.0,1.0,1583818279.0,1328.0,9.36,,EC 201
2020-03-10 05:31:19.354,mijnomgeving,357518080494982,1583818279354,1.0,52.2261862,5.1746648,4.0,54018.0,11.0,4.17,8.0,0.0,357518080494982.0,32.0,0.0,1583818276.0,134.0,9.19,,EC 326
2020-03-10 05:31:22.309,mijnomgeving,357518080494826,1583818282309,0.0,52.2261269,5.1746676,7.0,41.0,26.0,4.16,9.0,249.0,357518080494826.0,32.0,0.0,1583818278.0,127.0,9.01,,EC 323
2020-03-10 05:32:18.427,mijnomgeving,357518080497696,1583818338427,1.0,52.5171142,5.5096549,4.0,27017.0,3.0,4.17,7.0,238.0,357518080497696.0,32.0,1.0,1583818333.0,1043.0,10.33,,EC 319
2020-03-10 05:33:03.457,mijnomgeving,357518080495088,1583818383457,255.0,2.55e-05,2.55e-05,0.0,12375.0,0.0,3.92,24.0,0.0,357518080495088.0,32.0,0.0,1583818379.0,1.0,21.7,2.988,EC 321
2020-03-10 05:33:11.426,mijnomgeving,357518080495161,1583818391426,21.0,52.5000119,5.4525397,4.0,6428741.0,96.0,4.18,8.0,8.0,357518080495161.0,32.0,0.0,1583818398.0,950.0,9.72,,EC 315
2020-03-10 05:33:29.789,mijnomgeving,357518080163173,1583818409789,2.0,52.7218478,6.8191676,4.0,8112.0,4.0,3.95,4.0,0.0,357518080163173.0,32.0,0.0,1583818407.0,614.0,9.45,,EC 231
2020-03-10 05:33:31.882,mijnomgeving,357518080164395,1583818411882,3.0,51.8983662,4.4232256,5.0,14413.0,17.0,4.03,8.0,244.0,357518080164395.0,32.0,1.0,1583818408.0,835.0,10.07,,EC 241
2020-03-10 05:34:44.075,mijnomgeving,357518080495021,1583818484075,255.0,2.55e-05,2.55e-05,0.0,21747.0,0.0,3.94,15.0,0.0,357518080495021.0,32.0,0.0,1583818482.0,0.0,15.0,,EC 325
2020-03-10 05:35:09.084,mijnomgeving,357518080494818,1583818509084,1.0,52.8090518,5.745394,5.0,31518.0,-7.0,4.21,7.0,240.0,357518080494818.0,32.0,0.0,1583818507.0,1582.0,10.33,,EC 309
2020-03-10 05:35:41.268,mijnomgeving,357518080169006,1583818541268,2.0,,,,72011.0,,3.64,7.0,,357518080169006.0,32.0,,1583818542.0,869.0,9.98,,EC 213
2020-03-10 05:36:10.267,mijnomgeving,357518080495088,1583818570267,255.0,2.55e-05,2.55e-05,0.0,12564.0,0.0,3.92,24.0,0.0,357518080495088.0,32.0,0.0,1583818568.0,1.0,21.7,2.988,EC 321
2020-03-10 05:36:29.218,mijnomgeving,357518080494859,1583818589218,1.0,52.5410268,5.588788,7.0,26118.0,1.0,4.16,6.0,248.0,357518080494859.0,32.0,0.0,1583818585.0,1960.0,9.72,,EC 302
2020-03-10 05:36:47.087,mijnomgeving,357518080328131,1583818607087,20.0,52.3866951,4.9175887,7.0,44130.0,0.0,3.81,8.0,0.0,357518080328131.0,32.0,0.0,1583818607.0,53.0,9.72,,EC 230
2020-03-10 05:37:16.098,mijnomgeving,357518080332257,1583818636098,4.0,51.898364,4.4232407,5.0,34214.0,19.0,4.08,7.0,246.0,357518080332257.0,32.0,0.0,1583818634.0,587.0,9.8,,EC 240
2020-03-10 05:37:40.353,mijnomgeving,357518080494834,1583818660353,0.0,52.4257263,5.4208088,5.0,206118.0,-16.0,4.1,7.0,249.0,357518080494834.0,32.0,0.0,1583818665.0,1312.0,10.33,,EC 314
2020-03-10 05:37:59.706,mijnomgeving,357518080170889,1583818679706,4.0,52.0145487,4.2955978,5.0,96314.0,14.0,4.189999999999999,6.0,0.0,357518080170889.0,32.0,0.0,1583818680.0,631.0,11.21,,EC 236
2020-03-10 05:38:11.981,mijnomgeving,357518080330764,1583818691981,14.0,51.8211892,4.6108314,4.0,27024.0,11.0,3.93,8.0,204.0,357518080330764.0,32.0,0.0,1583818690.0,305.0,9.72,,EC 244
2020-03-10 05:38:19.378,mijnomgeving,357518080332265,1583818699378,16.0,52.3921291,4.9373814,7.0,20725.0,0.0,3.69,8.0,15.0,357518080332265.0,32.0,0.0,1583818695.0,1501.0,9.98,,EC 221
2020-03-10 05:38:28.443,mijnomgeving,357518080495187,1583818708443,1.0,52.6351604,5.823827,4.0,225917.0,-18.0,4.24,8.0,241.0,357518080495187.0,32.0,0.0,1583818717.0,611.0,9.63,,EC 304
2020-03-10 05:38:35.210,mijnomgeving,357518080171390,1583818715210,2.0,52.0318544,5.3036772,5.0,21678339.0,25.0,4.17,8.0,2.0,357518080171390.0,64.0,0.0,1583818669.0,809.0,10.16,,EC 202
2020-03-10 05:39:01.941,mijnomgeving,357518080495088,1583818741941,255.0,2.55e-05,2.55e-05,0.0,12735.0,0.0,3.92,24.0,0.0,357518080495088.0,32.0,0.0,1583818739.0,1.0,21.7,2.988,EC 321
2020-03-10 05:39:02.143,mijnomgeving,357518080166663,1583818742143,5.0,51.8981751,4.4233307,4.0,92715.0,3.0,4.13,8.0,12.0,357518080166663.0,32.0,1.0,1583818729.0,813.0,9.8,,EC 243
2020-03-10 05:39:46.502,mijnomgeving,357518080494875,1583818786502,1.0,52.6580565,5.6149574,4.0,29718.0,-95.0,4.189999999999999,8.0,232.0,357518080494875.0,32.0,0.0,1583818783.0,1847.0,10.07,,EC 311
2020-03-10 05:39:50.482,mijnomgeving,357518080495112,1583818790482,0.0,52.8374443,5.7140658,4.0,71117.0,-3.0,4.21,7.0,238.0,357518080495112.0,32.0,4.0,1583818789.0,1749.0,10.16,,EC 306
2020-03-10 05:40:03.520,mijnomgeving,357518080495526,1583818803520,0.0,52.2261942,5.1747254,7.0,3628.0,-1.0,4.15,7.0,247.0,357518080495526.0,32.0,0.0,1583818799.0,133.0,9.19,,EC 327
2020-03-10 05:40:11.450,mijnomgeving,357518080495146,1583818811450,11.0,52.3870108,5.3121808999999995,4.0,53.0,-11.0,4.13,9.0,238.0,357518080495146.0,32.0,0.0,1583818807.0,1674.0,9.89,,EC 317
2020-03-10 05:40:33.539,mijnomgeving,357518080494909,1583818833539,1.0,52.2260869,5.1746355,6.0,401418.0,35.0,4.16,6.0,9.0,357518080494909.0,32.0,0.0,1583818850.0,135.0,9.27,,EC 329
2020-03-10 05:41:25.333,mijnomgeving,357518080167000,1583818885333,8.0,52.1738412,5.0358347,5.0,104419.0,40.0,4.13,6.0,0.0,357518080167000.0,32.0,0.0,1583818887.0,617.0,9.36,,EC 228
2020-03-10 05:41:31.667,mijnomgeving,357518080495120,1583818891667,0.0,52.3336609,5.3125263,6.0,49518.0,42.0,4.18,7.0,11.0,357518080495120.0,32.0,0.0,1583818178.0,1490.0,9.63,,EC 303
2020-03-10 05:41:31.720,mijnomgeving,357518080495203,1583818891720,1.0,52.2261137,5.1747159,5.0,149418.0,34.0,4.17,7.0,6.0,357518080495203.0,32.0,0.0,1583818891.0,132.0,9.54,,EC 324
2020-03-10 05:41:40.551,mijnomgeving,357518080494768,1583818900551,1.0,52.4168257,5.2262043,5.0,114318.0,-12.0,4.21,8.0,13.0,357518080494768.0,32.0,0.0,1583818894.0,1261.0,9.98,,EC 305
2020-03-10 05:41:43.578,mijnomgeving,357518080497423,1583818903578,1.0,52.5230149,5.5901795,6.0,306018.0,-11.0,4.17,7.0,232.0,357518080497423.0,32.0,0.0,1583818897.0,2179.0,10.33,,EC 318
2020-03-10 05:41:48.301,mijnomgeving,357518080163249,1583818908301,1.0,,,,74711.0,,4.17,8.0,,357518080163249.0,32.0,,1583818908.0,448.0,9.63,,EC 212
2020-03-10 05:41:53.575,mijnomgeving,357518080495070,1583818913575,255.0,2.55e-05,2.55e-05,0.0,1938.0,0.0,4.04,24.0,0.0,357518080495070.0,32.0,0.0,1583818908.0,1.0,21.35,,EC 320
2020-03-10 05:42:02.604,mijnomgeving,357518080495088,1583818922604,255.0,2.55e-05,2.55e-05,0.0,12915.0,0.0,3.91,24.0,0.0,357518080495088.0,32.0,0.0,1583818919.0,0.0,21.7,2.988,EC 321
2020-03-10 05:42:15.268,mijnomgeving,357518080203151,1583818935268,3.0,52.4209975,4.8600793,5.0,21642337.0,29.0,4.17,8.0,24.0,357518080203151.0,16.0,1.0,1583818891.0,76.0,9.72,,EC Prototype 001
2020-03-10 05:42:48.679,mijnomgeving,357518080494776,1583818968679,1.0,52.2259996,5.1748395,4.0,8118.0,50.0,4.16,7.0,229.0,357518080494776.0,32.0,0.0,1583818964.0,138.0,9.19,,EC 330
2020-03-10 05:42:58.629,mijnomgeving,357518080497639,1583818978629,1.0,52.6592753,5.6609044,5.0,18918.0,-4.0,4.2,8.0,4.0,357518080497639.0,32.0,0.0,1583818976.0,2187.0,10.07,,EC 308
2020-03-10 05:43:15.683,mijnomgeving,357518080497662,1583818995683,1.0,52.2260694,5.1748375,8.0,42.0,15.0,4.22,10.0,6.0,357518080497662.0,32.0,0.0,1583818990.0,136.0,9.36,,EC 328
2020-03-10 05:43:21.937,mijnomgeving,357518080165368,1583819001937,18.0,52.3398892,4.9108169,6.0,20630778.0,-5.0,3.76,7.0,205.0,357518080165368.0,16.0,0.0,1583819015.0,1173.0,9.98,,EC 208
2020-03-10 05:43:24.465,mijnomgeving,357518080163405,1583819004465,15.0,52.372054,4.9165644,4.0,23425.0,137.0,4.13,7.0,244.0,357518080163405.0,32.0,0.0,1583819002.0,1701.0,9.63,,EC 226
2020-03-10 05:43:43.712,mijnomgeving,357518080495682,1583819023712,0.0,52.5494559,5.5881405,5.0,47718.0,55.0,4.18,7.0,11.0,357518080495682.0,32.0,0.0,1583819020.0,1684.0,9.72,,EC 316
2020-03-10 05:43:50.718,mijnomgeving,357518080495104,1583819030718,1.0,52.3373149,5.5375018,8.0,87344.0,-12.0,4.12,8.0,19.0,357518080495104.0,32.0,0.0,1583819031.0,817.0,10.42,,EC 312
2020-03-10 05:43:52.422,mijnomgeving,357518080330582,1583819032422,6.0,52.3732962,4.9458507,4.0,1816.0,-22.0,4.09,9.0,0.0,357518080330582.0,32.0,0.0,1583819030.0,1682.0,9.89,,EC 219
2020-03-10 05:44:45.807,mijnomgeving,357518080166960,1583819085807,37.0,52.7136634,6.8788389,9.0,144047.0,58.0,3.95,5.0,27.0,357518080166960.0,32.0,0.0,1583819089.0,538.0,10.16,,EC 232
2020-03-10 05:44:50.353,mijnomgeving,357518080495120,1583819090353,9.0,52.3338627,5.3125981,5.0,50427.0,32.0,4.17,8.0,249.0,357518080495120.0,32.0,0.0,1583819087.0,1490.0,9.63,,EC 303
2020-03-10 05:45:02.383,mijnomgeving,357518080495088,1583819102383,255.0,2.55e-05,2.55e-05,0.0,13095.0,0.0,3.92,24.0,0.0,357518080495088.0,32.0,0.0,1583819099.0,1.0,21.7,2.988,EC 321
2020-03-10 05:45:29.422,mijnomgeving,357518080495153,1583819129422,1.0,52.5789694,5.7568994,4.0,15318.0,17.0,4.18,7.0,234.0,357518080495153.0,32.0,0.0,1583819126.0,2577.0,9.8,,EC 313
2020-03-10 05:45:35.437,mijnomgeving,357518080495047,1583819135437,19.0,52.2287958,5.1707933,4.0,32436.0,52.0,4.16,8.0,243.0,357518080495047.0,32.0,1.0,1583819132.0,134.0,9.36,,EC 322
2020-03-10 05:45:36.166,mijnomgeving,357518080166580,1583819136166,5.0,52.3604136,4.8157055,6.0,2715.0,-19.0,4.05,8.0,0.0,357518080166580.0,32.0,0.0,1583819115.0,662.0,9.27,,EC 224
2020-03-10 05:46:00.506,mijnomgeving,357518080495534,1583819160506,1.0,52.5326903,5.5930937,9.0,25218.0,-10.0,4.2,8.0,54.0,357518080495534.0,32.0,0.0,1583819154.0,2195.0,9.72,,EC 307
2020-03-10 05:46:00.519,mijnomgeving,357518080494826,1583819160519,1.0,52.2261064,5.1746828,6.0,918.0,22.0,4.17,8.0,9.0,357518080494826.0,32.0,0.0,1583819155.0,130.0,9.19,,EC 323
2020-03-10 05:46:04.759,mijnomgeving,357518080165475,1583819164759,2.0,52.3718615,4.9254642,7.0,13174248.0,4.0,4.12,8.0,58.0,357518080165475.0,1.0,0.0,1583819180.0,1310.0,9.36,,EC 201
2020-03-10 05:46:16.529,mijnomgeving,357518080494982,1583819176529,1.0,52.2260048,5.174838,5.0,54918.0,24.0,4.17,8.0,245.0,357518080494982.0,32.0,0.0,1583819176.0,136.0,9.27,,EC 326
2020-03-10 05:46:46.200,mijnomgeving,357518080203151,1583819206200,3.0,52.4209975,4.8600793,5.0,21642337.0,29.0,4.17,8.0,24.0,357518080203151.0,16.0,1.0,1583818891.0,76.0,9.72,,EC Prototype 001
2020-03-10 05:47:24.909,mijnomgeving,357518080497696,1583819244909,8.0,52.5182784,5.5079089,4.0,27924.0,3.0,4.16,7.0,244.0,357518080497696.0,32.0,0.0,1583819240.0,1042.0,10.33,,EC 319
2020-03-10 05:47:51.949,mijnomgeving,357518080495161,1583819271949,2.0,52.4996686,5.4528823,4.0,6429622.0,11.0,4.189999999999999,8.0,53.0,357518080495161.0,32.0,0.0,1583819279.0,952.0,9.72,,EC 315
2020-03-10 05:48:09.916,mijnomgeving,357518080495088,1583819289916,255.0,2.55e-05,2.55e-05,0.0,13284.0,0.0,3.92,24.0,0.0,357518080495088.0,32.0,0.0,1583819288.0,0.0,21.7,2.988,EC 321
2020-03-10 05:48:24.226,mijnomgeving,357518080166754,1583819304226,5.0,52.3536733,4.9251231,5.0,21048350.0,-12.0,4.17,8.0,244.0,357518080166754.0,16.0,1.0,1583819313.0,1188.0,9.89,,EC 204
2020-03-10 05:48:31.577,mijnomgeving,357518080164395,1583819311577,3.0,51.8983121,4.4232636,5.0,15313.0,-3.0,4.03,8.0,216.0,357518080164395.0,32.0,2.0,1583819308.0,835.0,10.07,,EC 241
2020-03-10 05:48:31.861,mijnomgeving,357518080163173,1583819311861,4.0,52.7217103,6.8193022,4.0,9014.0,26.0,3.95,4.0,211.0,357518080163173.0,32.0,0.0,1583819309.0,616.0,9.45,,EC 231
2020-03-10 05:49:34.986,mijnomgeving,357518080495021,1583819374986,255.0,2.55e-05,2.55e-05,0.0,22638.0,0.0,3.95,15.0,0.0,357518080495021.0,32.0,0.0,1583819373.0,1.0,15.0,,EC 325
2020-03-10 05:50:14.078,mijnomgeving,357518080494818,1583819414078,1.0,52.8090253,5.7455144,5.0,32418.0,-11.0,4.21,8.0,247.0,357518080494818.0,32.0,0.0,1583819407.0,1594.0,10.33,,EC 309
2020-03-10 05:50:42.696,mijnomgeving,357518080169006,1583819442696,3.0,,,,72912.0,,3.64,7.0,,357518080169006.0,32.0,,1583819443.0,875.0,9.98,,EC 213
2020-03-10 05:51:01.044,mijnomgeving,357518080495088,1583819461044,255.0,2.55e-05,2.55e-05,0.0,13455.0,0.0,3.92,24.0,0.0,357518080495088.0,32.0,0.0,1583819459.0,0.0,21.7,2.988,EC 321
2020-03-10 05:51:28.149,mijnomgeving,357518080494859,1583819488149,1.0,52.5409794,5.5887751,7.0,27018.0,-4.0,4.15,7.0,233.0,357518080494859.0,32.0,0.0,1583819485.0,1957.0,9.72,,EC 302
2020-03-10 05:51:40.329,mijnomgeving,357518080328131,1583819500329,3.0,52.386734,4.9176478,4.0,45023.0,18.0,3.81,8.0,251.0,357518080328131.0,32.0,0.0,1583819500.0,49.0,9.89,,EC 230
2020-03-10 05:52:13.380,mijnomgeving,357518080332257,1583819533380,1.0,51.8983026,4.4232082,4.0,35111.0,16.0,4.08,7.0,8.0,357518080332257.0,32.0,0.0,1583819531.0,581.0,9.8,,EC 240
2020-03-10 05:52:42.412,mijnomgeving,357518080171390,1583819562412,3.0,52.0318332,5.3037867,5.0,21679240.0,27.0,4.17,7.0,2.0,357518080171390.0,64.0,0.0,1583819570.0,809.0,10.16,,EC 202
2020-03-10 05:52:53.384,mijnomgeving,357518080494834,1583819573384,1.0,52.4257969,5.4208978,4.0,207018.0,13.0,4.1,6.0,9.0,357518080494834.0,32.0,0.0,1583819565.0,1337.0,10.42,,EC 314
2020-03-10 05:52:58.591,mijnomgeving,357518080170889,1583819578591,3.0,52.0146282,4.2957578,5.0,97213.0,-56.0,4.189999999999999,6.0,0.0,357518080170889.0,32.0,0.0,1583819579.0,675.0,11.3,,EC 236
2020-03-10 05:53:05.598,mijnomgeving,357518080332265,1583819585598,2.0,52.3922182,4.9374587,6.0,21612.0,5.0,3.7,8.0,0.0,357518080332265.0,32.0,0.0,1583819582.0,1517.0,9.98,,EC 221
2020-03-10 05:53:28.741,mijnomgeving,357518080495187,1583819608741,1.0,52.635214500000004,5.8236922,4.0,226818.0,-7.0,4.24,8.0,229.0,357518080495187.0,32.0,0.0,1583819618.0,607.0,9.63,,EC 304
2020-03-10 05:53:40.904,mijnomgeving,357518080330764,1583819620904,37.0,51.8210803,4.6103294,7.0,27947.0,-12.0,3.93,8.0,202.0,357518080330764.0,32.0,0.0,1583819613.0,264.0,9.8,,EC 244
2020-03-10 05:53:53.875,mijnomgeving,357518080166663,1583819633875,10.0,51.8980973,4.4233903,4.0,93620.0,10.0,4.13,8.0,0.0,357518080166663.0,32.0,0.0,1583819634.0,806.0,9.8,,EC 243
2020-03-10 05:54:01.438,mijnomgeving,357518080495088,1583819641438,255.0,2.55e-05,2.55e-05,0.0,13635.0,0.0,3.92,24.0,0.0,357518080495088.0,32.0,0.0,1583819639.0,0.0,21.7,2.988,EC 321
2020-03-10 05:54:34.462,mijnomgeving,357518080495146,1583819674462,0.0,52.3870277,5.3121732999999995,4.0,917.0,-13.0,4.17,9.0,245.0,357518080495146.0,32.0,0.0,1583819671.0,1679.0,9.89,,EC 317
2020-03-10 05:54:46.430,mijnomgeving,357518080494875,1583819686430,1.0,52.6580165,5.6150791,4.0,30618.0,-42.0,4.2,8.0,21.0,357518080494875.0,32.0,0.0,1583819683.0,1846.0,10.07,,EC 311
2020-03-10 05:55:04.491,mijnomgeving,357518080495526,1583819704491,1.0,52.2261436,5.1747572,7.0,4528.0,-6.0,4.15,7.0,243.0,357518080495526.0,32.0,0.0,1583819699.0,133.0,9.27,,EC 327
2020-03-10 05:55:07.508,mijnomgeving,357518080495112,1583819707508,7.0,52.837263899999996,5.714309,4.0,72024.0,-63.0,4.21,8.0,1.0,357518080495112.0,32.0,2.0,1583819696.0,1738.0,10.16,,EC 306
2020-03-10 05:55:33.548,mijnomgeving,357518080494909,1583819733548,1.0,52.2261165,5.1748795,6.0,402318.0,5.0,4.16,7.0,27.0,357518080494909.0,32.0,0.0,1583819750.0,135.0,9.36,,EC 329
2020-03-10 05:56:21.642,mijnomgeving,357518080167000,1583819781642,4.0,52.1737705,5.0359186,4.0,105315.0,19.0,4.13,7.0,13.0,357518080167000.0,32.0,0.0,1583819783.0,618.0,9.36,,EC 228
2020-03-10 05:56:27.594,mijnomgeving,357518080495203,1583819787594,1.0,52.2261045,5.1746827,5.0,150318.0,28.0,4.16,8.0,204.0,357518080495203.0,32.0,0.0,1583819791.0,131.0,9.63,,EC 324
2020-03-10 05:56:34.645,mijnomgeving,357518080497423,1583819794645,1.0,52.5230699,5.5901455,6.0,306918.0,-18.0,4.17,7.0,2.0,357518080497423.0,32.0,0.0,1583819797.0,2175.0,10.33,,EC 318
2020-03-10 05:56:35.295,mijnomgeving,357518080203151,1583819795295,4.0,52.4212426,4.8596596,5.0,21643238.0,119.0,4.17,8.0,30.0,357518080203151.0,16.0,0.0,1583819792.0,76.0,9.72,,EC Prototype 001
2020-03-10 05:56:50.349,mijnomgeving,357518080163249,1583819810349,3.0,,,,75613.0,,4.17,9.0,,357518080163249.0,32.0,,1583819810.0,444.0,9.72,,EC 212
2020-03-10 05:56:52.675,mijnomgeving,357518080495070,1583819812675,255.0,2.55e-05,2.55e-05,0.0,2838.0,0.0,4.04,24.0,0.0,357518080495070.0,32.0,0.0,1583819808.0,0.0,21.44,,EC 320
2020-03-10 05:56:52.796,mijnomgeving,357518080494768,1583819812796,9.0,52.4169435,5.2260349999999995,5.0,115226.0,-49.0,4.2,9.0,233.0,357518080494768.0,32.0,1.0,1583819802.0,1266.0,9.98,,EC 305
2020-03-10 05:57:01.656,mijnomgeving,357518080495088,1583819821656,255.0,2.55e-05,2.55e-05,0.0,13815.0,0.0,3.92,24.0,0.0,357518080495088.0,32.0,0.0,1583819819.0,1.0,21.7,2.988,EC 321
2020-03-10 05:57:27.346,mijnomgeving,357518080168917,1583819847346,2.0,52.3406103,4.9254712,5.0,21671166.0,-3.0,3.99,8.0,48.0,357518080168917.0,16.0,1.0,1583819819.0,53.0,11.48,,EC 209
2020-03-10 05:57:52.702,mijnomgeving,357518080497662,1583819872702,1.0,52.2261493,5.1746608,7.0,918.0,23.0,4.2,8.0,0.0,357518080497662.0,32.0,0.0,1583819867.0,139.0,9.45,,EC 328
2020-03-10 05:57:55.900,mijnomgeving,357518080494776,1583819875900,1.0,52.2259649,5.1746489,5.0,9027.0,48.0,4.16,8.0,23.0,357518080494776.0,32.0,0.0,1583819873.0,138.0,9.27,,EC 330
2020-03-10 05:57:58.680,mijnomgeving,357518080497639,1583819878680,1.0,52.6591916,5.6608506,5.0,19818.0,-11.0,4.2,8.0,21.0,357518080497639.0,32.0,0.0,1583819876.0,2190.0,10.07,,EC 308
2020-03-10 05:58:25.081,mijnomgeving,357518080495104,1583819905081,0.0,52.3373493,5.5373462,7.0,88218.0,6.0,4.12,8.0,232.0,357518080495104.0,32.0,0.0,1583819906.0,1266.0,10.42,,EC 312
2020-03-10 05:58:26.591,mijnomgeving,357518080165368,1583819906591,18.0,52.3400058,4.9107902,6.0,20631678.0,7.0,3.76,8.0,247.0,357518080165368.0,16.0,0.0,1583819915.0,1171.0,9.98,,EC 208
2020-03-10 05:58:39.570,mijnomgeving,357518080163405,1583819919570,30.0,52.3730355,4.916186,6.0,24340.0,73.0,4.14,7.0,246.0,357518080163405.0,32.0,0.0,1583819917.0,1702.0,9.63,,EC 226
2020-03-10 05:58:44.765,mijnomgeving,357518080495682,1583819924765,1.0,52.5497878,5.5878875,5.0,48618.0,58.0,4.18,8.0,4.0,357518080495682.0,32.0,0.0,1583819919.0,1708.0,9.72,,EC 316
2020-03-10 05:59:09.552,mijnomgeving,357518080330582,1583819949552,23.0,52.3733491,4.9459192,6.0,2733.0,22.0,4.09,9.0,233.0,357518080330582.0,32.0,0.0,1583819947.0,1675.0,9.89,,EC 219
2020-03-10 05:59:39.584,mijnomgeving,357518080166960,1583819979584,31.0,52.7138977,6.8790285,9.0,144941.0,-4.0,3.95,5.0,24.0,357518080166960.0,32.0,0.0,1583819983.0,539.0,10.07,,EC 232
2020-03-10 05:59:58.850,mijnomgeving,357518080495120,1583819998850,0.0,52.3338942,5.3124939,5.0,51318.0,43.0,4.17,8.0,240.0,357518080495120.0,32.0,0.0,1583819978.0,1489.0,9.63,,EC 303
2020-03-10 06:00:03.939,mijnomgeving,357518080495088,1583820003939,255.0,2.55e-05,2.55e-05,0.0,13995.0,0.0,3.92,24.0,0.0,357518080495088.0,32.0,0.0,1583819999.0,2.0,21.7,2.988,EC 321
2020-03-10 06:00:28.840,mijnomgeving,357518080495153,1583820028840,1.0,52.5791058,5.756775,5.0,16218.0,-5.0,4.189999999999999,7.0,38.0,357518080495153.0,32.0,0.0,1583820026.0,2574.0,9.8,,EC 313
2020-03-10 06:00:39.842,mijnomgeving,357518080495047,1583820039842,25.0,52.2261819,5.1746194,10.0,33342.0,30.0,4.17,8.0,0.0,357518080495047.0,32.0,0.0,1583820038.0,133.0,9.45,,EC 322
2020-03-10 06:00:41.147,mijnomgeving,357518080166580,1583820041147,27.0,52.3603414,4.8157241,6.0,3637.0,-20.0,4.05,8.0,0.0,357518080166580.0,32.0,0.0,1583820037.0,664.0,9.27,,EC 224
2020-03-10 06:01:02.852,mijnomgeving,357518080495534,1583820062852,1.0,52.5327406,5.5930782,8.0,26118.0,0.0,4.2,8.0,9.0,357518080495534.0,32.0,0.0,1583820054.0,2184.0,9.72,,EC 307
2020-03-10 06:01:02.924,mijnomgeving,357518080494826,1583820062924,1.0,52.2261034,5.1746542,6.0,1818.0,27.0,4.17,8.0,22.0,357518080494826.0,32.0,0.0,1583820055.0,130.0,9.19,,EC 323
2020-03-10 06:01:02.936,mijnomgeving,357518080165475,1583820062936,1.0,52.3721882,4.9249427,6.0,13175147.0,20.0,4.12,8.0,239.0,357518080165475.0,1.0,1.0,1583820078.0,1269.0,9.36,,EC 201
2020-03-10 06:01:15.841,mijnomgeving,357518080494982,1583820075841,0.0,52.2259651,5.174737,5.0,55818.0,34.0,4.16,8.0,12.0,357518080494982.0,32.0,0.0,1583820075.0,135.0,9.36,,EC 326
2020-03-10 06:02:45.229,mijnomgeving,357518080497696,1583820165229,24.0,52.5172471,5.5094411,5.0,28841.0,-7.0,4.16,8.0,0.0,357518080497696.0,32.0,0.0,1583820157.0,1040.0,10.33,,EC 319
2020-03-10 06:02:52.133,mijnomgeving,357518080495161,1583820172133,3.0,52.4996769,5.4528986,4.0,6430523.0,8.0,4.189999999999999,8.0,250.0,357518080495161.0,32.0,0.0,1583820180.0,951.0,9.72,,EC 315
2020-03-10 06:03:01.119,mijnomgeving,357518080495088,1583820181119,255.0,2.55e-05,2.55e-05,0.0,14175.0,0.0,3.92,24.0,0.0,357518080495088.0,32.0,0.0,1583820179.0,0.0,21.7,2.988,EC 321
2020-03-10 06:03:25.278,mijnomgeving,357518080166754,1583820205278,6.0,52.3542884,4.9244202,4.0,21049251.0,-27.0,4.17,8.0,4.0,357518080166754.0,16.0,0.0,1583820214.0,1190.0,9.89,,EC 204
2020-03-10 06:03:27.158,mijnomgeving,357518080495021,1583820207158,44.0,53.1566641,7.021643,4.0,23470.0,-45.0,3.94,14.0,0.0,357518080495021.0,32.0,0.0,1583820205.0,0.0,15.0,,EC 325
2020-03-10 06:03:32.691,mijnomgeving,357518080164395,1583820212691,4.0,51.8984661,4.4228556,4.0,16214.0,15.0,4.03,8.0,251.0,357518080164395.0,32.0,0.0,1583820209.0,837.0,10.07,,EC 241
2020-03-10 06:03:32.712,mijnomgeving,357518080163173,1583820212712,5.0,52.7218717,6.8191614,4.0,9915.0,14.0,3.95,4.0,3.0,357518080163173.0,32.0,0.0,1583820210.0,615.0,9.45,,EC 231
2020-03-10 06:05:15.300,mijnomgeving,357518080494818,1583820315300,1.0,52.809014,5.7454132,4.0,33318.0,0.0,4.22,8.0,251.0,357518080494818.0,32.0,0.0,1583820307.0,1602.0,10.33,,EC 309
2020-03-10 06:06:08.590,mijnomgeving,357518080169006,1583820368590,29.0,,,,73838.0,,3.64,7.0,,357518080169006.0,32.0,,1583820369.0,878.0,9.98,,EC 213
2020-03-10 06:06:11.301,mijnomgeving,357518080495088,1583820371301,255.0,2.55e-05,2.55e-05,0.0,14364.0,0.0,3.92,24.0,0.0,357518080495088.0,32.0,0.0,1583820368.0,2.0,21.7,2.988,EC 321
2020-03-10 06:06:27.340,mijnomgeving,357518080494859,1583820387340,0.0,52.5409965,5.5887785999999995,6.0,27917.0,-9.0,4.15,7.0,239.0,357518080494859.0,32.0,0.0,1583820384.0,1958.0,9.72,,EC 302
2020-03-10 06:06:48.056,mijnomgeving,357518080328131,1583820408056,11.0,52.3867027,4.9174327,4.0,45931.0,60.0,3.8200000000000003,8.0,59.0,357518080328131.0,32.0,0.0,1583820408.0,48.0,9.98,,EC 230
2020-03-10 06:07:40.516,mijnomgeving,357518080332257,1583820460516,28.0,51.8982519,4.4233212,6.0,36038.0,-1.0,4.08,8.0,0.0,357518080332257.0,32.0,0.0,1583820458.0,584.0,9.8,,EC 240
2020-03-10 06:07:42.429,mijnomgeving,357518080494834,1583820462429,1.0,52.4259149,5.4207816,5.0,207918.0,-1.0,4.1,8.0,52.0,357518080494834.0,32.0,0.0,1583820465.0,1339.0,10.42,,EC 314
2020-03-10 06:07:42.495,mijnomgeving,357518080171390,1583820462495,3.0,52.0321127,5.3035099,4.0,21680140.0,-43.0,4.17,8.0,0.0,357518080171390.0,64.0,0.0,1583820470.0,810.0,10.16,,EC 202
2020-03-10 06:08:09.272,mijnomgeving,357518080332265,1583820489272,7.0,52.3924637,4.9378002,4.0,22516.0,0.0,3.7,8.0,46.0,357518080332265.0,32.0,0.0,1583820486.0,1509.0,9.98,,EC 221
2020-03-10 06:08:10.406,mijnomgeving,357518080330764,1583820490406,12.0,51.8211109,4.61073,6.0,28822.0,-3.0,3.93,8.0,53.0,357518080330764.0,32.0,0.0,1583820488.0,292.0,9.8,,EC 244
2020-03-10 06:08:17.010,mijnomgeving,357518080170889,1583820497010,22.0,52.0146654,4.2955461,6.0,98131.0,3.0,4.189999999999999,6.0,0.0,357518080170889.0,32.0,0.0,1583820497.0,646.0,11.13,,EC 236
2020-03-10 06:08:32.532,mijnomgeving,357518080495187,1583820512532,3.0,52.63533,5.8233714,4.0,227720.0,-11.0,4.23,9.0,218.0,357518080495187.0,32.0,0.0,1583820520.0,602.0,9.63,,EC 304
2020-03-10 06:09:01.495,mijnomgeving,357518080495088,1583820541495,255.0,2.55e-05,2.55e-05,0.0,14535.0,0.0,3.92,24.0,0.0,357518080495088.0,32.0,0.0,1583820539.0,0.0,21.7,2.988,EC 321
2020-03-10 06:09:14.779,mijnomgeving,357518080166663,1583820554779,26.0,51.8981952,4.4231864,6.0,94535.0,11.0,4.13,8.0,0.0,357518080166663.0,32.0,0.0,1583820549.0,813.0,9.8,,EC 243
2020-03-10 06:09:48.537,mijnomgeving,357518080494875,1583820588537,3.0,52.6586951,5.6151341,4.0,31520.0,-173.0,4.189999999999999,8.0,0.0,357518080494875.0,32.0,1.0,1583820585.0,1850.0,10.07,,EC 311
2020-03-10 06:09:54.541,mijnomgeving,357518080495526,1583820594541,1.0,52.2261209,5.1745971,6.0,5419.0,9.0,4.15,7.0,253.0,357518080495526.0,32.0,0.0,1583820590.0,133.0,9.36,,EC 327
2020-03-10 06:09:57.535,mijnomgeving,357518080495146,1583820597535,24.0,52.3869653,5.312245,6.0,1840.0,-2.0,4.17,10.0,0.0,357518080495146.0,32.0,0.0,1583820594.0,1678.0,9.98,,EC 317
2020-03-10 06:10:12.577,mijnomgeving,357518080495112,1583820612577,24.0,52.8373151,5.7141758,5.0,72940.0,30.0,4.21,8.0,35.0,357518080495112.0,32.0,1.0,1583820612.0,1747.0,10.16,,EC 306
2020-03-10 06:10:48.659,mijnomgeving,357518080494909,1583820648659,16.0,52.2261722,5.1748216,6.0,403233.0,-6.0,4.16,7.0,245.0,357518080494909.0,32.0,0.0,1583820665.0,136.0,9.36,,EC 329
2020-03-10 06:11:33.725,mijnomgeving,357518080497423,1583820693725,1.0,52.5230399,5.5901798,5.0,307818.0,-16.0,4.16,8.0,218.0,357518080497423.0,32.0,0.0,1583820697.0,2173.0,10.33,,EC 318
2020-03-10 06:11:39.391,mijnomgeving,357518080167000,1583820699391,22.0,52.1739458,5.0360077,4.0,106233.0,-3.0,4.13,7.0,0.0,357518080167000.0,32.0,0.0,1583820701.0,619.0,9.36,,EC 228
2020-03-10 06:11:40.702,mijnomgeving,357518080495203,1583820700702,14.0,52.2261133,5.1747942,5.0,151231.0,19.0,4.16,8.0,236.0,357518080495203.0,32.0,0.0,1583820704.0,130.0,9.72,,EC 324
2020-03-10 06:11:53.711,mijnomgeving,357518080495070,1583820713711,255.0,2.55e-05,2.55e-05,0.0,3738.0,0.0,4.04,24.0,0.0,357518080495070.0,32.0,0.0,1583820707.0,1.0,21.44,,EC 320
2020-03-10 06:11:53.901,mijnomgeving,357518080168917,1583820713901,3.0,52.3404708,4.9256309,4.0,21672067.0,15.0,3.99,8.0,0.0,357518080168917.0,16.0,0.0,1583820720.0,47.0,11.66,,EC 209
2020-03-10 06:11:58.622,mijnomgeving,357518080203151,1583820718622,20.0,52.4208182,4.8599717,6.0,21644154.0,8.0,4.17,8.0,0.0,357518080203151.0,16.0,0.0,1583820708.0,75.0,9.8,,EC Prototype 001
2020-03-10 06:12:03.726,mijnomgeving,357518080495088,1583820723726,255.0,2.55e-05,2.55e-05,0.0,14715.0,0.0,3.92,24.0,0.0,357518080495088.0,32.0,0.0,1583820719.0,0.0,21.79,2.988,EC 321
2020-03-10 06:12:10.750,mijnomgeving,357518080494768,1583820730750,36.0,52.4165315,5.2267138,6.0,116153.0,-13.0,4.21,10.0,222.0,357518080494768.0,32.0,1.0,1583820729.0,1271.0,9.98,,EC 305
2020-03-10 06:12:51.846,mijnomgeving,357518080497662,1583820771846,1.0,52.2261979,5.1747021,6.0,1818.0,10.0,4.21,9.0,43.0,357518080497662.0,32.0,0.0,1583820767.0,138.0,9.54,,EC 328
2020-03-10 06:13:10.815,mijnomgeving,357518080497639,1583820790815,13.0,52.6591505,5.6609203,6.0,20730.0,-16.0,4.2,8.0,249.0,357518080497639.0,32.0,0.0,1583820788.0,2192.0,10.07,,EC 308
2020-03-10 06:13:12.888,mijnomgeving,357518080163405,1583820792888,3.0,52.3730997,4.9160146000000005,4.0,25213.0,37.0,4.14,7.0,0.0,357518080163405.0,32.0,0.0,1583820790.0,1714.0,9.63,,EC 226
2020-03-10 06:13:19.896,mijnomgeving,357518080494776,1583820799896,24.0,52.2260874,5.1746954,8.0,9950.0,25.0,4.16,8.0,253.0,357518080494776.0,32.0,0.0,1583820796.0,138.0,9.36,,EC 330
2020-03-10 06:13:27.431,mijnomgeving,357518080495104,1583820807431,1.0,52.337441,5.5374970999999995,5.0,89118.0,0.0,4.12,8.0,19.0,357518080495104.0,32.0,0.0,1583820806.0,1486.0,10.42,,EC 312
2020-03-10 06:13:42.327,mijnomgeving,357518080165368,1583820822327,20.0,52.3397791,4.9109546,7.0,20632580.0,-3.0,3.76,8.0,0.0,357518080165368.0,16.0,0.0,1583820817.0,1170.0,9.98,,EC 208
2020-03-10 06:13:54.254,mijnomgeving,357518080330582,1583820834254,7.0,52.3731894,4.9458342,6.0,3617.0,38.0,4.09,9.0,0.0,357518080330582.0,32.0,0.0,1583820831.0,1687.0,9.89,,EC 219
2020-03-10 06:13:54.950,mijnomgeving,357518080495682,1583820834950,9.0,52.5496903,5.5883723,5.0,49526.0,1.0,4.18,8.0,7.0,357518080495682.0,32.0,0.0,1583820828.0,1685.0,9.72,,EC 316
2020-03-10 06:14:32.721,mijnomgeving,357518080166960,1583820872721,24.0,52.7141053,6.8791904,8.0,145834.0,-31.0,3.95,6.0,0.0,357518080166960.0,32.0,0.0,1583820876.0,538.0,10.07,,EC 232
2020-03-10 06:14:39.940,mijnomgeving,357518080495120,1583820879940,0.0,52.3338384,5.3125727,5.0,52218.0,12.0,4.17,8.0,0.0,357518080495120.0,32.0,0.0,1583820878.0,1491.0,9.63,,EC 303
2020-03-10 06:15:11.102,mijnomgeving,357518080495088,1583820911102,255.0,2.55e-05,2.55e-05,0.0,14904.0,0.0,3.92,24.0,0.0,357518080495088.0,32.0,0.0,1583820908.0,0.0,21.79,2.988,EC 321
2020-03-10 06:15:17.203,mijnomgeving,357518080495047,1583820917203,0.0,52.2262056,5.1746908,8.0,34219.0,14.0,4.16,8.0,218.0,357518080495047.0,32.0,0.0,1583820915.0,132.0,9.54,,EC 322
2020-03-10 06:15:29.160,mijnomgeving,357518080495153,1583820929160,1.0,52.5788894,5.756916,4.0,17118.0,-22.0,4.18,7.0,254.0,357518080495153.0,32.0,0.0,1583820926.0,2585.0,9.8,,EC 313
2020-03-10 06:15:31.944,mijnomgeving,357518080166580,1583820931944,6.0,52.3603583,4.8158895,5.0,4516.0,-44.0,4.04,8.0,236.0,357518080166580.0,32.0,0.0,1583820916.0,662.0,9.27,,EC 224
2020-03-10 06:16:00.168,mijnomgeving,357518080495534,1583820960168,1.0,52.5327192,5.5931172,7.0,27018.0,-5.0,4.2,9.0,252.0,357518080495534.0,32.0,0.0,1583820954.0,2172.0,9.72,,EC 307
2020-03-10 06:16:03.467,mijnomgeving,357518080165475,1583820963467,1.0,52.3719322,4.9252977,5.0,13176047.0,5.0,4.12,8.0,246.0,357518080165475.0,1.0,0.0,1583820979.0,1279.0,9.36,,EC 201
2020-03-10 06:16:11.382,mijnomgeving,357518080494826,1583820971382,13.0,52.2262375,5.1747047,8.0,2730.0,11.0,4.17,9.0,3.0,357518080494826.0,32.0,0.0,1583820967.0,130.0,9.19,,EC 323
2020-03-10 06:16:17.162,mijnomgeving,357518080494982,1583820977162,0.0,52.2255798,5.1749648,4.0,56717.0,62.0,4.17,9.0,40.0,357518080494982.0,32.0,0.0,1583820975.0,136.0,9.45,,EC 326
2020-03-10 06:17:20.707,mijnomgeving,357518080497696,1583821040707,1.0,52.517132,5.5095559,5.0,29717.0,-1.0,4.16,8.0,231.0,357518080497696.0,32.0,0.0,1583821033.0,1042.0,10.33,,EC 319
2020-03-10 06:17:59.110,mijnomgeving,357518080163249,1583821079110,0.0,,,,41.0,,4.17,14.0,,357518080163249.0,32.0,,1583821072.0,446.0,9.72,,EC 212
2020-03-10 06:18:01.746,mijnomgeving,357518080495161,1583821081746,8.0,52.5001204,5.452576,4.0,6431429.0,-19.0,4.189999999999999,8.0,2.0,357518080495161.0,32.0,6.0,1583821085.0,950.0,9.72,,EC 315
2020-03-10 06:18:01.804,mijnomgeving,357518080495088,1583821081804,255.0,2.55e-05,2.55e-05,0.0,15075.0,0.0,3.92,24.0,0.0,357518080495088.0,32.0,0.0,1583821079.0,1.0,21.79,2.988,EC 321
2020-03-10 06:18:16.780,mijnomgeving,357518080495021,1583821096780,44.0,53.1564162,7.0209329,4.0,24361.0,0.0,3.94,14.0,55.0,357518080495021.0,32.0,0.0,1583821096.0,0.0,14.92,,EC 325
2020-03-10 06:18:26.417,mijnomgeving,357518080166754,1583821106417,3.0,52.353775,4.9249773999999995,4.0,21050148.0,3.0,4.17,8.0,231.0,357518080166754.0,16.0,1.0,1583821111.0,1195.0,9.89,,EC 204
2020-03-10 06:18:47.933,mijnomgeving,357518080163173,1583821127933,20.0,52.7218389,6.819167,6.0,10830.0,10.0,3.95,4.0,4.0,357518080163173.0,32.0,0.0,1583821125.0,613.0,9.45,,EC 231
2020-03-10 06:18:55.608,mijnomgeving,357518080164395,1583821135608,4.0,51.8981483,4.4233735,4.0,17114.0,-11.0,4.03,8.0,30.0,357518080164395.0,32.0,0.0,1583821109.0,839.0,10.07,,EC 241
2020-03-10 06:20:08.937,mijnomgeving,357518080494818,1583821208937,1.0,52.8083348,5.745386,4.0,34218.0,85.0,4.21,8.0,233.0,357518080494818.0,32.0,0.0,1583821207.0,1607.0,10.33,,EC 309
2020-03-10 06:20:42.357,mijnomgeving,357518080169006,1583821242357,3.0,,,,74712.0,,3.64,7.0,,357518080169006.0,32.0,,1583821243.0,881.0,9.98,,EC 213
2020-03-10 06:21:00.934,mijnomgeving,357518080495088,1583821260934,255.0,2.55e-05,2.55e-05,0.0,15255.0,0.0,3.91,24.0,0.0,357518080495088.0,32.0,0.0,1583821259.0,1.0,21.79,2.988,EC 321
2020-03-10 06:21:27.000,mijnomgeving,357518080494859,1583821287000,0.0,52.5409721,5.5887299,6.0,28817.0,-4.0,4.16,8.0,223.0,357518080494859.0,32.0,0.0,1583821284.0,1958.0,9.72,,EC 302
2020-03-10 06:21:47.890,mijnomgeving,357518080328131,1583821307890,20.0,52.3868958,4.9176693,5.0,46831.0,31.0,3.81,8.0,209.0,357518080328131.0,32.0,0.0,1583821307.0,50.0,10.07,,EC 230
2020-03-10 06:22:14.691,mijnomgeving,357518080332257,1583821334691,2.0,51.8983074,4.4232863,5.0,36912.0,-7.0,4.08,8.0,0.0,357518080332257.0,32.0,0.0,1583821332.0,588.0,9.8,,EC 240
2020-03-10 06:22:43.312,mijnomgeving,357518080171390,1583821363312,4.0,52.0319218,5.303653,4.0,21681041.0,-18.0,4.17,7.0,4.0,357518080171390.0,64.0,1.0,1583821371.0,810.0,10.16,,EC 202
2020-03-10 06:23:00.519,mijnomgeving,357518080170889,1583821380519,4.0,52.0148461,4.2955568,6.0,99014.0,32.0,4.189999999999999,6.0,0.0,357518080170889.0,32.0,0.0,1583821380.0,630.0,11.13,,EC 236
2020-03-10 06:23:04.384,mijnomgeving,357518080494834,1583821384384,8.0,52.4258442,5.4211296,5.0,208825.0,11.0,4.1,8.0,53.0,357518080494834.0,32.0,2.0,1583821372.0,1362.0,10.42,,EC 314
2020-03-10 06:23:22.604,mijnomgeving,357518080332265,1583821402604,20.0,52.3923687,4.9374216,5.0,23429.0,13.0,3.7,8.0,24.0,357518080332265.0,32.0,0.0,1583821399.0,1508.0,9.98,,EC 221
2020-03-10 06:23:30.177,mijnomgeving,357518080495187,1583821410177,1.0,52.6351477,5.8241425,4.0,228618.0,-15.0,4.23,9.0,215.0,357518080495187.0,32.0,4.0,1583821418.0,605.0,9.63,,EC 304
2020-03-10 06:23:33.885,mijnomgeving,357518080330764,1583821413885,36.0,51.8209767,4.6109727,5.0,29746.0,-23.0,3.93,8.0,213.0,357518080330764.0,32.0,0.0,1583821412.0,313.0,9.89,,EC 244
2020-03-10 06:23:45.866,mijnomgeving,357518080166663,1583821425866,3.0,51.8982814,4.4232579,5.0,95412.0,9.0,4.13,8.0,48.0,357518080166663.0,32.0,0.0,1583821426.0,815.0,9.8,,EC 243
2020-03-10 06:24:01.221,mijnomgeving,357518080495088,1583821441221,255.0,2.55e-05,2.55e-05,0.0,15435.0,0.0,3.92,24.0,0.0,357518080495088.0,32.0,0.0,1583821439.0,2.0,21.79,2.988,EC 321
2020-03-10 06:24:34.294,mijnomgeving,357518080495146,1583821474294,0.0,52.3869923,5.3122226999999995,6.0,2717.0,-10.0,4.16,9.0,2.0,357518080495146.0,32.0,0.0,1583821471.0,1680.0,9.98,,EC 317
2020-03-10 06:24:50.213,mijnomgeving,357518080495112,1583821490213,2.0,52.8374747,5.7142041,4.0,73818.0,17.0,4.2,8.0,232.0,357518080495112.0,32.0,3.0,1583821490.0,1740.0,10.24,,EC 306
2020-03-10 06:24:53.212,mijnomgeving,357518080495526,1583821493212,0.0,52.2261518,5.1744242,6.0,6319.0,12.0,4.15,8.0,244.0,357518080495526.0,32.0,0.0,1583821490.0,136.0,9.45,,EC 327
2020-03-10 06:25:11.264,mijnomgeving,357518080494875,1583821511264,26.0,52.6576345,5.6141545,5.0,32443.0,58.0,4.189999999999999,9.0,217.0,357518080494875.0,32.0,0.0,1583821508.0,1847.0,10.07,,EC 311
2020-03-10 06:25:43.371,mijnomgeving,357518080494909,1583821543371,1.0,52.2261227,5.1746495,6.0,404127.0,29.0,4.16,7.0,10.0,357518080494909.0,32.0,0.0,1583821559.0,135.0,9.54,,EC 329
2020-03-10 06:26:27.426,mijnomgeving,357518080497423,1583821587426,1.0,52.5230474,5.5901996,5.0,308718.0,-20.0,4.17,8.0,21.0,357518080497423.0,32.0,0.0,1583821597.0,2176.0,10.24,,EC 318
2020-03-10 06:26:28.359,mijnomgeving,357518080495203,1583821588359,1.0,52.226215,5.1747183,5.0,152118.0,8.0,4.16,8.0,231.0,357518080495203.0,32.0,1.0,1583821591.0,131.0,9.8,,EC 324
2020-03-10 06:26:32.364,mijnomgeving,357518080494768,1583821592364,0.0,52.416572,5.2266377,6.0,117017.0,-11.0,4.2,8.0,236.0,357518080494768.0,32.0,0.0,1583821593.0,1273.0,9.98,,EC 305
2020-03-10 06:26:37.936,mijnomgeving,357518080203151,1583821597936,4.0,52.4207198,4.8598479999999995,5.0,21645038.0,7.0,4.17,8.0,26.0,357518080203151.0,16.0,0.0,1583821592.0,77.0,9.8,,EC Prototype 001
2020-03-10 06:26:39.539,mijnomgeving,357518080167000,1583821599539,22.0,52.173981,5.0358847,6.0,107133.0,0.0,4.14,7.0,214.0,357518080167000.0,32.0,0.0,1583821601.0,618.0,9.36,,EC 228
2020-03-10 06:26:55.942,mijnomgeving,357518080168917,1583821615942,5.0,52.3408205,4.9257478,5.0,21672969.0,28.0,3.99,8.0,42.0,357518080168917.0,16.0,1.0,1583821622.0,45.0,11.57,,EC 209
2020-03-10 06:27:03.437,mijnomgeving,357518080495070,1583821623437,255.0,2.55e-05,2.55e-05,0.0,4647.0,0.0,4.03,24.0,0.0,357518080495070.0,32.0,0.0,1583821617.0,1.0,21.44,,EC 320
2020-03-10 06:27:10.389,mijnomgeving,357518080495088,1583821630389,255.0,2.55e-05,2.55e-05,0.0,15624.0,0.0,3.91,24.0,0.0,357518080495088.0,32.0,0.0,1583821628.0,1.0,21.79,2.988,EC 321
2020-03-10 06:27:47.470,mijnomgeving,357518080494776,1583821667470,1.0,52.2260538,5.1747239,8.0,10818.0,7.0,4.16,8.0,216.0,357518080494776.0,32.0,0.0,1583821664.0,138.0,9.45,,EC 330
2020-03-10 06:27:53.430,mijnomgeving,357518080497662,1583821673430,1.0,52.2262546,5.1746424,5.0,2718.0,9.0,4.2,9.0,7.0,357518080497662.0,32.0,0.0,1583821667.0,138.0,9.63,,EC 328
2020-03-10 06:28:06.486,mijnomgeving,357518080497639,1583821686486,1.0,52.659248,5.6608591,6.0,21618.0,2.0,4.2,8.0,0.0,357518080497639.0,32.0,0.0,1583821676.0,2192.0,10.07,,EC 308
2020-03-10 06:28:12.368,mijnomgeving,357518080163405,1583821692368,3.0,52.3732918,4.915834,4.0,26113.0,-15.0,4.13,7.0,0.0,357518080163405.0,32.0,0.0,1583821690.0,1727.0,9.63,,EC 226
2020-03-10 06:28:26.567,mijnomgeving,357518080495104,1583821706567,0.0,52.3374162,5.5374637,5.0,90018.0,-5.0,4.12,9.0,24.0,357518080495104.0,32.0,0.0,1583821706.0,820.0,10.42,,EC 312
2020-03-10 06:28:52.585,mijnomgeving,357518080495682,1583821732585,9.0,52.5495468,5.5883324,5.0,50426.0,13.0,4.17,8.0,25.0,357518080495682.0,32.0,0.0,1583821728.0,1722.0,9.8,,EC 316
2020-03-10 06:28:53.534,mijnomgeving,357518080330582,1583821733534,7.0,52.3731419,4.9460271,5.0,4517.0,1.0,4.09,10.0,43.0,357518080330582.0,32.0,2.0,1583821731.0,1691.0,9.89,,EC 219
2020-03-10 06:29:46.939,mijnomgeving,357518080166960,1583821786939,38.0,52.7142281,6.8790911999999995,8.0,146748.0,-13.0,3.96,6.0,7.0,357518080166960.0,32.0,0.0,1583821790.0,540.0,10.07,,EC 232
2020-03-10 06:30:00.656,mijnomgeving,357518080495088,1583821800656,255.0,2.55e-05,2.55e-05,0.0,15795.0,0.0,3.91,24.0,0.0,357518080495088.0,32.0,0.0,1583821799.0,0.0,21.79,2.988,EC 321
2020-03-10 06:30:01.603,mijnomgeving,357518080495120,1583821801603,0.0,52.3338903,5.3124506,5.0,53118.0,10.0,4.17,8.0,0.0,357518080495120.0,32.0,0.0,1583821778.0,1487.0,9.63,,EC 303
2020-03-10 06:30:15.619,mijnomgeving,357518080495047,1583821815619,0.0,52.2262094,5.174707,6.0,35118.0,15.0,4.17,8.0,0.0,357518080495047.0,32.0,0.0,1583821814.0,133.0,9.63,,EC 322
2020-03-10 06:30:18.347,mijnomgeving,357518080166580,1583821818347,5.0,52.3603291,4.8153627,4.0,5415.0,56.0,4.04,8.0,0.0,357518080166580.0,32.0,0.0,1583821815.0,663.0,9.27,,EC 224
2020-03-10 06:30:40.656,mijnomgeving,357518080495153,1583821840656,13.0,52.5788329,5.7568333,5.0,18030.0,-5.0,4.18,8.0,249.0,357518080495153.0,32.0,0.0,1583821838.0,2592.0,9.8,,EC 313
2020-03-10 06:30:58.752,mijnomgeving,357518080495534,1583821858752,1.0,52.532785,5.5930459,6.0,27918.0,-10.0,4.2,9.0,5.0,357518080495534.0,32.0,0.0,1583821854.0,2161.0,9.72,,EC 307
2020-03-10 06:30:58.822,mijnomgeving,357518080494826,1583821858822,1.0,52.2261874,5.1747014,7.0,3618.0,17.0,4.17,10.0,44.0,357518080494826.0,32.0,0.0,1583821855.0,131.0,9.27,,EC 323
2020-03-10 06:31:17.622,mijnomgeving,357518080165475,1583821877622,15.0,52.3719733,4.9254107,6.0,13176961.0,8.0,4.12,8.0,219.0,357518080165475.0,1.0,0.0,1583821893.0,1431.0,9.36,,EC 201
2020-03-10 06:31:39.832,mijnomgeving,357518080494982,1583821899832,25.0,52.2262992,5.1745637,4.0,57642.0,18.0,4.17,9.0,246.0,357518080494982.0,32.0,0.0,1583821900.0,135.0,9.54,,EC 326
2020-03-10 06:32:17.899,mijnomgeving,357518080497696,1583821937899,1.0,52.5171511,5.5095265,4.0,30617.0,-10.0,4.16,8.0,238.0,357518080497696.0,32.0,0.0,1583821933.0,1041.0,10.33,,EC 319
2020-03-10 06:32:31.495,mijnomgeving,357518080163249,1583821951495,3.0,,,,913.0,,4.16,10.0,,357518080163249.0,32.0,,1583821944.0,450.0,9.72,,EC 212
2020-03-10 06:32:57.832,mijnomgeving,357518080495161,1583821977832,4.0,52.4996375,5.4528451,4.0,6432325.0,-5.0,4.189999999999999,8.0,249.0,357518080495161.0,32.0,1.0,1583821981.0,954.0,9.72,,EC 315
2020-03-10 06:33:09.831,mijnomgeving,357518080495088,1583821989831,255.0,2.55e-05,2.55e-05,0.0,15984.0,0.0,3.92,24.0,0.0,357518080495088.0,32.0,0.0,1583821988.0,1.0,21.79,2.988,EC 321
2020-03-10 06:33:31.722,mijnomgeving,357518080163173,1583822011722,4.0,52.7217995,6.8192009,5.0,11714.0,-14.0,3.95,5.0,228.0,357518080163173.0,32.0,0.0,1583822009.0,614.0,9.45,,EC 231
2020-03-10 06:33:42.121,mijnomgeving,357518080166754,1583822022121,22.0,52.3538624,4.9248653000000004,5.0,21051067.0,-8.0,4.17,9.0,14.0,357518080166754.0,16.0,0.0,1583822030.0,1194.0,9.89,,EC 204
2020-03-10 06:34:22.111,mijnomgeving,357518080164395,1583822062111,20.0,51.8982207,4.4233288,7.0,18030.0,-10.0,4.03,8.0,0.0,357518080164395.0,32.0,0.0,1583822025.0,844.0,10.07,,EC 241
2020-03-10 06:34:35.016,mijnomgeving,357518080495021,1583822075016,255.0,2.55e-05,2.55e-05,0.0,25338.0,0.0,3.94,15.0,0.0,357518080495021.0,32.0,0.0,1583822073.0,1.0,14.92,,EC 325
2020-03-10 06:35:19.078,mijnomgeving,357518080494818,1583822119078,11.0,52.8093201,5.7454323,5.0,35128.0,-17.0,4.21,8.0,250.0,357518080494818.0,32.0,0.0,1583822117.0,1616.0,10.33,,EC 309
2020-03-10 06:35:41.250,mijnomgeving,357518080169006,1583822141250,2.0,,,,75611.0,,3.64,8.0,,357518080169006.0,32.0,,1583822142.0,881.0,10.07,,EC 213
2020-03-10 06:36:01.130,mijnomgeving,357518080495088,1583822161130,255.0,2.55e-05,2.55e-05,0.0,16155.0,0.0,3.91,24.0,0.0,357518080495088.0,32.0,0.0,1583822159.0,1.0,21.79,2.934,EC 321
2020-03-10 06:36:27.123,mijnomgeving,357518080494859,1583822187123,0.0,52.540976,5.5887809,4.0,29717.0,0.0,4.16,8.0,252.0,357518080494859.0,32.0,0.0,1583822184.0,1952.0,9.72,,EC 302
2020-03-10 06:36:34.931,mijnomgeving,357518080328131,1583822194931,7.0,52.3867521,4.9176309,5.0,47718.0,14.0,3.8200000000000003,8.0,0.0,357518080328131.0,32.0,0.0,1583822195.0,54.0,10.16,,EC 230
2020-03-10 06:37:18.267,mijnomgeving,357518080332257,1583822238267,2.0,51.898414,4.4233818,4.0,37812.0,10.0,4.08,8.0,16.0,357518080332257.0,32.0,0.0,1583822232.0,583.0,9.8,,EC 240
2020-03-10 06:37:59.071,mijnomgeving,357518080170889,1583822279071,3.0,52.0146501,4.2954457,5.0,99913.0,15.0,4.189999999999999,6.0,4.0,357518080170889.0,32.0,1.0,1583822279.0,665.0,11.13,,EC 236
2020-03-10 06:38:06.200,mijnomgeving,357518080330764,1583822286200,8.0,51.8211542,4.6111509999999996,6.0,30618.0,12.0,3.93,8.0,58.0,357518080330764.0,32.0,2.0,1583822284.0,315.0,9.89,,EC 244
2020-03-10 06:38:08.397,mijnomgeving,357518080171390,1583822288397,29.0,52.031897,5.3036398,6.0,21681966.0,3.0,4.17,8.0,0.0,357518080171390.0,64.0,0.0,1583822296.0,813.0,10.16,,EC 202
2020-03-10 06:38:11.409,mijnomgeving,357518080332265,1583822291409,9.0,52.392167,4.9371895,5.0,24318.0,35.0,3.7,8.0,15.0,357518080332265.0,32.0,0.0,1583822288.0,1515.0,10.07,,EC 221
2020-03-10 06:38:13.406,mijnomgeving,357518080494834,1583822293406,11.0,52.4257308,5.4207669,6.0,209729.0,0.0,4.1,8.0,0.0,357518080494834.0,32.0,0.0,1583822275.0,1395.0,10.42,,EC 314
2020-03-10 06:38:42.522,mijnomgeving,357518080495187,1583822322522,13.0,52.6354051,5.8234912,4.0,229529.0,-20.0,4.23,9.0,229.0,357518080495187.0,32.0,0.0,1583822329.0,604.0,9.63,,EC 304
2020-03-10 06:38:52.754,mijnomgeving,357518080166663,1583822332754,3.0,51.8984962,4.423264,5.0,96312.0,-36.0,4.13,8.0,0.0,357518080166663.0,32.0,0.0,1583822326.0,813.0,9.8,,EC 243
2020-03-10 06:39:02.555,mijnomgeving,357518080495088,1583822342555,255.0,2.55e-05,2.55e-05,0.0,16335.0,0.0,3.91,24.0,0.0,357518080495088.0,32.0,0.0,1583822339.0,0.0,21.79,2.988,EC 321
2020-03-10 06:39:34.541,mijnomgeving,357518080495146,1583822374541,1.0,52.3868347,5.3122408,5.0,3617.0,-2.0,4.16,9.0,15.0,357518080495146.0,32.0,0.0,1583822371.0,1680.0,9.98,,EC 317
2020-03-10 06:39:54.645,mijnomgeving,357518080494875,1583822394645,10.0,52.6584821,5.6152906,4.0,33327.0,-161.0,4.189999999999999,9.0,200.0,357518080494875.0,32.0,1.0,1583822392.0,1850.0,10.07,,EC 311
2020-03-10 06:40:07.635,mijnomgeving,357518080495526,1583822407635,13.0,52.2272148,5.1729279,4.0,7232.0,73.0,4.15,8.0,240.0,357518080495526.0,32.0,4.0,1583822403.0,134.0,9.54,,EC 327
2020-03-10 06:40:12.652,mijnomgeving,357518080495112,1583822412652,22.0,52.8374087,5.7139033,4.0,74738.0,-21.0,4.21,8.0,11.0,357518080495112.0,32.0,0.0,1583822410.0,1741.0,10.24,,EC 306
2020-03-10 06:40:33.689,mijnomgeving,357518080494909,1583822433689,1.0,52.2261081,5.1748003,5.0,405018.0,6.0,4.16,7.0,57.0,357518080494909.0,32.0,0.0,1583822450.0,134.0,9.63,,EC 329
2020-03-10 06:41:20.515,mijnomgeving,357518080167000,1583822480515,3.0,52.1740175,5.0358474,5.0,108014.0,-27.0,4.13,7.0,0.0,357518080167000.0,32.0,0.0,1583822482.0,620.0,9.36,,EC 228
2020-03-10 06:41:34.072,mijnomgeving,357518080203151,1583822494072,4.0,52.4208016,4.8598005,6.0,21645938.0,26.0,4.17,8.0,53.0,357518080203151.0,16.0,0.0,1583822492.0,76.0,9.8,,EC Prototype 001
2020-03-10 06:41:37.859,mijnomgeving,357518080494768,1583822497859,0.0,52.4166623,5.2267417,5.0,117917.0,3.0,4.2,9.0,232.0,357518080494768.0,32.0,1.0,1583822493.0,1276.0,9.98,,EC 305
2020-03-10 06:41:41.788,mijnomgeving,357518080495203,1583822501788,14.0,52.2261731,5.1747347,5.0,153031.0,13.0,4.16,8.0,230.0,357518080495203.0,32.0,0.0,1583822504.0,132.0,9.89,,EC 324
2020-03-10 06:41:51.747,mijnomgeving,357518080495070,1583822511747,255.0,2.55e-05,2.55e-05,0.0,5538.0,0.0,4.03,24.0,0.0,357518080495070.0,32.0,0.0,1583822508.0,1.0,21.53,,EC 320
2020-03-10 06:41:58.745,mijnomgeving,357518080497423,1583822518745,16.0,52.523028,5.590279,7.0,309633.0,-14.0,4.17,9.0,250.0,357518080497423.0,32.0,0.0,1583822512.0,2168.0,10.24,,EC 318
2020-03-10 06:42:10.760,mijnomgeving,357518080495088,1583822530760,255.0,2.55e-05,2.55e-05,0.0,16524.0,0.0,3.91,24.0,0.0,357518080495088.0,32.0,0.0,1583822528.0,2.0,21.88,2.988,EC 321
2020-03-10 06:42:11.333,mijnomgeving,357518080168917,1583822531333,20.0,52.340588,4.9256265,4.0,21673884.0,8.0,3.99,8.0,2.0,357518080168917.0,16.0,0.0,1583822537.0,45.0,11.39,,EC 209
2020-03-10 06:42:46.838,mijnomgeving,357518080494776,1583822566838,1.0,52.2260455,5.1746043,6.0,11718.0,30.0,4.16,8.0,48.0,357518080494776.0,32.0,0.0,1583822564.0,138.0,9.54,,EC 330
2020-03-10 06:42:50.778,mijnomgeving,357518080497662,1583822570778,1.0,52.2261762,5.1746348,4.0,3618.0,7.0,4.2,9.0,202.0,357518080497662.0,32.0,0.0,1583822567.0,140.0,9.72,,EC 328
2020-03-10 06:42:57.793,mijnomgeving,357518080497639,1583822577793,0.0,52.6591371,5.6609055999999995,4.0,22517.0,-8.0,4.2,9.0,1.0,357518080497639.0,32.0,0.0,1583822575.0,2187.0,10.16,,EC 308
2020-03-10 06:43:13.628,mijnomgeving,357518080163405,1583822593628,4.0,52.3725232,4.916837,4.0,27014.0,77.0,4.14,7.0,232.0,357518080163405.0,32.0,0.0,1583822591.0,1715.0,9.63,,EC 226
2020-03-10 06:43:26.859,mijnomgeving,357518080495104,1583822606859,2.0,52.3366385,5.5376932,4.0,90919.0,41.0,4.12,9.0,251.0,357518080495104.0,32.0,0.0,1583822607.0,813.0,10.42,,EC 312
2020-03-10 06:43:51.359,mijnomgeving,357518080330582,1583822631359,4.0,52.3732432,4.9459101,4.0,5414.0,20.0,4.09,9.0,247.0,357518080330582.0,32.0,0.0,1583822628.0,1690.0,9.89,,EC 219
2020-03-10 06:43:54.863,mijnomgeving,357518080495682,1583822634863,1.0,52.5495363,5.5882867,4.0,51318.0,22.0,4.17,8.0,56.0,357518080495682.0,32.0,0.0,1583822620.0,1728.0,9.8,,EC 316
2020-03-10 06:44:21.837,mijnomgeving,357518080166960,1583822661837,13.0,52.714001,6.878749,9.0,147623.0,-5.0,3.96,6.0,17.0,357518080166960.0,32.0,0.0,1583822665.0,541.0,9.98,,EC 232
2020-03-10 06:44:48.976,mijnomgeving,357518080495120,1583822688976,2.0,52.3341413,5.3124724,5.0,54019.0,34.0,4.17,8.0,7.0,357518080495120.0,32.0,0.0,1583822679.0,1488.0,9.63,,EC 303
2020-03-10 06:45:00.932,mijnomgeving,357518080495088,1583822700932,255.0,2.55e-05,2.55e-05,0.0,16695.0,0.0,3.91,24.0,0.0,357518080495088.0,32.0,0.0,1583822699.0,1.0,21.88,2.988,EC 321
2020-03-10 06:45:16.966,mijnomgeving,357518080495047,1583822716966,1.0,52.2262115,5.1746741,6.0,36018.0,29.0,4.17,9.0,9.0,357518080495047.0,32.0,0.0,1583822713.0,133.0,9.72,,EC 322
2020-03-10 06:45:22.927,mijnomgeving,357518080166580,1583822722927,4.0,52.3602006,4.8155565,4.0,6314.0,-13.0,4.04,8.0,15.0,357518080166580.0,32.0,1.0,1583822714.0,660.0,9.36,,EC 224
2020-03-10 06:45:28.945,mijnomgeving,357518080495153,1583822728945,1.0,52.5790056,5.7568368,5.0,18918.0,-16.0,4.189999999999999,8.0,228.0,357518080495153.0,32.0,0.0,1583822726.0,2577.0,9.8,,EC 313
2020-03-10 06:45:55.996,mijnomgeving,357518080495534,1583822755996,1.0,52.5329209,5.5929618,4.0,28818.0,-26.0,4.2,9.0,252.0,357518080495534.0,32.0,2.0,1583822754.0,2168.0,9.72,,EC 307
2020-03-10 06:45:57.954,mijnomgeving,357518080494826,1583822757954,0.0,52.2261254,5.1746186,6.0,4518.0,19.0,4.17,10.0,19.0,357518080494826.0,32.0,0.0,1583822754.0,130.0,9.45,,EC 323
2020-03-10 06:46:04.022,mijnomgeving,357518080165475,1583822764022,1.0,52.3720705,4.925483,5.0,13177847.0,23.0,4.12,8.0,225.0,357518080165475.0,1.0,1.0,1583822779.0,1307.0,9.36,,EC 201
2020-03-10 06:47:15.346,mijnomgeving,357518080497696,1583822835346,1.0,52.517097,5.5095697,4.0,31517.0,0.0,4.16,8.0,229.0,357518080497696.0,32.0,0.0,1583822833.0,1042.0,10.33,,EC 319
2020-03-10 06:47:24.294,mijnomgeving,357518080494982,1583822844294,1.0,52.2261257,5.1747363,8.0,41.0,6.0,4.14,11.0,51.0,357518080494982.0,32.0,0.0,1583822840.0,132.0,9.63,,EC 326
2020-03-10 06:47:30.599,mijnomgeving,357518080163249,1583822850599,2.0,,,,1812.0,,4.17,10.0,,357518080163249.0,32.0,,1583822843.0,447.0,9.72,,EC 212
2020-03-10 06:47:59.358,mijnomgeving,357518080495161,1583822879358,4.0,52.5003459,5.452521,4.0,6433225.0,-56.0,4.189999999999999,8.0,251.0,357518080495161.0,32.0,5.0,1583822882.0,955.0,9.72,,EC 315
2020-03-10 06:48:10.373,mijnomgeving,357518080495088,1583822890373,255.0,2.55e-05,2.55e-05,0.0,16884.0,0.0,3.91,24.0,0.0,357518080495088.0,32.0,0.0,1583822888.0,2.0,21.88,2.988,EC 321
2020-03-10 06:48:23.510,mijnomgeving,357518080166754,1583822903510,1.0,52.3537594,4.9248916,5.0,21051946.0,4.0,4.17,8.0,18.0,357518080166754.0,16.0,1.0,1583822909.0,1189.0,9.89,,EC 204
2020-03-10 06:48:31.743,mijnomgeving,357518080164395,1583822911743,4.0,51.8983439,4.4231958,7.0,18913.0,23.0,4.03,8.0,0.0,357518080164395.0,32.0,0.0,1583822908.0,853.0,10.07,,EC 241
2020-03-10 06:48:33.792,mijnomgeving,357518080163173,1583822913792,6.0,52.7218419,6.8192766,5.0,12616.0,22.0,3.95,5.0,20.0,357518080163173.0,32.0,0.0,1583822911.0,615.0,9.45,,EC 231
2020-03-10 06:49:36.170,mijnomgeving,357518080495021,1583822976170,255.0,2.55e-05,2.55e-05,0.0,26238.0,0.0,3.94,15.0,0.0,357518080495021.0,32.0,0.0,1583822973.0,0.0,14.92,,EC 325
2020-03-10 06:50:08.521,mijnomgeving,357518080494818,1583823008521,1.0,52.8093589,5.7452795,5.0,36018.0,-39.0,4.21,8.0,56.0,357518080494818.0,32.0,0.0,1583823007.0,1624.0,10.33,,EC 309
2020-03-10 06:50:44.280,mijnomgeving,357518080169006,1583823044280,4.0,,,,76513.0,,3.64,8.0,,357518080169006.0,32.0,,1583823044.0,880.0,10.07,,EC 213
2020-03-10 06:51:01.572,mijnomgeving,357518080495088,1583823061572,255.0,2.55e-05,2.55e-05,0.0,17055.0,0.0,3.91,24.0,0.0,357518080495088.0,32.0,0.0,1583823059.0,1.0,21.88,2.988,EC 321
2020-03-10 06:51:40.583,mijnomgeving,357518080494859,1583823100583,15.0,52.540957,5.5887885,7.0,30632.0,-1.0,4.15,8.0,244.0,357518080494859.0,32.0,0.0,1583823098.0,1955.0,9.72,,EC 302
2020-03-10 06:52:09.967,mijnomgeving,357518080328131,1583823129967,33.0,52.3867272,4.9175553,6.0,48653.0,-71.0,3.81,8.0,231.0,357518080328131.0,32.0,0.0,1583823130.0,50.0,10.24,,EC 230
2020-03-10 06:52:16.052,mijnomgeving,357518080332257,1583823136052,4.0,51.8985836,4.423232,5.0,38714.0,9.0,4.08,8.0,43.0,357518080332257.0,32.0,0.0,1583823134.0,584.0,9.8,,EC 240
2020-03-10 06:52:41.389,mijnomgeving,357518080171390,1583823161389,2.0,52.0319537,5.3034679,6.0,21682839.0,-2.0,4.17,8.0,0.0,357518080171390.0,64.0,0.0,1583823169.0,814.0,10.16,,EC 202
2020-03-10 06:53:00.198,mijnomgeving,357518080170889,1583823180198,4.0,52.0143222,4.2952159,4.0,100814.0,26.0,4.189999999999999,6.0,23.0,357518080170889.0,32.0,0.0,1583823180.0,664.0,11.21,,EC 236
2020-03-10 06:53:06.198,mijnomgeving,357518080332265,1583823186198,4.0,52.392063,4.9372749,4.0,25213.0,16.0,3.7,8.0,29.0,357518080332265.0,32.0,0.0,1583823183.0,1515.0,10.07,,EC 221
2020-03-10 06:53:06.210,mijnomgeving,357518080330764,1583823186210,8.0,51.8210857,4.610864,5.0,31518.0,-22.0,3.93,8.0,199.0,357518080330764.0,32.0,0.0,1583823184.0,308.0,9.98,,EC 244
2020-03-10 06:53:15.825,mijnomgeving,357518080494834,1583823195825,1.0,52.4256682,5.4206769,5.0,210618.0,5.0,4.1,8.0,229.0,357518080494834.0,32.0,0.0,1583823165.0,1389.0,10.51,,EC 314
2020-03-10 06:53:28.785,mijnomgeving,357518080495187,1583823208785,1.0,52.6352524,5.8233853,4.0,230418.0,2.0,4.23,10.0,0.0,357518080495187.0,32.0,0.0,1583823218.0,604.0,9.63,,EC 304
2020-03-10 06:54:01.993,mijnomgeving,357518080495088,1583823241993,255.0,2.55e-05,2.55e-05,0.0,17235.0,0.0,3.92,24.0,0.0,357518080495088.0,32.0,0.0,1583823239.0,2.0,21.88,2.988,EC 321
2020-03-10 06:54:35.013,mijnomgeving,357518080495146,1583823275013,1.0,52.3866407,5.3121178,4.0,4517.0,-23.0,4.16,9.0,35.0,357518080495146.0,32.0,0.0,1583823271.0,1684.0,9.98,,EC 317
2020-03-10 06:54:44.977,mijnomgeving,357518080494875,1583823284977,0.0,52.6577104,5.614471,4.0,34217.0,38.0,4.189999999999999,8.0,31.0,357518080494875.0,32.0,0.0,1583823282.0,1850.0,10.07,,EC 311
2020-03-10 06:54:51.972,mijnomgeving,357518080495112,1583823291972,1.0,52.8374944,5.7139047,4.0,75618.0,-15.0,4.21,8.0,222.0,357518080495112.0,32.0,0.0,1583823290.0,1743.0,10.24,,EC 306
2020-03-10 06:55:34.057,mijnomgeving,357518080494909,1583823334057,1.0,52.2261544,5.1747258,5.0,405918.0,6.0,4.16,8.0,208.0,357518080494909.0,32.0,0.0,1583823350.0,134.0,9.72,,EC 329
2020-03-10 06:56:05.123,mijnomgeving,357518080495526,1583823365123,0.0,52.226185,5.174646,4.0,41.0,4.0,4.16,10.0,248.0,357518080495526.0,32.0,0.0,1583823358.0,131.0,9.72,,EC 327
2020-03-10 06:56:18.427,mijnomgeving,357518080167000,1583823378427,1.0,52.174071,5.0358668,5.0,108912.0,0.0,4.13,7.0,0.0,357518080167000.0,32.0,0.0,1583823380.0,617.0,9.36,,EC 228
2020-03-10 06:56:27.099,mijnomgeving,357518080497423,1583823387099,1.0,52.5230111,5.5902186,7.0,310518.0,-13.0,4.16,9.0,244.0,357518080497423.0,32.0,0.0,1583823397.0,2168.0,10.24,,EC 318
2020-03-10 06:56:35.057,mijnomgeving,357518080203151,1583823395057,5.0,52.4207976,4.8600182,5.0,21646839.0,-4.0,4.17,8.0,51.0,357518080203151.0,16.0,0.0,1583823393.0,76.0,9.8,,EC Prototype 001
2020-03-10 06:56:38.072,mijnomgeving,357518080495203,1583823398072,1.0,52.2261054,5.1746501,6.0,153927.0,25.0,4.16,8.0,7.0,357518080495203.0,32.0,0.0,1583823400.0,132.0,9.98,,EC 324
2020-03-10 06:56:44.086,mijnomgeving,357518080494768,1583823404086,1.0,52.4166442,5.2262133,5.0,118817.0,-37.0,4.2,9.0,229.0,357518080494768.0,32.0,0.0,1583823393.0,1277.0,9.98,,EC 305
2020-03-10 06:56:53.133,mijnomgeving,357518080495070,1583823413133,255.0,2.55e-05,2.55e-05,0.0,6438.0,0.0,4.04,24.0,0.0,357518080495070.0,32.0,0.0,1583823408.0,0.0,21.53,,EC 320
2020-03-10 06:56:55.871,mijnomgeving,357518080168917,1583823415871,5.0,52.3409689,4.9252362,4.0,21674769.0,-30.0,3.99,8.0,18.0,357518080168917.0,16.0,0.0,1583823422.0,45.0,11.48,,EC 209
2020-03-10 06:57:47.218,mijnomgeving,357518080494776,1583823467218,1.0,52.2260063,5.1748462,6.0,12618.0,11.0,4.16,8.0,14.0,357518080494776.0,32.0,0.0,1583823464.0,137.0,9.63,,EC 330
2020-03-10 06:57:51.166,mijnomgeving,357518080497662,1583823471166,1.0,52.2261384,5.174691,5.0,4518.0,9.0,4.2,9.0,240.0,357518080497662.0,32.0,0.0,1583823467.0,139.0,9.8,,EC 328
2020-03-10 06:58:10.165,mijnomgeving,357518080495088,1583823490165,255.0,2.55e-05,2.55e-05,0.0,158.0,0.0,3.93,24.0,0.0,357518080495088.0,32.0,0.0,1583823486.0,0.0,22.06,2.988,EC 321
2020-03-10 06:58:13.171,mijnomgeving,357518080497639,1583823493171,13.0,52.6591871,5.6608427,7.0,23430.0,-4.0,4.2,9.0,7.0,357518080497639.0,32.0,0.0,1583823488.0,2184.0,10.16,,EC 308
2020-03-10 06:58:14.381,mijnomgeving,357518080163405,1583823494381,5.0,52.3726049,4.9164406,4.0,27916.0,33.0,4.14,8.0,0.0,357518080163405.0,32.0,0.0,1583823492.0,1710.0,9.63,,EC 226
2020-03-10 06:58:37.437,mijnomgeving,357518080166663,1583823517437,4.0,51.8982904,4.4237168,5.0,97213.0,-40.0,4.13,8.0,0.0,357518080166663.0,32.0,0.0,1583823227.0,813.0,9.8,,EC 243
2020-03-10 06:58:47.247,mijnomgeving,357518080495104,1583823527247,16.0,52.3374884,5.5374772,7.0,91833.0,19.0,4.12,10.0,255.0,357518080495104.0,32.0,0.0,1583823521.0,807.0,10.42,,EC 312
2020-03-10 06:58:52.669,mijnomgeving,357518080330582,1583823532669,6.0,52.3729342,4.946012,4.0,6315.0,0.0,4.09,10.0,19.0,357518080330582.0,32.0,2.0,1583823529.0,1698.0,9.89,,EC 219
2020-03-10 06:59:06.342,mijnomgeving,357518080495682,1583823546342,6.0,52.5493491,5.5884288,4.0,52223.0,-42.0,4.18,8.0,207.0,357518080495682.0,32.0,0.0,1583823525.0,1691.0,9.8,,EC 316
2020-03-10 06:59:34.803,mijnomgeving,357518080166960,1583823574803,24.0,52.713949,6.8789429,8.0,148534.0,3.0,3.96,6.0,0.0,357518080166960.0,32.0,0.0,1583823576.0,539.0,9.98,,EC 232
2020-03-10 06:59:49.432,mijnomgeving,357518080495120,1583823589432,9.0,52.3337378,5.312416,6.0,54927.0,-10.0,4.17,9.0,0.0,357518080495120.0,32.0,0.0,1583823587.0,1487.0,9.63,,EC 303
2020-03-10 07:00:15.624,mijnomgeving,357518080495047,1583823615624,1.0,52.2261905,5.1746594,6.0,36918.0,30.0,4.17,9.0,6.0,357518080495047.0,32.0,0.0,1583823614.0,134.0,9.8,,EC 322
2020-03-10 07:00:25.065,mijnomgeving,357518080166580,1583823625065,12.0,52.3608532,4.8156949000000004,5.0,7222.0,79.0,4.05,8.0,5.0,357518080166580.0,32.0,0.0,1583823622.0,661.0,9.36,,EC 224
2020-03-10 07:00:28.604,mijnomgeving,357518080495153,1583823628604,1.0,52.5788514,5.7569044,5.0,19818.0,1.0,4.18,8.0,250.0,357518080495153.0,32.0,0.0,1583823626.0,2586.0,9.8,,EC 313
2020-03-10 07:00:29.596,mijnomgeving,357518080495088,1583823629596,255.0,2.55e-05,2.55e-05,0.0,299.0,0.0,3.91,24.0,0.0,357518080495088.0,32.0,0.0,1583823627.0,0.0,21.88,2.988,EC 321
2020-03-10 07:00:57.651,mijnomgeving,357518080494826,1583823657651,0.0,52.2260822,5.1746183,6.0,5418.0,25.0,4.17,9.0,4.0,357518080494826.0,32.0,0.0,1583823654.0,131.0,9.54,,EC 323
2020-03-10 07:00:59.346,mijnomgeving,357518080495534,1583823659346,1.0,52.5324911,5.5931919,5.0,29718.0,10.0,4.2,9.0,247.0,357518080495534.0,32.0,0.0,1583823654.0,2177.0,9.72,,EC 307
2020-03-10 07:01:04.018,mijnomgeving,357518080165475,1583823664018,1.0,52.3720581,4.9254627,6.0,13178747.0,4.0,4.12,8.0,219.0,357518080165475.0,1.0,1.0,1583823679.0,1431.0,9.36,,EC 201
2020-03-10 07:02:01.834,mijnomgeving,357518080494982,1583823721834,1.0,52.2261947,5.1746259,7.0,919.0,33.0,4.16,8.0,6.0,357518080494982.0,32.0,0.0,1583823718.0,135.0,9.72,,EC 326
2020-03-10 07:02:15.790,mijnomgeving,357518080497696,1583823735790,1.0,52.5171258,5.5096563,4.0,32417.0,19.0,4.16,8.0,241.0,357518080497696.0,32.0,0.0,1583823733.0,1042.0,10.33,,EC 319
2020-03-10 07:02:27.531,mijnomgeving,357518080163249,1583823747531,3.0,,,,2713.0,,4.16,9.0,,357518080163249.0,32.0,,1583823744.0,445.0,9.8,,EC 212
2020-03-10 07:03:00.838,mijnomgeving,357518080495161,1583823780838,11.0,52.4995292,5.453441,4.0,6434132.0,38.0,4.189999999999999,8.0,221.0,357518080495161.0,32.0,1.0,1583823789.0,954.0,9.72,,EC 315
2020-03-10 07:03:19.537,mijnomgeving,357518080166754,1583823799537,1.0,52.3540113,4.9247113,4.0,21052846.0,-8.0,4.17,8.0,236.0,357518080166754.0,16.0,0.0,1583823809.0,1194.0,9.89,,EC 204
2020-03-10 07:03:31.085,mijnomgeving,357518080163173,1583823811085,3.0,52.7217186,6.8191322,5.0,13513.0,33.0,3.95,5.0,0.0,357518080163173.0,32.0,0.0,1583823808.0,615.0,9.36,,EC 231
2020-03-10 07:03:45.411,mijnomgeving,357518080166887,1583823825411,45.0,52.3702857,4.9009137,5.0,11913394.0,39.0,3.6,8.0,44.0,357518080166887.0,4.0,0.0,1583823819.0,34.0,11.92,,EC 200
2020-03-10 07:03:56.261,mijnomgeving,357518080495088,1583823836261,255.0,2.55e-05,2.55e-05,0.0,504.0,0.0,3.91,24.0,0.0,357518080495088.0,32.0,0.0,1583823832.0,0.0,21.88,2.988,EC 321
2020-03-10 07:04:05.111,mijnomgeving,357518080164395,1583823845111,4.0,51.8981844,4.4232537,6.0,19813.0,-7.0,4.03,8.0,10.0,357518080164395.0,32.0,0.0,1583823808.0,859.0,10.07,,EC 241
2020-03-10 07:04:45.542,mijnomgeving,357518080495021,1583823885542,255.0,2.55e-05,2.55e-05,0.0,27147.0,0.0,3.94,14.0,0.0,357518080495021.0,32.0,0.0,1583823882.0,0.0,14.92,,EC 325
2020-03-10 07:05:08.627,mijnomgeving,357518080494818,1583823908627,1.0,52.8091366,5.7453519,5.0,36918.0,-12.0,4.21,8.0,233.0,357518080494818.0,32.0,0.0,1583823907.0,1633.0,10.33,,EC 309
2020-03-10 07:05:42.199,mijnomgeving,357518080169006,1583823942199,3.0,,,,77412.0,,3.64,8.0,,357518080169006.0,32.0,,1583823943.0,885.0,10.07,,EC 213
2020-03-10 07:06:27.726,mijnomgeving,357518080494859,1583823987726,1.0,52.5409822,5.5888577999999995,8.0,31518.0,-4.0,4.16,8.0,56.0,357518080494859.0,32.0,0.0,1583823984.0,1948.0,9.72,,EC 302
2020-03-10 07:06:42.316,mijnomgeving,357518080328131,1583824002316,5.0,52.3867083,4.917119,5.0,49525.0,-79.0,3.81,9.0,220.0,357518080328131.0,32.0,0.0,1583824002.0,53.0,10.24,,EC 230
2020-03-10 07:06:46.785,mijnomgeving,357518080495088,1583824006785,255.0,2.55e-05,2.55e-05,0.0,675.0,0.0,3.92,24.0,0.0,357518080495088.0,32.0,0.0,1583824003.0,0.0,21.88,2.988,EC 321
2020-03-10 07:07:18.476,mijnomgeving,357518080332257,1583824038476,2.0,51.898069,4.4232846,4.0,39612.0,-2.0,4.09,8.0,0.0,357518080332257.0,32.0,0.0,1583824032.0,584.0,9.8,,EC 240
2020-03-10 07:07:40.595,mijnomgeving,357518080171390,1583824060595,1.0,52.0322421,5.3033299,5.0,21683738.0,-36.0,4.17,8.0,3.0,357518080171390.0,64.0,1.0,1583824068.0,814.0,10.16,,EC 202
2020-03-10 07:07:50.880,mijnomgeving,357518080494834,1583824070880,0.0,52.4257693,5.4208894,5.0,211518.0,-9.0,4.1,8.0,0.0,357518080494834.0,32.0,0.0,1583824065.0,1417.0,10.51,,EC 314
2020-03-10 07:07:59.467,mijnomgeving,357518080170889,1583824079467,4.0,52.0144933,4.2954267999999995,4.0,101714.0,30.0,4.189999999999999,6.0,0.0,357518080170889.0,32.0,0.0,1583824080.0,630.0,11.3,,EC 236
2020-03-10 07:08:07.203,mijnomgeving,357518080330764,1583824087203,9.0,51.8210371,4.611413,5.0,32419.0,53.0,3.93,8.0,210.0,357518080330764.0,32.0,0.0,1583824085.0,255.0,10.07,,EC 244
2020-03-10 07:08:07.483,mijnomgeving,357518080332265,1583824087483,5.0,52.3919582,4.93718,4.0,26114.0,23.0,3.7,8.0,5.0,357518080332265.0,32.0,0.0,1583824084.0,1518.0,10.07,,EC 221
2020-03-10 07:08:30.006,mijnomgeving,357518080495187,1583824110006,1.0,52.6352456,5.82347,4.0,231318.0,21.0,4.24,10.0,0.0,357518080495187.0,32.0,0.0,1583824118.0,603.0,9.72,,EC 304
2020-03-10 07:09:37.717,mijnomgeving,357518080166663,1583824177717,3.0,51.8982164,4.4231494,5.0,98112.0,13.0,4.13,8.0,25.0,357518080166663.0,32.0,0.0,1583824126.0,803.0,9.8,,EC 243
2020-03-10 07:09:49.926,mijnomgeving,357518080495112,1583824189926,1.0,52.8375501,5.7139812,4.0,76518.0,-10.0,4.21,8.0,218.0,357518080495112.0,32.0,0.0,1583824190.0,1745.0,10.24,,EC 306
2020-03-10 07:09:49.992,mijnomgeving,357518080494875,1583824189992,5.0,52.6577254,5.6147725,4.0,35122.0,15.0,4.189999999999999,8.0,48.0,357518080494875.0,32.0,2.0,1583824187.0,1857.0,10.07,,EC 311
2020-03-10 07:09:55.828,mijnomgeving,357518080495088,1583824195828,255.0,2.55e-05,2.55e-05,0.0,864.0,0.0,3.91,24.0,0.0,357518080495088.0,32.0,0.0,1583824192.0,0.0,21.88,2.988,EC 321
2020-03-10 07:09:58.826,mijnomgeving,357518080495146,1583824198826,25.0,52.3869913,5.3122375,9.0,5441.0,-9.0,4.17,10.0,20.0,357518080495146.0,32.0,0.0,1583824195.0,1686.0,9.98,,EC 317
2020-03-10 07:10:34.884,mijnomgeving,357518080494909,1583824234884,1.0,52.2260598,5.1746947,5.0,406818.0,18.0,4.16,7.0,224.0,357518080494909.0,32.0,0.0,1583824250.0,136.0,9.8,,EC 329
2020-03-10 07:10:38.850,mijnomgeving,357518080495526,1583824238850,0.0,52.2264684,5.174237,4.0,918.0,15.0,4.15,8.0,235.0,357518080495526.0,32.0,0.0,1583824235.0,137.0,9.8,,EC 327
2020-03-10 07:11:22.438,mijnomgeving,357518080167000,1583824282438,5.0,52.1740385,5.0358427,5.0,109816.0,14.0,4.13,7.0,0.0,357518080167000.0,32.0,0.0,1583824284.0,617.0,9.36,,EC 228
2020-03-10 07:11:28.942,mijnomgeving,357518080495203,1583824288942,1.0,52.2262213,5.1746061,6.0,154818.0,14.0,4.16,8.0,0.0,357518080495203.0,32.0,0.0,1583824291.0,131.0,10.07,,EC 324
2020-03-10 07:11:33.916,mijnomgeving,357518080494768,1583824293916,4.0,52.4168881,5.2253397,5.0,119720.0,-85.0,4.2,9.0,220.0,357518080494768.0,32.0,0.0,1583824296.0,1277.0,9.98,,EC 305
2020-03-10 07:11:44.922,mijnomgeving,357518080497423,1583824304922,1.0,52.5230085,5.5902174,7.0,311418.0,-6.0,4.17,8.0,0.0,357518080497423.0,32.0,0.0,1583824297.0,2166.0,10.24,,EC 318
2020-03-10 07:11:53.594,mijnomgeving,357518080495070,1583824313594,255.0,2.55e-05,2.55e-05,0.0,7338.0,0.0,4.04,24.0,0.0,357518080495070.0,32.0,0.0,1583824308.0,0.0,21.53,,EC 320
2020-03-10 07:11:59.292,mijnomgeving,357518080168917,1583824319292,3.0,52.3407034,4.9257812,4.0,21675667.0,11.0,3.99,8.0,209.0,357518080168917.0,16.0,0.0,1583824320.0,58.0,11.57,,EC 209
2020-03-10 07:12:27.665,mijnomgeving,357518080203151,1583824347665,3.0,52.4210657,4.8602521,5.0,21647737.0,19.0,4.17,8.0,39.0,357518080203151.0,16.0,1.0,1583824291.0,78.0,9.8,,EC Prototype 001
2020-03-10 07:12:47.246,mijnomgeving,357518080495088,1583824367246,255.0,2.55e-05,2.55e-05,0.0,1035.0,0.0,3.91,24.0,0.0,357518080495088.0,32.0,0.0,1583824363.0,0.0,21.97,2.988,EC 321
2020-03-10 07:12:47.295,mijnomgeving,357518080494776,1583824367295,1.0,52.2262852,5.1746545,6.0,13518.0,55.0,4.16,8.0,5.0,357518080494776.0,32.0,1.0,1583824364.0,136.0,9.72,,EC 330
2020-03-10 07:12:58.213,mijnomgeving,357518080497639,1583824378213,1.0,52.6591881,5.6607909,7.0,24317.0,-8.0,4.2,9.0,16.0,357518080497639.0,32.0,0.0,1583824375.0,2183.0,10.16,,EC 308
2020-03-10 07:13:00.198,mijnomgeving,357518080497662,1583824380198,1.0,52.2262726,5.1745830999999995,5.0,5427.0,15.0,4.21,9.0,221.0,357518080497662.0,32.0,0.0,1583824376.0,140.0,9.89,,EC 328
2020-03-10 07:13:22.451,mijnomgeving,357518080163405,1583824402451,13.0,52.3731167,4.9158,4.0,28824.0,14.0,4.14,8.0,5.0,357518080163405.0,32.0,0.0,1583824400.0,1707.0,9.63,,EC 226
2020-03-10 07:13:29.238,mijnomgeving,357518080495104,1583824409238,1.0,52.3373005,5.5375264,7.0,92718.0,16.0,4.12,10.0,217.0,357518080495104.0,32.0,0.0,1583824406.0,805.0,10.42,,EC 312
2020-03-10 07:13:50.720,mijnomgeving,357518080330582,1583824430720,5.0,52.3727854,4.9460952,5.0,7214.0,60.0,4.09,10.0,3.0,357518080330582.0,32.0,1.0,1583824428.0,1696.0,9.89,,EC 219
2020-03-10 07:14:00.335,mijnomgeving,357518080495682,1583824440335,8.0,52.5495925,5.5883212,4.0,53126.0,12.0,4.18,9.0,3.0,357518080495682.0,32.0,0.0,1583824428.0,1643.0,9.8,,EC 316
2020-03-10 07:14:39.483,mijnomgeving,357518080495120,1583824479483,0.0,52.3337013,5.3124516,4.0,55818.0,-3.0,4.18,8.0,37.0,357518080495120.0,32.0,0.0,1583824478.0,1490.0,9.63,,EC 303
2020-03-10 07:14:46.183,mijnomgeving,357518080166960,1583824486183,36.0,52.7136897,6.8787142,8.0,149446.0,13.0,3.96,7.0,32.0,357518080166960.0,32.0,0.0,1583824488.0,540.0,9.98,,EC 232
2020-03-10 07:15:16.523,mijnomgeving,357518080495047,1583824516523,1.0,52.2263105,5.1746234,5.0,37818.0,40.0,4.16,9.0,255.0,357518080495047.0,32.0,1.0,1583824514.0,134.0,9.98,,EC 322
2020-03-10 07:15:29.465,mijnomgeving,357518080495153,1583824529465,1.0,52.5788841,5.7568532,4.0,20718.0,10.0,4.189999999999999,8.0,247.0,357518080495153.0,32.0,0.0,1583824526.0,2581.0,9.8,,EC 313
2020-03-10 07:15:33.411,mijnomgeving,357518080166580,1583824533411,20.0,52.3602798,4.8158163,5.0,8130.0,59.0,4.04,8.0,1.0,357518080166580.0,32.0,0.0,1583824530.0,661.0,9.36,,EC 224
2020-03-10 07:15:46.515,mijnomgeving,357518080495088,1583824546515,255.0,2.55e-05,2.55e-05,0.0,1215.0,0.0,3.91,24.0,0.0,357518080495088.0,32.0,0.0,1583824543.0,1.0,21.88,2.988,EC 321
2020-03-10 07:16:05.969,mijnomgeving,357518080165475,1583824565969,4.0,52.3721519,4.9253936,5.0,13179649.0,52.0,4.12,8.0,235.0,357518080165475.0,1.0,0.0,1583824581.0,1436.0,9.36,,EC 201
2020-03-10 07:16:07.499,mijnomgeving,357518080495534,1583824567499,1.0,52.5323911,5.5934579,4.0,30618.0,37.0,4.2,9.0,218.0,357518080495534.0,32.0,4.0,1583824554.0,2169.0,9.8,,EC 307
2020-03-10 07:16:07.552,mijnomgeving,357518080494826,1583824567552,1.0,52.2267577,5.1743759,4.0,6327.0,172.0,4.17,10.0,7.0,357518080494826.0,32.0,1.0,1583824564.0,131.0,9.63,,EC 323
2020-03-10 07:17:01.742,mijnomgeving,357518080494982,1583824621742,1.0,52.2268056,5.174433,6.0,1819.0,117.0,4.17,9.0,0.0,357518080494982.0,32.0,0.0,1583824618.0,135.0,9.89,,EC 326
2020-03-10 07:17:30.773,mijnomgeving,357518080163249,1583824650773,1.0,,,,3611.0,,4.17,10.0,,357518080163249.0,32.0,,1583824642.0,444.0,9.8,,EC 212
2020-03-10 07:17:38.726,mijnomgeving,357518080497696,1583824658726,25.0,52.5171345,5.5093849,4.0,33342.0,-28.0,4.16,9.0,30.0,357518080497696.0,32.0,0.0,1583824657.0,1040.0,10.33,,EC 319
2020-03-10 07:18:13.790,mijnomgeving,357518080495161,1583824693790,21.0,52.4995366,5.4527931,6.0,6435042.0,-6.0,4.189999999999999,9.0,9.0,357518080495161.0,32.0,0.0,1583824699.0,951.0,9.72,,EC 315
2020-03-10 07:18:25.741,mijnomgeving,357518080166754,1583824705741,3.0,52.3536285,4.9248489,4.0,21053748.0,-3.0,4.17,9.0,6.0,357518080166754.0,16.0,1.0,1583824711.0,1194.0,9.89,,EC 204
2020-03-10 07:18:32.839,mijnomgeving,357518080163173,1583824712839,5.0,52.7217735,6.8192126,4.0,14415.0,19.0,3.95,6.0,5.0,357518080163173.0,32.0,0.0,1583824710.0,615.0,9.36,,EC 231
2020-03-10 07:18:47.834,mijnomgeving,357518080495088,1583824727834,255.0,2.55e-05,2.55e-05,0.0,1395.0,0.0,3.91,24.0,0.0,357518080495088.0,32.0,0.0,1583824723.0,0.0,21.88,2.988,EC 321
2020-03-10 07:18:59.110,mijnomgeving,357518080164395,1583824739110,5.0,51.8981955,4.423202,4.0,20714.0,0.0,4.03,8.0,0.0,357518080164395.0,32.0,0.0,1583824709.0,864.0,10.07,,EC 241
2020-03-10 07:19:33.848,mijnomgeving,357518080495021,1583824773848,255.0,2.55e-05,2.55e-05,0.0,28038.0,0.0,3.94,15.0,0.0,357518080495021.0,32.0,0.0,1583824773.0,0.0,15.18,,EC 325
2020-03-10 07:20:09.922,mijnomgeving,357518080494818,1583824809922,1.0,52.809052199999996,5.7454382,5.0,37818.0,45.0,4.21,8.0,221.0,357518080494818.0,32.0,0.0,1583824807.0,1637.0,10.33,,EC 309
2020-03-10 07:20:42.371,mijnomgeving,357518080169006,1583824842371,3.0,,,,78313.0,,3.64,8.0,,357518080169006.0,32.0,,1583824843.0,889.0,10.07,,EC 213
2020-03-10 07:21:29.982,mijnomgeving,357518080494859,1583824889982,1.0,52.5409907,5.5888292,7.0,32417.0,0.0,4.16,8.0,40.0,357518080494859.0,32.0,0.0,1583824884.0,1945.0,9.8,,EC 302
2020-03-10 07:21:33.777,mijnomgeving,357518080328131,1583824893777,7.0,52.3871187,4.9173985,4.0,50417.0,31.0,3.81,8.0,253.0,357518080328131.0,32.0,0.0,1583824894.0,51.0,10.33,,EC 230
2020-03-10 07:21:55.969,mijnomgeving,357518080495088,1583824915969,255.0,2.55e-05,2.55e-05,0.0,1584.0,0.0,3.91,24.0,0.0,357518080495088.0,32.0,0.0,1583824912.0,0.0,21.88,2.988,EC 321
2020-03-10 07:22:19.572,mijnomgeving,357518080332257,1583824939572,3.0,51.8982193,4.4232145,4.0,40513.0,6.0,4.09,7.0,0.0,357518080332257.0,32.0,0.0,1583824933.0,582.0,9.8,,EC 240
2020-03-10 07:22:41.397,mijnomgeving,357518080171390,1583824961397,2.0,52.0321461,5.303279,4.0,21684639.0,-53.0,4.17,8.0,0.0,357518080171390.0,64.0,0.0,1583824969.0,814.0,10.16,,EC 202
2020-03-10 07:22:48.034,mijnomgeving,357518080494834,1583824968034,1.0,52.4261069,5.4211148,4.0,212418.0,1.0,4.1,8.0,51.0,357518080494834.0,32.0,1.0,1583824965.0,1402.0,10.42,,EC 314
2020-03-10 07:23:06.564,mijnomgeving,357518080170889,1583824986564,11.0,52.0142593,4.2956327,4.0,102621.0,37.0,4.189999999999999,6.0,245.0,357518080170889.0,32.0,0.0,1583824987.0,674.0,11.39,,EC 236
2020-03-10 07:23:06.781,mijnomgeving,357518080332265,1583824986781,4.0,52.3919787,4.9370924,4.0,27013.0,50.0,3.7,8.0,22.0,357518080332265.0,32.0,0.0,1583824983.0,1518.0,10.07,,EC 221
2020-03-10 07:23:08.912,mijnomgeving,357518080330764,1583824988912,11.0,51.8210628,4.6122355,4.0,33321.0,114.0,3.93,8.0,0.0,357518080330764.0,32.0,0.0,1583824987.0,282.0,10.16,,EC 244
2020-03-10 07:23:42.277,mijnomgeving,357518080495187,1583825022277,14.0,52.6354524,5.8230534,4.0,232231.0,-62.0,4.24,11.0,250.0,357518080495187.0,32.0,0.0,1583825031.0,605.0,9.72,,EC 304
2020-03-10 07:24:35.227,mijnomgeving,357518080495146,1583825075227,1.0,52.3869759,5.312229,8.0,6317.0,-14.0,4.17,10.0,245.0,357518080495146.0,32.0,0.0,1583825071.0,1682.0,9.98,,EC 317
2020-03-10 07:24:51.187,mijnomgeving,357518080495112,1583825091187,1.0,52.8374314,5.7140274,4.0,77418.0,-3.0,4.21,8.0,234.0,357518080495112.0,32.0,0.0,1583825090.0,1741.0,10.24,,EC 306
2020-03-10 07:24:56.210,mijnomgeving,357518080495088,1583825096210,255.0,2.55e-05,2.55e-05,0.0,1764.0,0.0,3.91,24.0,0.0,357518080495088.0,32.0,0.0,1583825092.0,0.0,21.88,2.988,EC 321
2020-03-10 07:24:58.270,mijnomgeving,357518080166663,1583825098270,6.0,51.8982619,4.4232736,4.0,99015.0,8.0,4.12,8.0,232.0,357518080166663.0,32.0,0.0,1583825029.0,805.0,9.8,,EC 243
2020-03-10 07:25:10.368,mijnomgeving,357518080494875,1583825110368,27.0,52.657359,5.613975,4.0,36043.0,-140.0,4.189999999999999,9.0,33.0,357518080494875.0,32.0,2.0,1583825108.0,1852.0,10.16,,EC 311
2020-03-10 07:25:32.434,mijnomgeving,357518080494909,1583825132434,0.0,52.2265046,5.1745898,4.0,407717.0,93.0,4.16,7.0,255.0,357518080494909.0,32.0,0.0,1583825149.0,134.0,9.98,,EC 329
2020-03-10 07:25:48.429,mijnomgeving,357518080495526,1583825148429,10.0,52.2262104,5.1746313,6.0,1828.0,19.0,4.15,8.0,221.0,357518080495526.0,32.0,0.0,1583825145.0,137.0,9.89,,EC 327
2020-03-10 07:26:22.608,mijnomgeving,357518080167000,1583825182608,5.0,52.1740418,5.035798,4.0,110716.0,37.0,4.13,8.0,0.0,357518080167000.0,32.0,0.0,1583825184.0,619.0,9.36,,EC 228
2020-03-10 07:26:27.463,mijnomgeving,357518080497423,1583825187463,1.0,52.5229768,5.5903232,7.0,312318.0,-3.0,4.17,9.0,199.0,357518080497423.0,32.0,0.0,1583825197.0,2160.0,10.24,,EC 318
2020-03-10 07:26:36.449,mijnomgeving,357518080495203,1583825196449,1.0,52.2260084,5.1748068,5.0,155727.0,20.0,4.16,8.0,4.0,357518080495203.0,32.0,0.0,1583825200.0,133.0,10.24,,EC 324
2020-03-10 07:26:51.540,mijnomgeving,357518080495070,1583825211540,255.0,2.55e-05,2.55e-05,0.0,8238.0,0.0,4.04,24.0,0.0,357518080495070.0,32.0,0.0,1583825208.0,1.0,21.53,,EC 320
2020-03-10 07:26:59.457,mijnomgeving,357518080494768,1583825219457,21.0,52.4167015,5.226468,5.0,120637.0,2.0,4.2,10.0,206.0,357518080494768.0,32.0,1.0,1583825213.0,1282.0,9.98,,EC 305
2020-03-10 07:27:46.588,mijnomgeving,357518080495088,1583825266588,255.0,2.55e-05,2.55e-05,0.0,1935.0,0.0,3.91,24.0,0.0,357518080495088.0,32.0,0.0,1583825263.0,0.0,21.97,2.988,EC 321
2020-03-10 07:27:49.890,mijnomgeving,357518080494776,1583825269890,1.0,52.2262531,5.1745944,5.0,14418.0,20.0,4.16,8.0,9.0,357518080494776.0,32.0,0.0,1583825264.0,135.0,9.89,,EC 330
2020-03-10 07:27:54.693,mijnomgeving,357518080168917,1583825274693,3.0,52.3406258,4.9255805,4.0,21676567.0,24.0,4.0,8.0,0.0,357518080168917.0,16.0,0.0,1583825220.0,44.0,11.66,,EC 209
2020-03-10 07:27:55.542,mijnomgeving,357518080497662,1583825275542,6.0,52.2269433,5.1739165,4.0,6323.0,53.0,4.21,10.0,249.0,357518080497662.0,32.0,1.0,1583825272.0,140.0,10.07,,EC 328
2020-03-10 07:27:59.513,mijnomgeving,357518080497639,1583825279513,1.0,52.6590869,5.6607892,7.0,25218.0,-19.0,4.2,9.0,15.0,357518080497639.0,32.0,0.0,1583825275.0,2184.0,10.16,,EC 308
2020-03-10 07:28:26.905,mijnomgeving,357518080495104,1583825306905,1.0,52.3375485,5.5375411,6.0,93618.0,-39.0,4.12,10.0,0.0,357518080495104.0,32.0,0.0,1583825306.0,802.0,10.42,,EC 312
2020-03-10 07:28:40.419,mijnomgeving,357518080163405,1583825320419,30.0,52.3728988,4.9160722,6.0,29741.0,0.0,4.13,8.0,238.0,357518080163405.0,32.0,0.0,1583825318.0,1701.0,9.63,,EC 226
2020-03-10 07:28:59.983,mijnomgeving,357518080495682,1583825339983,1.0,52.5494357,5.58818,4.0,54018.0,-10.0,4.18,8.0,206.0,357518080495682.0,32.0,0.0,1583825320.0,1715.0,9.89,,EC 316
2020-03-10 07:29:10.105,mijnomgeving,357518080330582,1583825350105,24.0,52.3731107,4.9460892,6.0,8133.0,2.0,4.1,10.0,9.0,357518080330582.0,32.0,0.0,1583825347.0,1698.0,9.89,,EC 219
2020-03-10 07:29:18.930,mijnomgeving,357518080495088,1583825358930,24.0,52.2261627,5.1743991,7.0,2028.0,11.0,3.91,24.0,0.0,357518080495088.0,32.0,0.0,1583825356.0,1.0,21.97,2.988,EC 321
2020-03-10 07:29:37.652,mijnomgeving,357518080166960,1583825377652,29.0,52.7140028,6.8790588,6.0,150339.0,7.0,3.96,8.0,0.0,357518080166960.0,32.0,0.0,1583825381.0,540.0,9.98,,EC 232
2020-03-10 07:29:38.960,mijnomgeving,357518080495120,1583825378960,1.0,52.3337737,5.3126271,4.0,56717.0,-40.0,4.17,8.0,33.0,357518080495120.0,32.0,0.0,1583825377.0,1484.0,9.72,,EC 303
2020-03-10 07:29:45.975,mijnomgeving,357518080495088,1583825385975,0.0,52.2261381,5.1743311,6.0,2055.0,11.0,3.91,24.0,253.0,357518080495088.0,32.0,0.0,1583825382.0,0.0,21.97,2.988,EC 321
2020-03-10 07:30:16.184,mijnomgeving,357518080495047,1583825416184,1.0,52.2261762,5.1746796,4.0,38718.0,12.0,4.17,9.0,5.0,357518080495047.0,32.0,0.0,1583825414.0,133.0,10.07,,EC 322
2020-03-10 07:30:33.187,mijnomgeving,357518080166580,1583825433187,15.0,52.3604007,4.8155773,4.0,9025.0,-21.0,4.04,8.0,0.0,357518080166580.0,32.0,0.0,1583825425.0,659.0,9.36,,EC 224
2020-03-10 07:30:41.178,mijnomgeving,357518080495153,1583825441178,13.0,52.5788928,5.7568871999999995,5.0,21630.0,-7.0,4.18,9.0,239.0,357518080495153.0,32.0,0.0,1583825438.0,2579.0,9.89,,EC 313
2020-03-10 07:30:46.150,mijnomgeving,357518080495088,1583825446150,0.0,52.2261765,5.1743744,7.0,2115.0,16.0,3.91,24.0,49.0,357518080495088.0,32.0,0.0,1583825442.0,0.0,21.97,2.988,EC 321
2020-03-10 07:30:58.182,mijnomgeving,357518080494826,1583825458182,1.0,52.2261778,5.174592,4.0,7218.0,50.0,4.17,10.0,254.0,357518080494826.0,32.0,0.0,1583825454.0,132.0,9.8,,EC 323
2020-03-10 07:31:08.676,mijnomgeving,357518080165475,1583825468676,7.0,52.3726452,4.9250142,4.0,13180552.0,51.0,4.12,8.0,252.0,357518080165475.0,1.0,0.0,1583825484.0,1316.0,9.36,,EC 201
2020-03-10 07:31:11.183,mijnomgeving,357518080495534,1583825471183,16.0,52.532742999999996,5.5930971,7.0,31533.0,-4.0,4.2,10.0,235.0,357518080495534.0,32.0,0.0,1583825469.0,2166.0,9.8,,EC 307
2020-03-10 07:31:46.329,mijnomgeving,357518080495088,1583825506329,0.0,52.2261495,5.1743997,7.0,2175.0,15.0,3.91,24.0,6.0,357518080495088.0,32.0,0.0,1583825503.0,0.0,21.97,2.988,EC 321
2020-03-10 07:32:06.275,mijnomgeving,357518080494982,1583825526275,4.0,52.2259329,5.1746993,5.0,2722.0,0.0,4.17,9.0,225.0,357518080494982.0,32.0,0.0,1583825521.0,134.0,9.98,,EC 326
2020-03-10 07:32:17.468,mijnomgeving,357518080497696,1583825537468,1.0,52.517323,5.5092479,5.0,34218.0,-21.0,4.16,8.0,233.0,357518080497696.0,32.0,0.0,1583825533.0,1039.0,10.33,,EC 319
2020-03-10 07:32:25.238,mijnomgeving,357518080163249,1583825545238,1.0,,,,4511.0,,4.16,10.0,,357518080163249.0,32.0,,1583825542.0,444.0,9.8,,EC 212
2020-03-10 07:32:53.329,mijnomgeving,357518080495161,1583825573329,3.0,52.4995601,5.4530234,5.0,6435924.0,-16.0,4.18,9.0,10.0,357518080495161.0,32.0,2.0,1583825581.0,948.0,9.8,,EC 315
2020-03-10 07:32:55.298,mijnomgeving,357518080495088,1583825575298,0.0,52.2261323,5.174388,7.0,2244.0,7.0,3.91,24.0,249.0,357518080495088.0,32.0,0.0,1583825572.0,0.0,21.97,2.988,EC 321
2020-03-10 07:33:33.666,mijnomgeving,357518080164395,1583825613666,5.0,51.8981435,4.4232306999999995,4.0,21614.0,-42.0,4.03,8.0,42.0,357518080164395.0,32.0,0.0,1583825609.0,863.0,10.07,,EC 241
2020-03-10 07:33:42.275,mijnomgeving,357518080166754,1583825622275,22.0,52.3537841,4.9251442999999995,4.0,21054667.0,16.0,4.17,9.0,240.0,357518080166754.0,16.0,0.0,1583825630.0,1195.0,9.89,,EC 204
2020-03-10 07:33:47.081,mijnomgeving,357518080163173,1583825627081,20.0,52.7217899,6.8191185999999995,5.0,15329.0,4.0,3.95,6.0,0.0,357518080163173.0,32.0,0.0,1583825624.0,619.0,9.36,,EC 231
2020-03-10 07:33:55.415,mijnomgeving,357518080495088,1583825635415,0.0,52.2261428,5.1744069,6.0,2304.0,11.0,3.91,24.0,242.0,357518080495088.0,32.0,0.0,1583825632.0,0.0,21.97,2.988,EC 321
2020-03-10 07:34:12.399,mijnomgeving,357518080495021,1583825652399,88.0,53.1572041,7.0208361,4.0,28914.0,0.0,3.94,14.0,13.0,357518080495021.0,32.0,0.0,1583825649.0,0.0,15.53,,EC 325
2020-03-10 07:34:45.540,mijnomgeving,357518080495088,1583825685540,0.0,52.2261989,5.1744061,5.0,2354.0,19.0,3.91,24.0,221.0,357518080495088.0,32.0,0.0,1583825682.0,0.0,21.97,2.988,EC 321
2020-03-10 07:35:12.497,mijnomgeving,357518080494818,1583825712497,4.0,52.8093374,5.7453178,4.0,38721.0,30.0,4.22,8.0,252.0,357518080494818.0,32.0,0.0,1583825710.0,1632.0,10.42,,EC 309
2020-03-10 07:35:45.762,mijnomgeving,357518080495088,1583825745762,0.0,52.2261582,5.1744892,7.0,2415.0,6.0,3.91,24.0,210.0,357518080495088.0,32.0,0.0,1583825743.0,0.0,21.97,2.988,EC 321
2020-03-10 07:36:09.428,mijnomgeving,357518080169006,1583825769428,30.0,,,,79240.0,,3.64,8.0,,357518080169006.0,32.0,,1583825771.0,891.0,10.16,,EC 213
2020-03-10 07:36:26.638,mijnomgeving,357518080494859,1583825786638,1.0,52.5409694,5.5888003,6.0,33318.0,2.0,4.15,8.0,25.0,357518080494859.0,32.0,0.0,1583825785.0,1943.0,9.8,,EC 302
2020-03-10 07:36:32.682,mijnomgeving,357518080328131,1583825792682,6.0,52.3870247,4.9173381,4.0,51316.0,-1.0,3.81,9.0,246.0,357518080328131.0,32.0,0.0,1583825793.0,51.0,10.42,,EC 230
2020-03-10 07:36:55.082,mijnomgeving,357518080166887,1583825815082,33.0,52.3702355,4.9009539,7.0,11914282.0,17.0,3.6,8.0,0.0,357518080166887.0,4.0,0.0,1583824707.0,35.0,12.01,,EC 200
2020-03-10 07:37:41.343,mijnomgeving,357518080332257,1583825861343,28.0,51.8982101,4.4233018,6.0,41438.0,-3.0,4.08,8.0,44.0,357518080332257.0,32.0,0.0,1583825858.0,579.0,9.8,,EC 240
2020-03-10 07:37:43.460,mijnomgeving,357518080171390,1583825863460,4.0,52.0321308,5.3032609,4.0,21685541.0,6.0,4.17,8.0,0.0,357518080171390.0,64.0,0.0,1583825871.0,813.0,10.16,,EC 202
2020-03-10 07:37:43.816,mijnomgeving,357518080495088,1583825863816,0.0,52.2261469,5.174325,7.0,2475.0,12.0,3.91,24.0,38.0,357518080495088.0,32.0,0.0,1583825802.0,0.0,21.97,2.934,EC 321
2020-03-10 07:37:55.784,mijnomgeving,357518080495088,1583825875784,0.0,52.2261312,5.1744163,7.0,2544.0,3.0,3.91,24.0,249.0,357518080495088.0,32.0,0.0,1583825872.0,0.0,21.97,2.988,EC 321
2020-03-10 07:37:56.747,mijnomgeving,357518080494834,1583825876747,4.0,52.4253777,5.4204515,4.0,213320.0,15.0,4.1,8.0,31.0,357518080494834.0,32.0,0.0,1583825867.0,1409.0,10.6,,EC 314
2020-03-10 07:38:17.015,mijnomgeving,357518080170889,1583825897015,22.0,52.0145922,4.2955819,5.0,103532.0,5.0,4.189999999999999,6.0,0.0,357518080170889.0,32.0,0.0,1583825898.0,644.0,11.66,,EC 236
2020-03-10 07:38:32.870,mijnomgeving,357518080495187,1583825912870,1.0,52.6349894,5.823804,4.0,233118.0,40.0,4.24,10.0,246.0,357518080495187.0,32.0,0.0,1583825918.0,605.0,9.72,,EC 304
2020-03-10 07:38:35.211,mijnomgeving,357518080330764,1583825915211,37.0,51.8210616,4.6108846,4.0,34247.0,-1.0,3.94,8.0,0.0,357518080330764.0,32.0,0.0,1583825913.0,289.0,10.24,,EC 244
2020-03-10 07:38:38.683,mijnomgeving,357518080332265,1583825918683,32.0,52.3920969,4.9373865,8.0,27942.0,-8.0,3.7,9.0,0.0,357518080332265.0,32.0,0.0,1583825911.0,1520.0,10.07,,EC 221
2020-03-10 07:38:46.842,mijnomgeving,357518080495088,1583825926842,0.0,52.2262078,5.174284,7.0,2595.0,31.0,3.91,24.0,232.0,357518080495088.0,32.0,0.0,1583825922.0,0.0,21.97,2.988,EC 321
2020-03-10 07:38:54.872,mijnomgeving,357518080166663,1583825934872,3.0,51.8982195,4.4232721,4.0,99912.0,-2.0,4.13,8.0,0.0,357518080166663.0,32.0,0.0,1583825926.0,805.0,9.8,,EC 243
2020-03-10 07:39:38.895,mijnomgeving,357518080495146,1583825978895,1.0,52.3869437,5.3121866,7.0,7217.0,-6.0,4.17,10.0,200.0,357518080495146.0,32.0,0.0,1583825971.0,1683.0,9.98,,EC 317
2020-03-10 07:39:49.686,mijnomgeving,357518080495070,1583825989686,3.0,52.2261387,5.17438,6.0,43.0,12.0,4.01,23.0,7.0,357518080495070.0,32.0,0.0,1583825986.0,0.0,21.7,,EC 320
2020-03-10 07:39:49.785,mijnomgeving,357518080495088,1583825989785,0.0,52.2261634,5.1743879,6.0,2655.0,14.0,3.91,24.0,219.0,357518080495088.0,32.0,0.0,1583825982.0,0.0,21.97,2.988,EC 321
2020-03-10 07:40:11.167,mijnomgeving,357518080495112,1583826011167,22.0,52.8374676,5.7139279,5.0,78339.0,-17.0,4.21,8.0,245.0,357518080495112.0,32.0,0.0,1583826011.0,1745.0,10.24,,EC 306
2020-03-10 07:40:18.905,mijnomgeving,357518080494875,1583826018905,34.0,52.6574079,5.6135785,4.0,36950.0,-173.0,4.189999999999999,9.0,51.0,357518080494875.0,32.0,2.0,1583826015.0,1849.0,10.16,,EC 311
2020-03-10 07:40:45.020,mijnomgeving,357518080495526,1583826045020,7.0,52.2261832,5.1751095,4.0,2724.0,40.0,4.15,8.0,0.0,357518080495526.0,32.0,0.0,1583826041.0,136.0,10.07,,EC 327
2020-03-10 07:40:51.453,mijnomgeving,357518080203151,1583826051453,11.0,52.4209584,4.8599062,6.0,21648645.0,35.0,4.17,8.0,213.0,357518080203151.0,16.0,0.0,1583825199.0,78.0,9.8,,EC Prototype 001
2020-03-10 07:40:54.033,mijnomgeving,357518080494909,1583826054033,19.0,52.2262522,5.1747012,4.0,408636.0,31.0,4.16,8.0,215.0,357518080494909.0,32.0,0.0,1583826068.0,135.0,10.16,,EC 329
2020-03-10 07:40:59.462,mijnomgeving,357518080495088,1583826059462,0.0,52.2260289,5.1743474,7.0,2724.0,-3.0,3.91,24.0,11.0,357518080495088.0,32.0,0.0,1583826052.0,0.0,21.97,2.988,EC 321
2020-03-10 07:41:25.632,mijnomgeving,357518080167000,1583826085632,8.0,52.1739622,5.0358976,4.0,111619.0,41.0,4.13,8.0,0.0,357518080167000.0,32.0,0.0,1583826087.0,618.0,9.36,,EC 228
2020-03-10 07:41:29.052,mijnomgeving,357518080497423,1583826089052,1.0,52.522982,5.590266,5.0,313218.0,2.0,4.16,9.0,215.0,357518080497423.0,32.0,0.0,1583826097.0,2159.0,10.24,,EC 318
2020-03-10 07:41:38.534,mijnomgeving,357518080495203,1583826098534,1.0,52.2261051,5.1746884,4.0,156627.0,22.0,4.17,9.0,235.0,357518080495203.0,32.0,0.0,1583826100.0,133.0,10.42,,EC 324
2020-03-10 07:41:38.570,mijnomgeving,357518080494768,1583826098570,4.0,52.4165864,5.2267846,5.0,121520.0,-40.0,4.2,9.0,231.0,357518080494768.0,32.0,0.0,1583826096.0,1284.0,9.98,,EC 305
2020-03-10 07:41:46.046,mijnomgeving,357518080495088,1583826106046,0.0,52.2260707,5.1744672,6.0,2774.0,-9.0,3.91,24.0,236.0,357518080495088.0,32.0,0.0,1583826102.0,1.0,21.97,2.934,EC 321
2020-03-10 07:42:11.832,mijnomgeving,357518080168917,1583826131832,20.0,52.340624,4.9256298,6.0,21677484.0,-12.0,4.0,8.0,197.0,357518080168917.0,16.0,0.0,1583826137.0,57.0,11.74,,EC 209
2020-03-10 07:42:46.271,mijnomgeving,357518080495088,1583826166271,0.0,52.2261408,5.1744769999999995,6.0,2834.0,7.0,3.91,24.0,247.0,357518080495088.0,32.0,0.0,1583826162.0,1.0,22.06,2.988,EC 321
2020-03-10 07:43:15.453,mijnomgeving,357518080163405,1583826195453,6.0,52.3727507,4.9172062,5.0,30617.0,91.0,4.14,8.0,0.0,357518080163405.0,32.0,0.0,1583826194.0,1699.0,9.63,,EC 226
2020-03-10 07:43:49.097,mijnomgeving,357518080330582,1583826229097,3.0,52.373091,4.946118,5.0,9012.0,-20.0,4.1,10.0,0.0,357518080330582.0,32.0,0.0,1583826226.0,1691.0,9.98,,EC 219
2020-03-10 07:43:54.290,mijnomgeving,357518080494776,1583826234290,1.0,52.2261774,5.1746663,4.0,15327.0,13.0,4.16,9.0,238.0,357518080494776.0,32.0,0.0,1583826173.0,135.0,9.98,,EC 330
2020-03-10 07:43:56.674,mijnomgeving,357518080203151,1583826236674,21.0,52.4208681,4.8601727,7.0,21649555.0,1.0,4.14,10.0,0.0,357518080203151.0,16.0,0.0,1583826109.0,78.0,9.8,,EC Prototype 001
2020-03-10 07:43:58.213,mijnomgeving,357518080497639,1583826238213,1.0,52.6591029,5.6608897,6.0,26118.0,-23.0,4.2,9.0,12.0,357518080497639.0,32.0,0.0,1583826176.0,2190.0,10.16,,EC 308
2020-03-10 07:44:00.405,mijnomgeving,357518080497662,1583826240405,20.0,52.2261507,5.1746637,8.0,7246.0,18.0,4.2,10.0,0.0,357518080497662.0,32.0,0.0,1583826195.0,138.0,10.16,,EC 328
2020-03-10 07:44:00.454,mijnomgeving,357518080495104,1583826240454,0.0,52.3373039,5.5373341,5.0,94517.0,-4.0,4.12,10.0,210.0,357518080495104.0,32.0,0.0,1583826205.0,801.0,10.42,,EC 312
2020-03-10 07:44:00.711,mijnomgeving,357518080495088,1583826240711,0.0,52.226207,5.1743853,6.0,2895.0,22.0,3.91,24.0,243.0,357518080495088.0,32.0,0.0,1583826223.0,0.0,22.06,2.934,EC 321
2020-03-10 07:44:00.767,mijnomgeving,357518080495682,1583826240767,3.0,52.5492376,5.5878472,4.0,54920.0,-17.0,4.18,9.0,34.0,357518080495682.0,32.0,0.0,1583826222.0,1715.0,9.89,,EC 316
2020-03-10 07:44:37.643,mijnomgeving,357518080166960,1583826277643,28.0,52.7136515,6.8787163,4.0,151238.0,63.0,3.96,8.0,19.0,357518080166960.0,32.0,1.0,1583826280.0,539.0,9.98,,EC 232
2020-03-10 07:44:39.258,mijnomgeving,357518080495120,1583826279258,1.0,52.3337292,5.3123816999999995,4.0,57617.0,11.0,4.17,9.0,40.0,357518080495120.0,32.0,0.0,1583826277.0,1488.0,9.72,,EC 303
2020-03-10 07:44:49.975,mijnomgeving,357518080495088,1583826289975,0.0,52.2261511,5.1744806,6.0,2955.0,4.0,3.91,24.0,0.0,357518080495088.0,32.0,0.0,1583826283.0,0.0,22.06,2.988,EC 321
2020-03-10 07:45:18.380,mijnomgeving,357518080495047,1583826318380,1.0,52.2261631,5.1747031,4.0,39618.0,30.0,4.17,9.0,0.0,357518080495047.0,32.0,0.0,1583826314.0,133.0,10.24,,EC 322
2020-03-10 07:45:25.866,mijnomgeving,357518080166580,1583826325866,13.0,52.3602941,4.8153182,4.0,9923.0,84.0,4.05,8.0,36.0,357518080166580.0,32.0,0.0,1583826323.0,660.0,9.36,,EC 224
2020-03-10 07:45:46.440,mijnomgeving,357518080495088,1583826346440,0.0,52.226134,5.1743895,6.0,3014.0,10.0,3.91,24.0,47.0,357518080495088.0,32.0,0.0,1583826342.0,0.0,22.06,2.988,EC 321
2020-03-10 07:45:56.402,mijnomgeving,357518080495534,1583826356402,1.0,52.5328634,5.5930854,7.0,32418.0,9.0,4.2,10.0,9.0,357518080495534.0,32.0,0.0,1583826354.0,2164.0,9.8,,EC 307
2020-03-10 07:45:58.379,mijnomgeving,357518080494826,1583826358379,1.0,52.2261868,5.1746082,4.0,8118.0,42.0,4.17,10.0,50.0,357518080494826.0,32.0,0.0,1583826355.0,132.0,9.89,,EC 323
2020-03-10 07:46:18.737,mijnomgeving,357518080165475,1583826378737,17.0,52.3718883,4.9254621,5.0,13181462.0,-6.0,4.12,8.0,238.0,357518080165475.0,1.0,0.0,1583826394.0,1356.0,9.36,,EC 201
2020-03-10 07:46:38.491,mijnomgeving,357518080495153,1583826398491,0.0,52.5789412,5.7569067,5.0,42.0,9.0,4.189999999999999,10.0,220.0,357518080495153.0,32.0,0.0,1583826394.0,2573.0,9.89,,EC 313
2020-03-10 07:46:46.453,mijnomgeving,357518080495088,1583826406453,0.0,52.226098,5.1744428,6.0,3075.0,0.0,3.91,24.0,8.0,357518080495088.0,32.0,0.0,1583826403.0,0.0,22.06,2.934,EC 321
2020-03-10 07:47:03.199,mijnomgeving,357518080494982,1583826423199,1.0,52.2256983,5.1745749,5.0,3619.0,-30.0,4.16,10.0,198.0,357518080494982.0,32.0,0.0,1583826418.0,135.0,10.16,,EC 326
2020-03-10 07:47:16.505,mijnomgeving,357518080497696,1583826436505,1.0,52.5171941,5.5094589,5.0,35118.0,-5.0,4.16,8.0,235.0,357518080497696.0,32.0,0.0,1583826434.0,1039.0,10.33,,EC 319
2020-03-10 07:47:36.585,mijnomgeving,357518080163249,1583826456585,12.0,,,,5422.0,,4.16,10.0,,357518080163249.0,32.0,,1583826453.0,440.0,9.89,,EC 212
2020-03-10 07:47:46.613,mijnomgeving,357518080495088,1583826466613,0.0,52.2261937,5.1743382,7.0,3135.0,22.0,3.91,24.0,251.0,357518080495088.0,32.0,0.0,1583826463.0,0.0,22.06,2.934,EC 321
2020-03-10 07:47:56.554,mijnomgeving,357518080495161,1583826476554,4.0,52.4994376,5.4528534,5.0,6436825.0,-16.0,4.189999999999999,9.0,14.0,357518080495161.0,32.0,3.0,1583826482.0,949.0,9.8,,EC 315
2020-03-10 07:48:02.519,mijnomgeving,357518080166887,1583826482519,4.0,52.3701039,4.9009877,7.0,11916053.0,-5.0,3.6,8.0,238.0,357518080166887.0,4.0,0.0,1583826478.0,37.0,12.0,,EC 200
2020-03-10 07:48:11.608,mijnomgeving,357518080495021,1583826491608,38.0,53.1563607,7.0210774,4.0,29755.0,-4.0,3.94,14.0,0.0,357518080495021.0,32.0,0.0,1583826490.0,0.0,15.71,,EC 325
2020-03-10 07:48:22.902,mijnomgeving,357518080166754,1583826502902,4.0,52.3538439,4.9253847,4.0,21055549.0,30.0,4.17,9.0,0.0,357518080166754.0,16.0,0.0,1583826512.0,1187.0,9.98,,EC 204
2020-03-10 07:48:37.025,mijnomgeving,357518080163173,1583826517025,9.0,52.721257,6.8189457,4.0,16219.0,-67.0,3.95,6.0,15.0,357518080163173.0,32.0,0.0,1583826514.0,612.0,9.36,,EC 231
2020-03-10 07:48:48.867,mijnomgeving,357518080164395,1583826528867,21.0,51.8983243,4.4232849,6.0,22530.0,37.0,4.03,8.0,9.0,357518080164395.0,32.0,0.0,1583826525.0,861.0,10.07,,EC 241
2020-03-10 07:48:55.636,mijnomgeving,357518080495088,1583826535636,0.0,52.2261316,5.174379,7.0,3204.0,6.0,3.91,24.0,4.0,357518080495088.0,32.0,0.0,1583826532.0,0.0,22.06,2.934,EC 321
2020-03-10 07:49:45.727,mijnomgeving,357518080495088,1583826585727,0.0,52.2261267,5.1743052,7.0,3254.0,22.0,3.91,24.0,1.0,357518080495088.0,32.0,0.0,1583826582.0,0.0,22.06,2.934,EC 321
2020-03-10 07:50:32.941,mijnomgeving,357518080494818,1583826632941,24.0,52.8091339,5.7452558,5.0,39641.0,10.0,4.22,9.0,19.0,357518080494818.0,32.0,0.0,1583826630.0,1636.0,10.42,,EC 309
2020-03-10 07:50:42.431,mijnomgeving,357518080169006,1583826642431,3.0,,,,80113.0,,3.64,8.0,,357518080169006.0,32.0,,1583826644.0,894.0,10.16,,EC 213
2020-03-10 07:50:55.887,mijnomgeving,357518080495088,1583826655887,0.0,52.22614,5.1744293,7.0,3324.0,8.0,3.91,24.0,0.0,357518080495088.0,32.0,0.0,1583826652.0,0.0,22.06,2.934,EC 321
2020-03-10 07:51:26.950,mijnomgeving,357518080494859,1583826686950,1.0,52.5409742,5.5887819,6.0,34218.0,0.0,4.16,8.0,59.0,357518080494859.0,32.0,0.0,1583826685.0,1943.0,9.8,,EC 302
2020-03-10 07:51:32.862,mijnomgeving,357518080328131,1583826692862,6.0,52.3861736,4.9186494,4.0,52216.0,-6.0,3.81,8.0,242.0,357518080328131.0,32.0,2.0,1583826693.0,52.0,10.51,,EC 230
2020-03-10 07:51:46.966,mijnomgeving,357518080495088,1583826706966,0.0,52.2261465,5.1743338,6.0,3375.0,13.0,3.91,24.0,228.0,357518080495088.0,32.0,0.0,1583826703.0,0.0,22.06,2.988,EC 321
2020-03-10 07:52:15.124,mijnomgeving,357518080332257,1583826735124,2.0,51.8980144,4.4233196,6.0,42312.0,-26.0,4.09,8.0,0.0,357518080332257.0,32.0,0.0,1583826732.0,578.0,9.8,,EC 240
2020-03-10 07:52:41.424,mijnomgeving,357518080171390,1583826761424,2.0,52.0317713,5.303815,4.0,21686439.0,24.0,4.17,8.0,9.0,357518080171390.0,64.0,0.0,1583826769.0,814.0,10.16,,EC 202
2020-03-10 07:52:46.079,mijnomgeving,357518080495088,1583826766079,0.0,52.2261224,5.174387,6.0,3435.0,7.0,3.91,24.0,249.0,357518080495088.0,32.0,0.0,1583826763.0,0.0,22.06,2.934,EC 321
2020-03-10 07:52:50.265,mijnomgeving,357518080494834,1583826770265,13.0,52.4258154,5.4208029,5.0,214229.0,14.0,4.1,9.0,33.0,357518080494834.0,32.0,0.0,1583826776.0,1427.0,10.6,,EC 314
2020-03-10 07:52:57.275,mijnomgeving,357518080170889,1583826777275,1.0,52.0146136,4.2955408,5.0,104411.0,-40.0,4.189999999999999,7.0,46.0,357518080170889.0,32.0,2.0,1583826777.0,635.0,11.66,,EC 236
2020-03-10 07:53:10.935,mijnomgeving,357518080330764,1583826790935,7.0,51.8210781,4.6111865,4.0,35117.0,0.0,3.93,9.0,254.0,357518080330764.0,32.0,0.0,1583826783.0,307.0,10.24,,EC 244
2020-03-10 07:53:29.135,mijnomgeving,357518080495187,1583826809135,1.0,52.6352553,5.823461,4.0,234018.0,69.0,4.24,10.0,241.0,357518080495187.0,32.0,2.0,1583826818.0,604.0,9.72,,EC 304
2020-03-10 07:53:47.169,mijnomgeving,357518080495088,1583826827169,0.0,52.2261855,5.1744663,6.0,3495.0,3.0,3.91,24.0,57.0,357518080495088.0,32.0,0.0,1583826823.0,0.0,22.06,2.988,EC 321
2020-03-10 07:53:53.981,mijnomgeving,357518080166663,1583826833981,7.0,51.8982032,4.4234572,4.0,100816.0,9.0,4.13,8.0,233.0,357518080166663.0,32.0,0.0,1583826830.0,804.0,9.8,,EC 243
2020-03-10 07:54:26.254,mijnomgeving,357518080495070,1583826866254,1.0,52.2261183,5.1744217,6.0,918.0,8.0,4.04,22.0,0.0,357518080495070.0,32.0,0.0,1583826861.0,0.0,21.62,,EC 320
2020-03-10 07:54:35.260,mijnomgeving,357518080495146,1583826875260,1.0,52.3869549,5.3121852,6.0,8118.0,0.0,4.17,9.0,20.0,357518080495146.0,32.0,0.0,1583826871.0,1691.0,9.98,,EC 317
2020-03-10 07:54:46.269,mijnomgeving,357518080495088,1583826886269,0.0,52.2261826,5.1743754,6.0,3555.0,12.0,3.91,24.0,0.0,357518080495088.0,32.0,0.0,1583826883.0,0.0,22.06,2.988,EC 321
2020-03-10 07:54:50.213,mijnomgeving,357518080495112,1583826890213,1.0,52.837405,5.7140623,5.0,79218.0,-3.0,4.21,8.0,212.0,357518080495112.0,32.0,0.0,1583826890.0,1748.0,10.24,,EC 306
2020-03-10 07:55:11.290,mijnomgeving,357518080494875,1583826911290,27.0,52.6577591,5.6148758,5.0,37843.0,0.0,4.189999999999999,10.0,34.0,357518080494875.0,32.0,1.0,1583826908.0,1855.0,10.16,,EC 311
2020-03-10 07:55:45.723,mijnomgeving,357518080495526,1583826945723,0.0,52.2262386,5.1745557,4.0,3617.0,28.0,4.15,8.0,222.0,357518080495526.0,32.0,0.0,1583826934.0,135.0,10.16,,EC 327
2020-03-10 07:55:45.758,mijnomgeving,357518080495088,1583826945758,0.0,52.2261557,5.1743781,6.0,3615.0,14.0,3.91,24.0,255.0,357518080495088.0,32.0,0.0,1583826943.0,0.0,22.06,2.988,EC 321
2020-03-10 07:55:56.761,mijnomgeving,357518080494909,1583826956761,24.0,52.2261393,5.1747065,8.0,409541.0,18.0,4.16,8.0,14.0,357518080494909.0,32.0,0.0,1583826973.0,133.0,10.24,,EC 329
2020-03-10 07:56:24.510,mijnomgeving,357518080167000,1583826984510,7.0,52.1738058,5.0360395,4.0,112518.0,83.0,4.13,8.0,0.0,357518080167000.0,32.0,0.0,1583826986.0,619.0,9.36,,EC 228
2020-03-10 07:56:27.837,mijnomgeving,357518080495203,1583826987837,1.0,52.2260963,5.174679,4.0,157518.0,82.0,4.16,9.0,233.0,357518080495203.0,32.0,0.0,1583826991.0,132.0,10.51,,EC 324
2020-03-10 07:56:40.823,mijnomgeving,357518080494768,1583827000823,1.0,52.4163448,5.2271901,4.0,122417.0,5.0,4.2,10.0,232.0,357518080494768.0,32.0,0.0,1583826993.0,1284.0,9.98,,EC 305
2020-03-10 07:56:41.790,mijnomgeving,357518080497423,1583827001790,1.0,52.5229452,5.5903379,6.0,314118.0,-1.0,4.17,9.0,31.0,357518080497423.0,32.0,0.0,1583826997.0,2156.0,10.24,,EC 318
2020-03-10 07:56:45.831,mijnomgeving,357518080495088,1583827005831,0.0,52.2261356,5.1744539,6.0,3675.0,4.0,3.91,24.0,0.0,357518080495088.0,32.0,0.0,1583827003.0,0.0,22.06,2.934,EC 321
2020-03-10 07:57:02.195,mijnomgeving,357518080168917,1583827022195,2.0,52.3406914,4.9255623,6.0,21678375.0,-19.0,3.99,8.0,0.0,357518080168917.0,16.0,0.0,1583827028.0,56.0,11.83,,EC 209
2020-03-10 07:57:45.937,mijnomgeving,357518080495088,1583827065937,0.0,52.2261276,5.1743757,6.0,3735.0,16.0,3.91,24.0,6.0,357518080495088.0,32.0,0.0,1583827062.0,0.0,22.06,2.988,EC 321
2020-03-10 07:57:50.880,mijnomgeving,357518080497662,1583827070880,1.0,52.2261399,5.1746779,7.0,8118.0,18.0,4.21,10.0,1.0,357518080497662.0,32.0,0.0,1583827067.0,140.0,10.33,,EC 328
2020-03-10 07:57:58.001,mijnomgeving,357518080494776,1583827078001,6.0,52.2261404,5.1746834,4.0,16223.0,8.0,4.16,9.0,199.0,357518080494776.0,32.0,0.0,1583827069.0,135.0,10.16,,EC 330
2020-03-10 07:57:58.030,mijnomgeving,357518080497639,1583827078030,1.0,52.6591338,5.6608648,6.0,27018.0,-14.0,4.2,9.0,202.0,357518080497639.0,32.0,0.0,1583827076.0,2185.0,10.16,,EC 308
2020-03-10 07:58:13.345,mijnomgeving,357518080163405,1583827093345,4.0,52.372669,4.9162068,4.0,31515.0,83.0,4.14,8.0,204.0,357518080163405.0,32.0,0.0,1583827092.0,1689.0,9.63,,EC 226
2020-03-10 07:58:25.042,mijnomgeving,357518080495104,1583827105042,0.0,52.3372725,5.5376743,5.0,95417.0,3.0,4.12,10.0,216.0,357518080495104.0,32.0,0.0,1583827105.0,796.0,10.51,,EC 312
2020-03-10 07:58:40.695,mijnomgeving,357518080165368,1583827120695,20.0,52.3398447,4.9107861,4.0,20638880.0,-19.0,3.76,8.0,0.0,357518080165368.0,16.0,0.0,1583827117.0,1192.0,9.98,,EC 208
2020-03-10 07:58:46.059,mijnomgeving,357518080495088,1583827126059,0.0,52.2261026,5.1744247,6.0,3795.0,-1.0,3.91,24.0,15.0,357518080495088.0,32.0,0.0,1583827122.0,0.0,22.06,2.988,EC 321
2020-03-10 07:58:47.566,mijnomgeving,357518080330582,1583827127566,2.0,52.3731977,4.9461721,6.0,9911.0,-9.0,4.1,10.0,6.0,357518080330582.0,32.0,0.0,1583827125.0,1693.0,9.98,,EC 219
2020-03-10 07:58:54.742,mijnomgeving,357518080495682,1583827134742,10.0,52.5495383,5.5882542,4.0,55827.0,-16.0,4.17,9.0,40.0,357518080495682.0,32.0,0.0,1583827129.0,1736.0,9.98,,EC 316
2020-03-10 07:59:38.137,mijnomgeving,357518080495120,1583827178137,1.0,52.3337363,5.3123608,4.0,58517.0,19.0,4.18,9.0,201.0,357518080495120.0,32.0,0.0,1583827177.0,1490.0,9.72,,EC 303
2020-03-10 07:59:55.138,mijnomgeving,357518080495088,1583827195138,0.0,52.2261442,5.1743072,6.0,3864.0,21.0,3.91,24.0,15.0,357518080495088.0,32.0,0.0,1583827192.0,0.0,22.06,2.934,EC 321
2020-03-10 08:00:30.447,mijnomgeving,357518080495047,1583827230447,1.0,52.2261194,5.1747393,4.0,40527.0,62.0,4.17,9.0,27.0,357518080495047.0,32.0,0.0,1583827223.0,133.0,10.42,,EC 322
2020-03-10 08:00:40.253,mijnomgeving,357518080166580,1583827240253,28.0,52.3603008,4.8155406,6.0,10837.0,-2.0,4.05,8.0,14.0,357518080166580.0,32.0,0.0,1583827237.0,662.0,9.36,,EC 224
2020-03-10 08:00:50.569,mijnomgeving,357518080495088,1583827250569,0.0,52.2261149,5.1744147,6.0,3915.0,-1.0,3.91,24.0,237.0,357518080495088.0,32.0,0.0,1583827242.0,0.0,22.06,2.934,EC 321
2020-03-10 08:00:55.015,mijnomgeving,357518080166960,1583827255015,106.0,52.7138492,6.8789913,7.0,152216.0,33.0,3.96,8.0,51.0,357518080166960.0,32.0,0.0,1583827258.0,544.0,9.98,,EC 232
2020-03-10 08:01:07.530,mijnomgeving,357518080494826,1583827267530,1.0,52.2261799,5.174587,4.0,9018.0,30.0,4.17,10.0,9.0,357518080494826.0,32.0,0.0,1583827255.0,132.0,10.07,,EC 323
2020-03-10 08:01:07.571,mijnomgeving,357518080495534,1583827267571,1.0,52.5329872,5.5930851,6.0,33318.0,22.0,4.2,10.0,219.0,357518080495534.0,32.0,0.0,1583827254.0,2170.0,9.8,,EC 307
2020-03-10 08:01:14.109,mijnomgeving,357518080495153,1583827274109,1.0,52.5789156,5.7568356,5.0,918.0,10.0,4.18,9.0,0.0,357518080495153.0,32.0,0.0,1583827270.0,2585.0,9.89,,EC 313
2020-03-10 08:01:34.668,mijnomgeving,357518080165475,1583827294668,32.0,52.3720503,4.9252558,9.0,13182377.0,4.0,4.12,8.0,234.0,357518080165475.0,1.0,0.0,1583827309.0,1261.0,9.36,,EC 201
2020-03-10 08:01:55.173,mijnomgeving,357518080495088,1583827315173,0.0,52.2260975,5.1744388,6.0,3984.0,1.0,3.91,24.0,34.0,357518080495088.0,32.0,0.0,1583827312.0,0.0,22.06,2.988,EC 321
2020-03-10 08:02:05.180,mijnomgeving,357518080494982,1583827325180,1.0,52.2258649,5.1745012,5.0,4519.0,3.0,4.17,10.0,4.0,357518080494982.0,32.0,0.0,1583827318.0,134.0,10.33,,EC 326
2020-03-10 08:02:16.230,mijnomgeving,357518080497696,1583827336230,1.0,52.5171974,5.5094573,5.0,36018.0,-17.0,4.16,8.0,229.0,357518080497696.0,32.0,0.0,1583827334.0,1038.0,10.33,,EC 319
2020-03-10 08:02:26.056,mijnomgeving,357518080163249,1583827346056,2.0,,,,6312.0,,4.17,10.0,,357518080163249.0,32.0,,1583827343.0,440.0,9.89,,EC 212
2020-03-10 08:02:45.257,mijnomgeving,357518080495088,1583827365257,0.0,52.2261677,5.1744593,6.0,4035.0,8.0,3.91,24.0,15.0,357518080495088.0,32.0,0.0,1583827363.0,0.0,22.06,2.934,EC 321
2020-03-10 08:02:55.248,mijnomgeving,357518080495161,1583827375248,3.0,52.4998067,5.4528452,5.0,6437724.0,23.0,4.189999999999999,9.0,12.0,357518080495161.0,32.0,2.0,1583827381.0,951.0,9.8,,EC 315
2020-03-10 08:03:03.633,mijnomgeving,357518080166887,1583827383633,3.0,52.3701038,4.9009134,7.0,11916952.0,0.0,3.6,9.0,8.0,357518080166887.0,4.0,1.0,1583827377.0,36.0,12.0,,EC 200
2020-03-10 08:03:33.819,mijnomgeving,357518080166754,1583827413819,3.0,52.3538053,4.9247929,4.0,21056448.0,-15.0,4.18,9.0,0.0,357518080166754.0,16.0,0.0,1583827411.0,1191.0,9.98,,EC 204
2020-03-10 08:03:39.691,mijnomgeving,357518080164395,1583827419691,4.0,51.8982087,4.4235472,4.0,23413.0,-18.0,4.03,8.0,0.0,357518080164395.0,32.0,0.0,1583827408.0,861.0,10.07,,EC 241
2020-03-10 08:03:41.642,mijnomgeving,357518080163173,1583827421642,14.0,52.7216346,6.8189826,4.0,17124.0,0.0,3.95,7.0,9.0,357518080163173.0,32.0,0.0,1583827419.0,609.0,9.45,,EC 231
2020-03-10 08:03:46.320,mijnomgeving,357518080495088,1583827426320,0.0,52.2261836,5.1744159,6.0,4095.0,6.0,3.91,24.0,15.0,357518080495088.0,32.0,0.0,1583827423.0,0.0,22.06,2.934,EC 321
2020-03-10 08:04:34.416,mijnomgeving,357518080495021,1583827474416,255.0,2.55e-05,2.55e-05,0.0,30738.0,0.0,3.94,15.0,0.0,357518080495021.0,32.0,0.0,1583827473.0,0.0,15.36,,EC 325
2020-03-10 08:04:56.359,mijnomgeving,357518080495088,1583827496359,0.0,52.226168,5.1743544,4.0,4164.0,15.0,3.91,24.0,13.0,357518080495088.0,32.0,0.0,1583827492.0,0.0,22.06,2.934,EC 321
2020-03-10 08:05:07.388,mijnomgeving,357518080494818,1583827507388,0.0,52.809120300000004,5.7452989,5.0,40517.0,-27.0,4.22,8.0,13.0,357518080494818.0,32.0,0.0,1583827506.0,1636.0,10.42,,EC 309
2020-03-10 08:05:40.279,mijnomgeving,357518080169006,1583827540279,1.0,,,,81011.0,,3.64,8.0,,357518080169006.0,32.0,,1583827542.0,891.0,10.24,,EC 213
2020-03-10 08:05:46.738,mijnomgeving,357518080495088,1583827546738,0.0,52.2261597,5.1744835,5.0,4215.0,-2.0,3.91,24.0,225.0,357518080495088.0,32.0,0.0,1583827543.0,0.0,22.06,2.934,EC 321
2020-03-10 08:06:31.367,mijnomgeving,357518080494859,1583827591367,1.0,52.5409974,5.5887946,6.0,35118.0,0.0,4.16,9.0,6.0,357518080494859.0,32.0,0.0,1583827585.0,1937.0,9.8,,EC 302
2020-03-10 08:06:45.355,mijnomgeving,357518080495088,1583827605355,0.0,52.2260972,5.1743518,5.0,4275.0,9.0,3.91,24.0,200.0,357518080495088.0,32.0,0.0,1583827603.0,0.0,22.06,2.934,EC 321
2020-03-10 08:06:48.036,mijnomgeving,357518080328131,1583827608036,21.0,52.3866775,4.917745,6.0,53131.0,26.0,3.81,8.0,232.0,357518080328131.0,32.0,0.0,1583827608.0,49.0,10.6,,EC 230
2020-03-10 08:07:14.685,mijnomgeving,357518080332257,1583827634685,2.0,51.898181,4.4233042,6.0,43212.0,-6.0,4.09,8.0,1.0,357518080332257.0,32.0,0.0,1583827632.0,581.0,9.8,,EC 240
2020-03-10 08:07:45.739,mijnomgeving,357518080495088,1583827665739,1.0,52.2261204,5.1743592,6.0,4335.0,12.0,3.91,24.0,14.0,357518080495088.0,32.0,0.0,1583827663.0,0.0,22.06,2.988,EC 321
2020-03-10 08:07:48.433,mijnomgeving,357518080494834,1583827668433,13.0,52.4257684,5.4209634,6.0,215129.0,-6.0,4.1,9.0,44.0,357518080494834.0,32.0,0.0,1583827676.0,1421.0,10.51,,EC 314
2020-03-10 08:07:58.089,mijnomgeving,357518080170889,1583827678089,2.0,52.0145431,4.2957,5.0,105312.0,16.0,4.189999999999999,6.0,214.0,357518080170889.0,32.0,0.0,1583827678.0,656.0,11.48,,EC 236
2020-03-10 08:08:07.967,mijnomgeving,357518080330764,1583827687967,4.0,51.8211166,4.6109843,4.0,36014.0,7.0,3.93,9.0,0.0,357518080330764.0,32.0,0.0,1583827680.0,310.0,10.33,,EC 244
2020-03-10 08:08:11.923,mijnomgeving,357518080171390,1583827691923,7.0,52.0319344,5.3037694,4.0,21687370.0,28.0,4.17,8.0,0.0,357518080171390.0,64.0,0.0,1583827700.0,814.0,10.16,,EC 202
2020-03-10 08:08:40.630,mijnomgeving,357518080495187,1583827720630,13.0,52.6353743,5.8234867999999995,4.0,234930.0,35.0,4.24,11.0,11.0,357518080495187.0,32.0,0.0,1583827730.0,601.0,9.8,,EC 304
2020-03-10 08:08:54.616,mijnomgeving,357518080495088,1583827734616,1.0,52.2261263,5.1744495,6.0,4404.0,-7.0,3.91,24.0,199.0,357518080495088.0,32.0,0.0,1583827732.0,0.0,22.06,2.988,EC 321
2020-03-10 08:08:55.083,mijnomgeving,357518080166663,1583827735083,6.0,51.898209,4.4233051,4.0,101715.0,16.0,4.12,8.0,0.0,357518080166663.0,32.0,0.0,1583827729.0,807.0,9.8,,EC 243
2020-03-10 08:09:24.691,mijnomgeving,357518080495070,1583827764691,1.0,52.2258989,5.1742017,5.0,1818.0,-14.0,4.04,22.0,4.0,357518080495070.0,32.0,0.0,1583827761.0,0.0,21.62,,EC 320
2020-03-10 08:09:34.676,mijnomgeving,357518080495146,1583827774676,1.0,52.3870039,5.3122699,6.0,9017.0,6.0,4.17,10.0,13.0,357518080495146.0,32.0,0.0,1583827771.0,1696.0,9.98,,EC 317
2020-03-10 08:09:44.928,mijnomgeving,357518080494875,1583827784928,1.0,52.6578024,5.6149131,4.0,38717.0,-6.0,4.189999999999999,9.0,3.0,357518080494875.0,32.0,0.0,1583827782.0,1857.0,10.16,,EC 311
2020-03-10 08:09:45.674,mijnomgeving,357518080495088,1583827785674,1.0,52.2261276,5.1743895,6.0,4455.0,11.0,3.91,24.0,250.0,357518080495088.0,32.0,0.0,1583827783.0,0.0,22.15,2.988,EC 321
2020-03-10 08:09:49.671,mijnomgeving,357518080495112,1583827789671,1.0,52.8373148,5.7142281,5.0,80118.0,0.0,4.21,8.0,230.0,357518080495112.0,32.0,0.0,1583827790.0,1748.0,10.24,,EC 306
2020-03-10 08:10:32.828,mijnomgeving,357518080494909,1583827832828,0.0,52.2260154,5.1748134,7.0,410417.0,72.0,4.17,8.0,1.0,357518080494909.0,32.0,0.0,1583827849.0,133.0,10.42,,EC 329
2020-03-10 08:10:46.807,mijnomgeving,357518080495088,1583827846807,1.0,52.2261593,5.1743968,6.0,4515.0,13.0,3.91,24.0,204.0,357518080495088.0,32.0,0.0,1583827843.0,0.0,22.15,2.988,EC 321
2020-03-10 08:10:55.826,mijnomgeving,357518080495526,1583827855826,11.0,52.2261839,5.1746787,4.0,4528.0,19.0,4.15,9.0,54.0,357518080495526.0,32.0,0.0,1583827845.0,136.0,10.33,,EC 327
2020-03-10 08:11:20.513,mijnomgeving,357518080167000,1583827880513,3.0,52.1739509,5.0360211,4.0,113414.0,-3.0,4.13,8.0,0.0,357518080167000.0,32.0,0.0,1583827882.0,617.0,9.36,,EC 228
2020-03-10 08:11:27.918,mijnomgeving,357518080497423,1583827887918,1.0,52.5229741,5.5902972,6.0,315018.0,-8.0,4.17,10.0,226.0,357518080497423.0,32.0,0.0,1583827897.0,2152.0,10.24,,EC 318
2020-03-10 08:11:27.980,mijnomgeving,357518080495203,1583827887980,1.0,52.2261285,5.1746933,4.0,158418.0,26.0,4.17,9.0,201.0,357518080495203.0,32.0,0.0,1583827891.0,132.0,10.69,,EC 324
2020-03-10 08:11:47.009,mijnomgeving,357518080495088,1583827907009,1.0,52.2261441,5.1743151,6.0,4575.0,21.0,3.91,24.0,14.0,357518080495088.0,32.0,0.0,1583827903.0,0.0,22.15,2.934,EC 321
2020-03-10 08:11:49.929,mijnomgeving,357518080494768,1583827909929,20.0,52.4164593,5.2266468,4.0,123336.0,27.0,4.21,10.0,236.0,357518080494768.0,32.0,0.0,1583827912.0,1277.0,9.98,,EC 305
2020-03-10 08:11:51.785,mijnomgeving,357518080168917,1583827911785,1.0,52.3407972,4.9255158,6.0,21679265.0,-11.0,4.0,8.0,0.0,357518080168917.0,16.0,0.0,1583827918.0,54.0,11.92,,EC 209
2020-03-10 08:12:47.048,mijnomgeving,357518080494776,1583827967048,1.0,52.2262329,5.1746286,4.0,17118.0,-19.0,4.16,9.0,204.0,357518080494776.0,32.0,0.0,1583827964.0,135.0,10.33,,EC 330
2020-03-10 08:12:52.999,mijnomgeving,357518080497662,1583827972999,1.0,52.2261404,5.1746891,6.0,9018.0,18.0,4.21,10.0,252.0,357518080497662.0,32.0,0.0,1583827967.0,138.0,10.51,,EC 328
2020-03-10 08:12:54.975,mijnomgeving,357518080495088,1583827974975,1.0,52.2261304,5.1743733,5.0,4644.0,2.0,3.91,24.0,2.0,357518080495088.0,32.0,0.0,1583827972.0,0.0,22.15,2.988,EC 321
2020-03-10 08:13:11.033,mijnomgeving,357518080497639,1583827991033,14.0,52.6591437,5.66085,6.0,27931.0,-14.0,4.2,10.0,2.0,357518080497639.0,32.0,0.0,1583827989.0,2184.0,10.16,,EC 308
2020-03-10 08:13:13.083,mijnomgeving,357518080163405,1583827993083,3.0,52.3729835,4.9161874,4.0,32414.0,-1.0,4.13,8.0,0.0,357518080163405.0,32.0,0.0,1583827991.0,1690.0,9.63,,EC 226
2020-03-10 08:13:20.457,mijnomgeving,357518080165368,1583828000457,17.0,52.3398501,4.9108435,7.0,20639777.0,25.0,3.76,8.0,0.0,357518080165368.0,16.0,0.0,1583828014.0,1196.0,9.98,,EC 208
2020-03-10 08:13:25.003,mijnomgeving,357518080495104,1583828005003,1.0,52.3374341,5.5374773,5.0,96317.0,-5.0,4.12,10.0,42.0,357518080495104.0,32.0,0.0,1583828005.0,791.0,10.51,,EC 312
2020-03-10 08:13:46.079,mijnomgeving,357518080495088,1583828026079,1.0,52.2261475,5.1743732,6.0,4695.0,18.0,3.91,24.0,223.0,357518080495088.0,32.0,0.0,1583828023.0,0.0,22.15,2.988,EC 321
2020-03-10 08:13:49.053,mijnomgeving,357518080495682,1583828029053,5.0,52.5494638,5.5883728,4.0,56722.0,26.0,4.18,9.0,209.0,357518080495682.0,32.0,0.0,1583828024.0,1672.0,9.89,,EC 316
2020-03-10 08:13:49.538,mijnomgeving,357518080330582,1583828029538,4.0,52.3730463,4.9461096,5.0,10813.0,6.0,4.11,10.0,0.0,357518080330582.0,32.0,0.0,1583828027.0,1695.0,9.98,,EC 219
2020-03-10 08:14:46.438,mijnomgeving,357518080495088,1583828086438,1.0,52.2261526,5.1743876,5.0,4755.0,16.0,3.91,24.0,56.0,357518080495088.0,32.0,0.0,1583828083.0,0.0,22.15,2.988,EC 321
2020-03-10 08:14:49.121,mijnomgeving,357518080495120,1583828089121,10.0,52.3338005,5.3126998,7.0,59427.0,-1.0,4.17,9.0,255.0,357518080495120.0,32.0,0.0,1583828087.0,1491.0,9.72,,EC 303
2020-03-10 08:15:16.432,mijnomgeving,357518080495047,1583828116432,1.0,52.2262119,5.174624,4.0,41418.0,17.0,4.17,10.0,236.0,357518080495047.0,32.0,0.0,1583828114.0,133.0,10.6,,EC 322
2020-03-10 08:15:16.446,mijnomgeving,357518080166580,1583828116446,4.0,52.3604308,4.8157318,5.0,11713.0,-17.0,4.05,8.0,47.0,357518080166580.0,32.0,0.0,1583828113.0,661.0,9.36,,EC 224
2020-03-10 08:15:49.834,mijnomgeving,357518080166960,1583828149834,101.0,52.7138581,6.8790317,8.0,153111.0,38.0,3.96,9.0,223.0,357518080166960.0,32.0,0.0,1583828153.0,540.0,9.98,,EC 232
2020-03-10 08:15:56.528,mijnomgeving,357518080495088,1583828156528,1.0,52.2261308,5.1743319,5.0,4824.0,24.0,3.91,24.0,11.0,357518080495088.0,32.0,0.0,1583828152.0,0.0,22.15,2.988,EC 321
2020-03-10 08:16:00.454,mijnomgeving,357518080495534,1583828160454,1.0,52.532829,5.5930746,5.0,34218.0,5.0,4.2,10.0,10.0,357518080495534.0,32.0,0.0,1583828154.0,2161.0,9.89,,EC 307
2020-03-10 08:16:03.401,mijnomgeving,357518080165475,1583828163401,2.0,52.3720834,4.9252252,8.0,13183247.0,-48.0,4.12,9.0,0.0,357518080165475.0,1.0,0.0,1583828179.0,1296.0,9.36,,EC 201
2020-03-10 08:16:13.566,mijnomgeving,357518080494826,1583828173566,14.0,52.2261118,5.1745892,5.0,9931.0,30.0,4.17,11.0,0.0,357518080494826.0,32.0,0.0,1583828168.0,131.0,10.24,,EC 323
2020-03-10 08:16:14.555,mijnomgeving,357518080495153,1583828174555,1.0,52.5790277,5.7568469,4.0,1818.0,-21.0,4.189999999999999,9.0,254.0,357518080495153.0,32.0,0.0,1583828170.0,2580.0,9.89,,EC 313
2020-03-10 08:16:45.637,mijnomgeving,357518080495088,1583828205637,1.0,52.2260207,5.1743495,4.0,4875.0,9.0,3.91,24.0,236.0,357518080495088.0,32.0,0.0,1583828202.0,0.0,22.15,2.988,EC 321
2020-03-10 08:17:15.714,mijnomgeving,357518080497696,1583828235714,1.0,52.5172897,5.5093637,5.0,36918.0,-14.0,4.17,9.0,208.0,357518080497696.0,32.0,0.0,1583828234.0,1036.0,10.33,,EC 319
2020-03-10 08:17:19.629,mijnomgeving,357518080494982,1583828239629,18.0,52.2260517,5.1748689,6.0,5436.0,19.0,4.17,11.0,14.0,357518080494982.0,32.0,0.0,1583828235.0,135.0,10.51,,EC 326
2020-03-10 08:17:33.226,mijnomgeving,357518080163249,1583828253226,3.0,,,,7213.0,,4.17,10.0,,357518080163249.0,32.0,,1583828244.0,436.0,9.98,,EC 212
2020-03-10 08:17:46.684,mijnomgeving,357518080495088,1583828266684,1.0,52.2261117,5.1744021,4.0,4935.0,7.0,3.91,24.0,5.0,357518080495088.0,32.0,0.0,1583828263.0,0.0,22.15,2.988,EC 321
2020-03-10 08:18:11.736,mijnomgeving,357518080495161,1583828291736,21.0,52.4997733,5.4528297,5.0,6438642.0,5.0,4.189999999999999,9.0,15.0,357518080495161.0,32.0,0.0,1583828299.0,951.0,9.8,,EC 315
2020-03-10 08:18:14.677,mijnomgeving,357518080495021,1583828294677,40.0,53.1564253,7.0209916,4.0,31557.0,-1.0,3.94,14.0,14.0,357518080495021.0,32.0,0.0,1583828292.0,0.0,15.09,,EC 325
2020-03-10 08:18:20.001,mijnomgeving,357518080166754,1583828300001,2.0,52.3538099,4.9251941,4.0,21057346.0,6.0,4.17,9.0,216.0,357518080166754.0,16.0,1.0,1583828309.0,1192.0,9.98,,EC 204
2020-03-10 08:18:33.802,mijnomgeving,357518080163173,1583828313802,6.0,52.7214166,6.8186722,4.0,18016.0,-21.0,3.95,7.0,7.0,357518080163173.0,32.0,0.0,1583828311.0,606.0,9.36,,EC 231
2020-03-10 08:18:45.794,mijnomgeving,357518080495088,1583828325794,1.0,52.226107,5.1743818,5.0,4995.0,0.0,3.91,24.0,212.0,357518080495088.0,32.0,0.0,1583828323.0,0.0,22.15,2.988,EC 321
2020-03-10 08:18:46.765,mijnomgeving,357518080164395,1583828326765,4.0,51.8982905,4.4237525,4.0,24313.0,-7.0,4.03,8.0,201.0,357518080164395.0,32.0,0.0,1583828308.0,864.0,10.07,,EC 241
2020-03-10 08:19:46.816,mijnomgeving,357518080495088,1583828386816,1.0,52.2261485,5.1743928,4.0,5055.0,6.0,3.91,24.0,55.0,357518080495088.0,32.0,0.0,1583828383.0,0.0,22.15,2.934,EC 321
2020-03-10 08:20:43.437,mijnomgeving,357518080169006,1583828443437,4.0,,,,81914.0,,3.64,8.0,,357518080169006.0,32.0,,1583828445.0,884.0,10.24,,EC 213
2020-03-10 08:20:50.893,mijnomgeving,357518080495088,1583828450893,1.0,52.2262195,5.1744818,5.0,5115.0,-1.0,3.91,24.0,54.0,357518080495088.0,32.0,0.0,1583828443.0,0.0,22.15,2.934,EC 321
2020-03-10 08:21:16.990,mijnomgeving,357518080494818,1583828476990,1.0,52.8091068,5.7452675,5.0,43.0,-10.0,4.24,10.0,2.0,357518080494818.0,32.0,0.0,1583828472.0,1619.0,10.42,,EC 309
2020-03-10 08:21:27.987,mijnomgeving,357518080494859,1583828487987,1.0,52.5409829,5.5888067,5.0,36018.0,-2.0,4.16,9.0,248.0,357518080494859.0,32.0,0.0,1583828485.0,1931.0,9.8,,EC 302
2020-03-10 08:21:31.861,mijnomgeving,357518080328131,1583828491861,5.0,52.386730299999996,4.9176833,6.0,54015.0,6.0,3.81,9.0,0.0,357518080328131.0,32.0,0.0,1583828492.0,51.0,10.69,,EC 230
2020-03-10 08:21:46.235,mijnomgeving,357518080495088,1583828506235,1.0,52.2261443,5.1744599000000004,5.0,5175.0,1.0,3.91,24.0,45.0,357518080495088.0,32.0,0.0,1583828503.0,0.0,22.15,2.934,EC 321
2020-03-10 08:22:36.234,mijnomgeving,357518080494834,1583828556234,0.0,52.4257665,5.4208839,7.0,216017.0,-3.0,4.1,9.0,211.0,357518080494834.0,32.0,0.0,1583828564.0,1411.0,10.51,,EC 314
2020-03-10 08:22:41.396,mijnomgeving,357518080171390,1583828561396,2.0,52.0319832,5.3035326,4.0,21688239.0,4.0,4.17,8.0,227.0,357518080171390.0,64.0,0.0,1583828569.0,817.0,10.16,,EC 202
2020-03-10 08:22:45.156,mijnomgeving,357518080495088,1583828565156,1.0,52.2260685,5.1742046,6.0,5235.0,27.0,3.91,24.0,14.0,357518080495088.0,32.0,0.0,1583828563.0,0.0,22.23,2.988,EC 321
2020-03-10 08:23:00.515,mijnomgeving,357518080170889,1583828580515,4.0,52.0146559,4.295672,4.0,106214.0,13.0,4.189999999999999,6.0,228.0,357518080170889.0,32.0,0.0,1583828580.0,626.0,11.48,,EC 236
2020-03-10 08:23:17.902,mijnomgeving,357518080330764,1583828597902,21.0,51.8210797,4.6110145,4.0,36931.0,2.0,3.94,9.0,204.0,357518080330764.0,32.0,0.0,1583828596.0,316.0,10.42,,EC 244
2020-03-10 08:23:23.629,mijnomgeving,357518080332257,1583828603629,1.0,51.8983251,4.4233059,5.0,44111.0,-1.0,4.09,8.0,6.0,357518080332257.0,32.0,0.0,1583828531.0,581.0,9.8,,EC 240
2020-03-10 08:23:27.256,mijnomgeving,357518080495187,1583828607256,0.0,52.6353381,5.8236538,4.0,235817.0,-34.0,4.23,10.0,225.0,357518080495187.0,32.0,0.0,1583828617.0,598.0,9.8,,EC 304
2020-03-10 08:23:45.293,mijnomgeving,357518080495088,1583828625293,1.0,52.2261168,5.1743068,5.0,5295.0,38.0,3.91,24.0,57.0,357518080495088.0,32.0,0.0,1583828623.0,0.0,22.23,2.988,EC 321
2020-03-10 08:23:47.680,mijnomgeving,357518080166663,1583828627680,5.0,51.8983384,4.4232564,4.0,102615.0,12.0,4.13,8.0,254.0,357518080166663.0,32.0,0.0,1583828628.0,806.0,9.8,,EC 243
2020-03-10 08:24:28.701,mijnomgeving,357518080495070,1583828668701,5.0,52.2262156,5.1744641,5.0,2722.0,12.0,4.04,22.0,0.0,357518080495070.0,32.0,2.0,1583828665.0,0.0,21.7,,EC 320
2020-03-10 08:24:37.685,mijnomgeving,357518080495146,1583828677685,1.0,52.3869752,5.3122618,6.0,9918.0,6.0,4.17,10.0,0.0,357518080495146.0,32.0,0.0,1583828672.0,1688.0,9.98,,EC 317
2020-03-10 08:24:44.680,mijnomgeving,357518080494875,1583828684680,1.0,52.6579298,5.614983,4.0,39618.0,15.0,4.189999999999999,9.0,0.0,357518080494875.0,32.0,0.0,1583828682.0,1857.0,10.16,,EC 311
2020-03-10 08:24:49.709,mijnomgeving,357518080495112,1583828689709,1.0,52.8373623,5.7141543,5.0,81018.0,-7.0,4.21,9.0,230.0,357518080495112.0,32.0,0.0,1583828690.0,1750.0,10.24,,EC 306
2020-03-10 08:24:55.691,mijnomgeving,357518080495088,1583828695691,1.0,52.2260912,5.1742803,5.0,5364.0,20.0,3.91,24.0,207.0,357518080495088.0,32.0,0.0,1583828692.0,0.0,22.23,2.988,EC 321
2020-03-10 08:25:42.903,mijnomgeving,357518080494909,1583828742903,0.0,52.2261092,5.1747472,7.0,411327.0,24.0,4.16,8.0,253.0,357518080494909.0,32.0,0.0,1583828759.0,131.0,10.6,,EC 329
2020-03-10 08:25:59.610,mijnomgeving,357518080495088,1583828759610,1.0,52.2261374,5.174214,6.0,5424.0,42.0,3.91,24.0,53.0,357518080495088.0,32.0,0.0,1583828752.0,0.0,22.23,2.934,EC 321
2020-03-10 08:26:05.293,mijnomgeving,357518080495526,1583828765293,24.0,52.2262,5.1746931,9.0,5442.0,8.0,4.15,10.0,213.0,357518080495526.0,32.0,0.0,1583828759.0,134.0,10.51,,EC 327
2020-03-10 08:26:26.702,mijnomgeving,357518080497423,1583828786702,1.0,52.5229662,5.5902318,6.0,315918.0,0.0,4.17,10.0,224.0,357518080497423.0,32.0,0.0,1583828797.0,2151.0,10.24,,EC 318
2020-03-10 08:26:36.930,mijnomgeving,357518080495203,1583828796930,1.0,52.2260972,5.1747278,4.0,159327.0,38.0,4.17,9.0,248.0,357518080495203.0,32.0,0.0,1583828800.0,132.0,10.86,,EC 324
2020-03-10 08:26:39.539,mijnomgeving,357518080167000,1583828799539,22.0,52.1739422,5.035911,7.0,114333.0,-5.0,4.13,8.0,0.0,357518080167000.0,32.0,0.0,1583828801.0,616.0,9.36,,EC 228
2020-03-10 08:26:45.927,mijnomgeving,357518080495088,1583828805927,1.0,52.2260097,5.1742574,6.0,5475.0,41.0,3.91,24.0,1.0,357518080495088.0,32.0,0.0,1583828803.0,0.0,22.23,2.934,EC 321
2020-03-10 08:27:01.271,mijnomgeving,357518080168917,1583828821271,1.0,52.3405653,4.925534,6.0,21680174.0,-23.0,4.0,8.0,0.0,357518080168917.0,16.0,0.0,1583828827.0,51.0,11.92,,EC 209
2020-03-10 08:27:13.991,mijnomgeving,357518080494768,1583828833991,32.0,52.4165903,5.2265,5.0,124248.0,24.0,4.2,10.0,54.0,357518080494768.0,32.0,0.0,1583828824.0,1184.0,9.98,,EC 305
2020-03-10 08:27:46.095,mijnomgeving,357518080495088,1583828866095,1.0,52.2260825,5.174207,5.0,5535.0,57.0,3.91,24.0,246.0,357518080495088.0,32.0,0.0,1583828863.0,0.0,22.23,2.988,EC 321
2020-03-10 08:27:47.031,mijnomgeving,357518080494776,1583828867031,1.0,52.2264294,5.1741791,4.0,18018.0,-62.0,4.17,9.0,238.0,357518080494776.0,32.0,2.0,1583828864.0,134.0,10.51,,EC 330
2020-03-10 08:27:51.009,mijnomgeving,357518080497662,1583828871009,1.0,52.2261785,5.1746631,6.0,9918.0,31.0,4.21,10.0,3.0,357518080497662.0,32.0,0.0,1583828867.0,139.0,10.6,,EC 328
2020-03-10 08:27:58.072,mijnomgeving,357518080497639,1583828878072,1.0,52.6591282,5.6609353,7.0,28818.0,-14.0,4.21,10.0,12.0,357518080497639.0,32.0,0.0,1583828876.0,2187.0,10.16,,EC 308
2020-03-10 08:28:10.450,mijnomgeving,357518080163405,1583828890450,1.0,52.3729867,4.9162244,4.0,33312.0,6.0,4.13,8.0,0.0,357518080163405.0,32.0,0.0,1583828889.0,1682.0,9.63,,EC 226
2020-03-10 08:28:31.141,mijnomgeving,357518080495104,1583828911141,1.0,52.3373727,5.5376697,5.0,97218.0,-11.0,4.12,10.0,228.0,357518080495104.0,32.0,0.0,1583828906.0,790.0,10.51,,EC 312
2020-03-10 08:28:53.342,mijnomgeving,357518080330582,1583828933342,7.0,52.3731431,4.9460896,4.0,11717.0,-12.0,4.11,10.0,14.0,357518080330582.0,32.0,0.0,1583828930.0,1700.0,9.98,,EC 219
2020-03-10 08:28:55.925,mijnomgeving,357518080495088,1583828935925,1.0,52.2260175,5.17426,5.0,5604.0,57.0,3.91,24.0,41.0,357518080495088.0,32.0,0.0,1583828932.0,0.0,22.23,2.988,EC 321
2020-03-10 08:29:08.130,mijnomgeving,357518080495682,1583828948130,25.0,52.5494822,5.5881868,7.0,57642.0,-12.0,4.189999999999999,10.0,237.0,357518080495682.0,32.0,0.0,1583828944.0,1631.0,9.89,,EC 316
2020-03-10 08:29:39.171,mijnomgeving,357518080495120,1583828979171,0.0,52.333736,5.3129165,6.0,60317.0,0.0,4.17,9.0,0.0,357518080495120.0,32.0,0.0,1583828977.0,1492.0,9.72,,EC 303
2020-03-10 08:29:49.199,mijnomgeving,357518080495088,1583828989199,1.0,52.2260481,5.174321,5.0,5655.0,21.0,3.91,24.0,2.0,357518080495088.0,32.0,0.0,1583828983.0,0.0,22.23,2.934,EC 321
2020-03-10 08:30:16.229,mijnomgeving,357518080495047,1583829016229,1.0,52.2261734,5.1747481,4.0,42318.0,40.0,4.17,10.0,236.0,357518080495047.0,32.0,0.0,1583829014.0,132.0,10.69,,EC 322
2020-03-10 08:30:17.230,mijnomgeving,357518080166580,1583829017230,5.0,52.3603682,4.8155327,4.0,12614.0,19.0,4.05,8.0,59.0,357518080166580.0,32.0,0.0,1583829014.0,660.0,9.36,,EC 224
2020-03-10 08:30:47.292,mijnomgeving,357518080495088,1583829047292,1.0,52.2261066,5.1743013,5.0,5715.0,19.0,3.91,24.0,245.0,357518080495088.0,32.0,0.0,1583829043.0,0.0,22.32,2.934,EC 321
2020-03-10 08:30:59.219,mijnomgeving,357518080495534,1583829059219,1.0,52.5328222,5.5930761,5.0,35118.0,0.0,4.2,10.0,12.0,357518080495534.0,32.0,0.0,1583829054.0,2167.0,9.89,,EC 307
2020-03-10 08:31:03.299,mijnomgeving,357518080165475,1583829063299,2.0,52.3719731,4.9255647,9.0,13184147.0,15.0,4.12,9.0,0.0,357518080165475.0,1.0,0.0,1583829079.0,1301.0,9.36,,EC 201
2020-03-10 08:31:08.215,mijnomgeving,357518080494826,1583829068215,1.0,52.226095,5.1746112,6.0,10827.0,32.0,4.17,11.0,22.0,357518080494826.0,32.0,0.0,1583829064.0,130.0,10.33,,EC 323
2020-03-10 08:31:08.840,mijnomgeving,357518080166960,1583829068840,255.0,2.55e-05,2.55e-05,0.0,154030.0,0.0,3.96,9.0,0.0,357518080166960.0,32.0,0.0,1583829072.0,540.0,9.89,,EC 232
2020-03-10 08:31:14.227,mijnomgeving,357518080495153,1583829074227,1.0,52.5789634,5.7568108,4.0,2718.0,-1.0,4.189999999999999,9.0,5.0,357518080495153.0,32.0,0.0,1583829070.0,2586.0,9.89,,EC 313
2020-03-10 08:31:53.070,mijnomgeving,357518080495088,1583829113070,1.0,52.2261354,5.1743936999999995,5.0,5775.0,31.0,3.91,24.0,11.0,357518080495088.0,32.0,0.0,1583829103.0,1.0,22.32,2.934,EC 321
2020-03-10 08:32:03.100,mijnomgeving,357518080494982,1583829123100,1.0,52.2261953,5.1749175,6.0,6319.0,62.0,4.17,10.0,0.0,357518080494982.0,32.0,0.0,1583829118.0,135.0,10.6,,EC 326
2020-03-10 08:32:15.380,mijnomgeving,357518080497696,1583829135380,1.0,52.5173465,5.5091928,5.0,37818.0,-27.0,4.17,9.0,230.0,357518080497696.0,32.0,0.0,1583829134.0,1042.0,10.24,,EC 319
2020-03-10 08:32:49.209,mijnomgeving,357518080495088,1583829169209,1.0,52.2261442,5.1744147,6.0,5835.0,21.0,3.91,24.0,49.0,357518080495088.0,32.0,0.0,1583829163.0,0.0,22.32,2.934,EC 321
2020-03-10 08:32:51.418,mijnomgeving,357518080495161,1583829171418,2.0,52.4998066,5.452825,5.0,6439523.0,10.0,4.189999999999999,9.0,10.0,357518080495161.0,32.0,0.0,1583829180.0,950.0,9.8,,EC 315
2020-03-10 08:33:11.185,mijnomgeving,357518080163249,1583829191185,5.0,,,,8115.0,,4.17,10.0,,357518080163249.0,32.0,,1583829146.0,448.0,9.98,,EC 212
2020-03-10 08:33:21.104,mijnomgeving,357518080166754,1583829201104,3.0,52.3537301,4.9246087,4.0,21058247.0,-29.0,4.17,9.0,211.0,357518080166754.0,16.0,0.0,1583829210.0,1196.0,9.98,,EC 204
2020-03-10 08:33:34.616,mijnomgeving,357518080163173,1583829214616,7.0,52.7216809,6.8196335,4.0,18917.0,25.0,3.96,8.0,0.0,357518080163173.0,32.0,0.0,1583829212.0,602.0,9.36,,EC 231
2020-03-10 08:33:35.813,mijnomgeving,357518080164395,1583829215813,6.0,51.8982821,4.4240952,4.0,25215.0,-15.0,4.03,8.0,52.0,357518080164395.0,32.0,0.0,1583829210.0,863.0,10.07,,EC 241
2020-03-10 08:33:45.514,mijnomgeving,357518080495088,1583829225514,1.0,52.2260863,5.174324,5.0,5895.0,16.0,3.91,24.0,11.0,357518080495088.0,32.0,0.0,1583829223.0,0.0,22.32,2.934,EC 321
2020-03-10 08:34:36.571,mijnomgeving,357518080495021,1583829276571,255.0,2.55e-05,2.55e-05,0.0,32538.0,0.0,3.94,15.0,0.0,357518080495021.0,32.0,0.0,1583829273.0,0.0,14.92,,EC 325
2020-03-10 08:34:55.577,mijnomgeving,357518080495088,1583829295577,1.0,52.2261278,5.1744237,5.0,5964.0,26.0,3.91,24.0,11.0,357518080495088.0,32.0,0.0,1583829292.0,0.0,22.32,2.934,EC 321
2020-03-10 08:35:45.673,mijnomgeving,357518080495088,1583829345673,1.0,52.2261552,5.1743467,5.0,6015.0,0.0,3.91,24.0,1.0,357518080495088.0,32.0,0.0,1583829343.0,0.0,22.32,2.934,EC 321
2020-03-10 08:35:51.645,mijnomgeving,357518080494818,1583829351645,1.0,52.8090953,5.7450914,5.0,918.0,-29.0,4.22,9.0,8.0,357518080494818.0,32.0,0.0,1583829347.0,1630.0,10.42,,EC 309
2020-03-10 08:36:30.790,mijnomgeving,357518080494859,1583829390790,1.0,52.5410156,5.5887541,5.0,36918.0,-3.0,4.16,9.0,234.0,357518080494859.0,32.0,0.0,1583829385.0,1916.0,9.89,,EC 302
2020-03-10 08:36:46.818,mijnomgeving,357518080495088,1583829406818,1.0,52.2260917,5.1743913,5.0,6075.0,35.0,3.91,24.0,198.0,357518080495088.0,32.0,0.0,1583829403.0,0.0,22.32,2.934,EC 321
2020-03-10 08:36:53.525,mijnomgeving,357518080328131,1583829413525,26.0,52.3865631,4.9180253,5.0,54936.0,4.0,3.81,9.0,248.0,357518080328131.0,32.0,0.0,1583829413.0,53.0,10.77,,EC 230
2020-03-10 08:37:42.519,mijnomgeving,357518080171390,1583829462519,3.0,52.0316498,5.304301,4.0,21689140.0,54.0,4.17,9.0,226.0,357518080171390.0,64.0,0.0,1583829470.0,821.0,10.16,,EC 202
2020-03-10 08:37:45.831,mijnomgeving,357518080495088,1583829465831,1.0,52.2261148,5.1743954,4.0,6135.0,12.0,3.91,24.0,0.0,357518080495088.0,32.0,0.0,1583829463.0,0.0,22.41,2.934,EC 321
2020-03-10 08:37:46.396,mijnomgeving,357518080332257,1583829466396,1.0,51.8981881,4.4233198,5.0,45011.0,11.0,4.09,8.0,0.0,357518080332257.0,32.0,0.0,1583829431.0,581.0,9.8,,EC 240
2020-03-10 08:37:59.206,mijnomgeving,357518080170889,1583829479206,3.0,52.014569,4.2960223,4.0,107113.0,47.0,4.189999999999999,7.0,241.0,357518080170889.0,32.0,0.0,1583829479.0,588.0,11.57,,EC 236
2020-03-10 08:38:00.821,mijnomgeving,357518080494834,1583829480821,2.0,52.4256703,5.4208916,7.0,216918.0,-24.0,4.11,9.0,57.0,357518080494834.0,32.0,0.0,1583829465.0,1384.0,10.6,,EC 314
2020-03-10 08:38:12.190,mijnomgeving,357518080330764,1583829492190,15.0,51.8211907,4.6111734,4.0,37825.0,34.0,3.94,9.0,58.0,357518080330764.0,32.0,0.0,1583829490.0,297.0,10.51,,EC 244
2020-03-10 08:38:25.821,mijnomgeving,357518080166887,1583829505821,9.0,52.3700292,4.901164,7.0,11917858.0,13.0,3.6,8.0,228.0,357518080166887.0,4.0,0.0,1583828283.0,38.0,12.27,,EC 200
2020-03-10 08:38:29.588,mijnomgeving,357518080166887,1583829509588,29.0,52.370227,4.9009347,5.0,11918778.0,9.0,3.6,9.0,7.0,357518080166887.0,4.0,0.0,1583829203.0,38.0,12.45,,EC 200
2020-03-10 08:38:29.915,mijnomgeving,357518080495187,1583829509915,2.0,52.6353481,5.8224026,4.0,236719.0,198.0,4.24,11.0,217.0,357518080495187.0,32.0,0.0,1583829519.0,596.0,9.8,,EC 304
2020-03-10 08:38:45.945,mijnomgeving,357518080495088,1583829525945,1.0,52.2261117,5.1744162,5.0,6195.0,16.0,3.91,24.0,206.0,357518080495088.0,32.0,0.0,1583829523.0,1.0,22.32,2.934,EC 321
2020-03-10 08:38:52.205,mijnomgeving,357518080166663,1583829532205,4.0,51.8983062,4.4231089,4.0,103514.0,-5.0,4.13,8.0,231.0,357518080166663.0,32.0,0.0,1583829528.0,807.0,9.8,,EC 243
2020-03-10 08:39:23.929,mijnomgeving,357518080495070,1583829563929,0.0,52.2269719,5.1742013,4.0,3617.0,27.0,4.03,22.0,13.0,357518080495070.0,32.0,2.0,1583829560.0,0.0,21.88,,EC 320
2020-03-10 08:39:34.953,mijnomgeving,357518080495146,1583829574953,1.0,52.386987,5.3123191,6.0,10818.0,0.0,4.17,10.0,234.0,357518080495146.0,32.0,0.0,1583829572.0,1692.0,9.98,,EC 317
2020-03-10 08:39:46.556,mijnomgeving,357518080495088,1583829586556,1.0,52.2261121,5.174369,5.0,6255.0,3.0,3.91,24.0,15.0,357518080495088.0,32.0,0.0,1583829583.0,0.0,22.41,2.934,EC 321
2020-03-10 08:39:46.606,mijnomgeving,357518080494875,1583829586606,2.0,52.6578145,5.6149423,4.0,40519.0,-8.0,4.189999999999999,8.0,0.0,357518080494875.0,32.0,1.0,1583829583.0,1857.0,10.16,,EC 311
2020-03-10 08:39:50.311,mijnomgeving,357518080495112,1583829590311,1.0,52.8373503,5.714193,4.0,81918.0,-19.0,4.21,9.0,233.0,357518080495112.0,32.0,0.0,1583829590.0,1744.0,10.24,,EC 306
2020-03-10 08:40:05.288,mijnomgeving,357518080169006,1583829605288,0.0,,,,50.0,,3.61,12.0,,357518080169006.0,32.0,,1583829602.0,869.0,10.33,,EC 213
2020-03-10 08:40:33.014,mijnomgeving,357518080494909,1583829633014,0.0,52.2261022,5.174778,7.0,412217.0,32.0,4.16,8.0,228.0,357518080494909.0,32.0,0.0,1583829649.0,131.0,10.69,,EC 329
2020-03-10 08:40:37.982,mijnomgeving,357518080495526,1583829637982,1.0,52.2261708,5.174657,9.0,6318.0,12.0,4.15,8.0,54.0,357518080495526.0,32.0,0.0,1583829634.0,136.0,10.51,,EC 327
2020-03-10 08:40:46.081,mijnomgeving,357518080495088,1583829646081,1.0,52.2261725,5.1744281,5.0,6315.0,18.0,3.91,24.0,0.0,357518080495088.0,32.0,0.0,1583829643.0,0.0,22.41,2.934,EC 321
2020-03-10 08:41:18.617,mijnomgeving,357518080167000,1583829678617,1.0,52.1739602,5.0359231,7.0,115212.0,-4.0,4.13,8.0,0.0,357518080167000.0,32.0,0.0,1583829680.0,619.0,9.36,,EC 228
2020-03-10 08:41:29.216,mijnomgeving,357518080495203,1583829689216,1.0,52.2262411,5.1744693999999996,4.0,160218.0,12.0,4.16,9.0,241.0,357518080495203.0,32.0,0.0,1583829691.0,130.0,10.95,,EC 324
2020-03-10 08:41:29.257,mijnomgeving,357518080497423,1583829689257,0.0,52.523031,5.5901364000000004,5.0,316817.0,-5.0,4.17,9.0,14.0,357518080497423.0,32.0,0.0,1583829696.0,2148.0,10.24,,EC 318
2020-03-10 08:41:33.168,mijnomgeving,357518080494768,1583829693168,1.0,52.4167121,5.2264169,5.0,125117.0,-10.0,4.2,10.0,225.0,357518080494768.0,32.0,0.0,1583829693.0,1186.0,9.98,,EC 305
2020-03-10 08:41:56.203,mijnomgeving,357518080495088,1583829716203,1.0,52.2268727,5.1744121,4.0,6384.0,74.0,3.91,24.0,3.0,357518080495088.0,32.0,0.0,1583829712.0,0.0,22.41,2.934,EC 321
2020-03-10 08:41:57.528,mijnomgeving,357518080168917,1583829717528,1.0,52.3407397,4.9256969,6.0,21681065.0,56.0,4.0,8.0,246.0,357518080168917.0,16.0,0.0,1583829718.0,56.0,11.92,,EC 209
2020-03-10 08:42:46.274,mijnomgeving,357518080495088,1583829766274,1.0,52.226174,5.1743776,5.0,6435.0,9.0,3.91,24.0,0.0,357518080495088.0,32.0,0.0,1583829763.0,0.0,22.41,2.934,EC 321
2020-03-10 08:42:47.215,mijnomgeving,357518080494776,1583829767215,1.0,52.2262818,5.1745282,4.0,18918.0,4.0,4.17,9.0,213.0,357518080494776.0,32.0,0.0,1583829764.0,135.0,10.6,,EC 330
2020-03-10 08:42:51.209,mijnomgeving,357518080497662,1583829771209,1.0,52.2260919,5.1746723,7.0,10818.0,23.0,4.21,10.0,19.0,357518080497662.0,32.0,0.0,1583829767.0,140.0,10.77,,EC 328
2020-03-10 08:42:58.237,mijnomgeving,357518080497639,1583829778237,1.0,52.6591776,5.660835,7.0,29718.0,-15.0,4.2,9.0,13.0,357518080497639.0,32.0,0.0,1583829776.0,2187.0,10.16,,EC 308
2020-03-10 08:43:15.699,mijnomgeving,357518080163405,1583829795699,6.0,52.3726331,4.9166338,4.0,34217.0,-52.0,4.14,8.0,0.0,357518080163405.0,32.0,0.0,1583829794.0,1683.0,9.72,,EC 226
2020-03-10 08:43:25.297,mijnomgeving,357518080495104,1583829805297,1.0,52.3373788,5.5370758,4.0,98117.0,-25.0,4.12,10.0,210.0,357518080495104.0,32.0,0.0,1583829805.0,786.0,10.51,,EC 312
2020-03-10 08:43:49.629,mijnomgeving,357518080330582,1583829829629,4.0,52.3732103,4.9460615,5.0,12613.0,5.0,4.11,10.0,0.0,357518080330582.0,32.0,0.0,1583829827.0,1700.0,9.98,,EC 219
2020-03-10 08:43:50.120,mijnomgeving,357518080495088,1583829830120,1.0,52.2261417,5.1743565,5.0,6495.0,19.0,3.91,24.0,5.0,357518080495088.0,32.0,0.0,1583829823.0,0.0,22.41,2.934,EC 321
2020-03-10 08:43:50.132,mijnomgeving,357518080495682,1583829830132,0.0,52.549505,5.5881199,7.0,58518.0,-23.0,4.189999999999999,10.0,197.0,357518080495682.0,32.0,0.0,1583829820.0,1658.0,9.98,,EC 316
2020-03-10 08:44:39.374,mijnomgeving,357518080495120,1583829879374,1.0,52.3338409,5.3125156,5.0,61217.0,10.0,4.17,9.0,57.0,357518080495120.0,32.0,0.0,1583829877.0,1493.0,9.72,,EC 303
2020-03-10 08:44:46.340,mijnomgeving,357518080495088,1583829886340,1.0,52.226171,5.1744238,5.0,6555.0,16.0,3.91,24.0,3.0,357518080495088.0,32.0,0.0,1583829883.0,1.0,22.5,2.934,EC 321
2020-03-10 08:45:20.186,mijnomgeving,357518080166580,1583829920186,8.0,52.3604026,4.8156399,5.0,13517.0,6.0,4.04,8.0,245.0,357518080166580.0,32.0,0.0,1583829917.0,662.0,9.36,,EC 224
2020-03-10 08:45:36.451,mijnomgeving,357518080495047,1583829936451,21.0,52.2263644,5.1744905,4.0,43238.0,-10.0,4.17,10.0,234.0,357518080495047.0,32.0,4.0,1583829934.0,131.0,10.77,,EC 322
2020-03-10 08:45:46.486,mijnomgeving,357518080495088,1583829946486,1.0,52.226132,5.1743884,5.0,6615.0,14.0,3.91,24.0,0.0,357518080495088.0,32.0,0.0,1583829943.0,0.0,22.5,2.934,EC 321
2020-03-10 08:45:47.888,mijnomgeving,357518080166960,1583829947888,99.0,52.7138816,6.8789689,8.0,154909.0,4.0,3.96,9.0,0.0,357518080166960.0,32.0,0.0,1583829951.0,542.0,9.89,,EC 232
2020-03-10 08:45:56.422,mijnomgeving,357518080495534,1583829956422,1.0,52.5328139,5.5930808,5.0,36018.0,-6.0,4.2,10.0,3.0,357518080495534.0,32.0,0.0,1583829954.0,2168.0,9.89,,EC 307
2020-03-10 08:45:58.410,mijnomgeving,357518080494826,1583829958410,1.0,52.2260365,5.1746492,5.0,11718.0,39.0,4.17,10.0,29.0,357518080494826.0,32.0,0.0,1583829955.0,131.0,10.6,,EC 323
2020-03-10 08:46:02.428,mijnomgeving,357518080165475,1583829962428,1.0,52.3720393,4.9251791,8.0,13185047.0,-1.0,4.12,8.0,251.0,357518080165475.0,1.0,0.0,1583829978.0,1289.0,9.36,,EC 201
2020-03-10 08:46:14.472,mijnomgeving,357518080495153,1583829974472,1.0,52.5788503,5.7569661,5.0,3618.0,23.0,4.189999999999999,9.0,240.0,357518080495153.0,32.0,0.0,1583829970.0,2575.0,9.89,,EC 313
2020-03-10 08:46:55.512,mijnomgeving,357518080495088,1583830015512,1.0,52.2260939,5.174262,5.0,6684.0,18.0,3.91,24.0,13.0,357518080495088.0,32.0,0.0,1583830012.0,0.0,22.41,2.934,EC 321
2020-03-10 08:47:02.489,mijnomgeving,357518080494982,1583830022489,1.0,52.2259683,5.1752797,6.0,7219.0,100.0,4.17,10.0,204.0,357518080494982.0,32.0,0.0,1583830018.0,133.0,10.69,,EC 326
2020-03-10 08:47:18.628,mijnomgeving,357518080497696,1583830038628,1.0,52.5174704,5.5091805,5.0,38718.0,-12.0,4.16,9.0,235.0,357518080497696.0,32.0,0.0,1583830034.0,1040.0,10.24,,EC 319
2020-03-10 08:47:46.620,mijnomgeving,357518080495088,1583830066620,1.0,52.2257718,5.1742731,5.0,6735.0,-4.0,3.91,24.0,4.0,357518080495088.0,32.0,1.0,1583830063.0,1.0,22.5,2.934,EC 321
2020-03-10 08:47:46.997,mijnomgeving,357518080163249,1583830066997,22.0,,,,9032.0,,4.17,10.0,,357518080163249.0,32.0,,1583830063.0,542.0,10.07,,EC 212
2020-03-10 08:47:52.522,mijnomgeving,357518080495161,1583830072522,3.0,52.4996611,5.4526888,5.0,6440424.0,-19.0,4.189999999999999,9.0,12.0,357518080495161.0,32.0,1.0,1583830081.0,952.0,9.8,,EC 315
2020-03-10 08:48:27.575,mijnomgeving,357518080166754,1583830107575,5.0,52.3537412,4.9248867,4.0,21059149.0,-2.0,4.17,9.0,0.0,357518080166754.0,16.0,0.0,1583830112.0,1202.0,9.98,,EC 204
2020-03-10 08:48:32.759,mijnomgeving,357518080166887,1583830112759,33.0,52.3700709,4.9009225999999995,8.0,11919682.0,0.0,3.6,9.0,244.0,357518080166887.0,4.0,0.0,1583830107.0,39.0,12.0,,EC 200
2020-03-10 08:48:47.892,mijnomgeving,357518080163173,1583830127892,20.0,52.721742,6.8193661,5.0,19830.0,92.0,3.95,8.0,218.0,357518080163173.0,32.0,0.0,1583830125.0,594.0,9.45,,EC 231
2020-03-10 08:48:48.615,mijnomgeving,357518080495088,1583830128615,4.0,52.2255136,5.174198,4.0,6798.0,-22.0,3.91,24.0,16.0,357518080495088.0,32.0,0.0,1583830126.0,0.0,22.5,2.934,EC 321
2020-03-10 08:48:53.294,mijnomgeving,357518080164395,1583830133294,21.0,51.898364,4.4234343,5.0,26131.0,37.0,4.03,8.0,0.0,357518080164395.0,32.0,0.0,1583830126.0,865.0,10.07,,EC 241
2020-03-10 08:49:34.703,mijnomgeving,357518080495021,1583830174703,255.0,2.55e-05,2.55e-05,0.0,33438.0,0.0,3.94,15.0,0.0,357518080495021.0,32.0,0.0,1583830173.0,0.0,15.27,,EC 325
2020-03-10 08:50:02.696,mijnomgeving,357518080495088,1583830202696,8.0,52.2248551,5.1741292,4.0,6871.0,-87.0,3.91,24.0,2.0,357518080495088.0,32.0,0.0,1583830199.0,0.0,22.5,2.934,EC 321
2020-03-10 08:50:58.752,mijnomgeving,357518080495088,1583830258752,3.0,52.2261421,5.1743362,5.0,6926.0,29.0,3.91,24.0,15.0,357518080495088.0,32.0,0.0,1583830254.0,0.0,22.5,2.934,EC 321
2020-03-10 08:50:58.784,mijnomgeving,357518080494818,1583830258784,7.0,52.8091475,5.7451845,5.0,1824.0,18.0,4.22,9.0,38.0,357518080494818.0,32.0,0.0,1583830253.0,1629.0,10.42,,EC 309
2020-03-10 08:51:28.815,mijnomgeving,357518080494859,1583830288815,1.0,52.541010299999996,5.5887939,5.0,37818.0,-3.0,4.16,9.0,230.0,357518080494859.0,32.0,0.0,1583830285.0,1916.0,9.89,,EC 302
2020-03-10 08:51:32.843,mijnomgeving,357518080328131,1583830292843,6.0,52.3869243,4.9175427,5.0,55816.0,14.0,3.8200000000000003,9.0,226.0,357518080328131.0,32.0,1.0,1583830293.0,53.0,10.77,,EC 230
2020-03-10 08:51:55.872,mijnomgeving,357518080495088,1583830315872,1.0,52.2259117,5.1739768999999995,5.0,6984.0,63.0,3.91,24.0,6.0,357518080495088.0,32.0,0.0,1583830312.0,0.0,22.5,2.934,EC 321
2020-03-10 08:52:22.020,mijnomgeving,357518080332257,1583830342020,1.0,51.8983213,4.4232116,4.0,45911.0,-24.0,4.09,8.0,0.0,357518080332257.0,32.0,0.0,1583830331.0,580.0,9.8,,EC 240
2020-03-10 08:52:44.290,mijnomgeving,357518080171390,1583830364290,6.0,52.0317964,5.3038532,4.0,21690042.0,3.0,4.17,8.0,236.0,357518080171390.0,64.0,0.0,1583830372.0,820.0,10.16,,EC 202
2020-03-10 08:52:54.819,mijnomgeving,357518080495088,1583830374819,1.0,52.2259867,5.1742657,5.0,7044.0,8.0,3.91,24.0,3.0,357518080495088.0,32.0,1.0,1583830372.0,0.0,22.5,2.934,EC 321
2020-03-10 08:52:58.490,mijnomgeving,357518080494834,1583830378490,0.0,52.4256429,5.4210102,5.0,217817.0,-3.0,4.11,9.0,58.0,357518080494834.0,32.0,0.0,1583830364.0,1398.0,10.51,,EC 314
2020-03-10 08:53:13.329,mijnomgeving,357518080330764,1583830393329,16.0,51.821492,4.6114257,4.0,38725.0,62.0,3.94,9.0,15.0,357518080330764.0,32.0,0.0,1583830391.0,304.0,10.51,,EC 244
2020-03-10 08:53:18.117,mijnomgeving,357518080170889,1583830398117,23.0,52.0145457,4.2955984,6.0,108032.0,6.0,4.189999999999999,6.0,15.0,357518080170889.0,32.0,0.0,1583830398.0,568.0,11.66,,EC 236
2020-03-10 08:53:38.935,mijnomgeving,357518080495187,1583830418935,12.0,52.6353067,5.8235654,4.0,237628.0,12.0,4.24,12.0,205.0,357518080495187.0,32.0,1.0,1583830428.0,593.0,9.89,,EC 304
2020-03-10 08:53:46.881,mijnomgeving,357518080495088,1583830426881,2.0,52.2265771,5.1744302,4.0,7096.0,63.0,3.91,24.0,3.0,357518080495088.0,32.0,7.0,1583830424.0,0.0,22.5,2.934,EC 321
2020-03-10 08:54:26.387,mijnomgeving,357518080169006,1583830466387,2.0,,,,912.0,,3.64,9.0,,357518080169006.0,32.0,,1583830463.0,862.0,10.42,,EC 213
2020-03-10 08:54:38.985,mijnomgeving,357518080495146,1583830478985,1.0,52.3870164,5.3122965,6.0,11718.0,-1.0,4.17,10.0,9.0,357518080495146.0,32.0,0.0,1583830472.0,1673.0,10.07,,EC 317
2020-03-10 08:54:39.907,mijnomgeving,357518080495070,1583830479907,16.0,52.2264088,5.1744144,7.0,4534.0,39.0,4.04,23.0,27.0,357518080495070.0,32.0,0.0,1583830477.0,0.0,21.97,,EC 320
2020-03-10 08:54:49.929,mijnomgeving,357518080495112,1583830489929,1.0,52.8375732,5.7138111,4.0,82818.0,-16.0,4.21,9.0,230.0,357518080495112.0,32.0,1.0,1583830490.0,1746.0,10.33,,EC 306
2020-03-10 08:54:53.933,mijnomgeving,357518080495088,1583830493933,9.0,52.226177,5.1743525,4.0,7163.0,26.0,3.91,24.0,3.0,357518080495088.0,32.0,1.0,1583830491.0,0.0,22.5,2.934,EC 321
2020-03-10 08:54:56.929,mijnomgeving,357518080494875,1583830496929,12.0,52.6578682,5.6149968999999995,4.0,41429.0,-35.0,4.189999999999999,9.0,51.0,357518080494875.0,32.0,1.0,1583830494.0,1855.0,10.16,,EC 311
2020-03-10 08:55:33.308,mijnomgeving,357518080494909,1583830533308,0.0,52.2261507,5.1747523,7.0,413118.0,20.0,4.17,8.0,4.0,357518080494909.0,32.0,0.0,1583830549.0,128.0,10.95,,EC 329
2020-03-10 08:55:42.212,mijnomgeving,357518080495526,1583830542212,0.0,52.2262355,5.1747129,7.0,7218.0,10.0,4.15,8.0,38.0,357518080495526.0,32.0,0.0,1583830535.0,133.0,10.77,,EC 327
2020-03-10 08:55:46.093,mijnomgeving,357518080495088,1583830546093,1.0,52.2262489,5.174415,5.0,7215.0,31.0,3.91,24.0,3.0,357518080495088.0,32.0,1.0,1583830543.0,0.0,22.5,2.934,EC 321
2020-03-10 08:56:18.745,mijnomgeving,357518080167000,1583830578745,1.0,52.1739073,5.0359385,5.0,116112.0,-15.0,4.13,8.0,54.0,357518080167000.0,32.0,0.0,1583830580.0,618.0,9.36,,EC 228
2020-03-10 08:56:37.210,mijnomgeving,357518080495203,1583830597210,1.0,52.2261056,5.174713,4.0,161127.0,31.0,4.17,9.0,41.0,357518080495203.0,32.0,0.0,1583830600.0,132.0,11.13,,EC 324
2020-03-10 08:56:40.148,mijnomgeving,357518080497423,1583830600148,1.0,52.5229887,5.5902419,6.0,317718.0,-6.0,4.17,10.0,236.0,357518080497423.0,32.0,0.0,1583830597.0,2143.0,10.24,,EC 318
2020-03-10 08:56:47.163,mijnomgeving,357518080494768,1583830607163,1.0,52.4165681,5.2267367,5.0,126018.0,-15.0,4.21,10.0,233.0,357518080494768.0,32.0,0.0,1583830593.0,1170.0,9.98,,EC 305
2020-03-10 08:56:52.146,mijnomgeving,357518080495088,1583830612146,7.0,52.2269348,5.1745944999999995,4.0,7281.0,87.0,3.91,24.0,3.0,357518080495088.0,32.0,0.0,1583830609.0,0.0,22.59,2.934,EC 321
2020-03-10 08:56:54.599,mijnomgeving,357518080168917,1583830614599,2.0,52.3413026,4.9259246999999995,4.0,21681966.0,138.0,3.99,8.0,11.0,357518080168917.0,16.0,0.0,1583830619.0,53.0,11.83,,EC 209
2020-03-10 08:57:46.357,mijnomgeving,357518080495088,1583830666357,1.0,52.2265225,5.1744092,4.0,7335.0,57.0,3.91,24.0,14.0,357518080495088.0,32.0,0.0,1583830663.0,0.0,22.5,2.934,EC 321
2020-03-10 08:57:51.305,mijnomgeving,357518080497662,1583830671305,1.0,52.2261396,5.1746637,6.0,11718.0,14.0,4.21,10.0,0.0,357518080497662.0,32.0,0.0,1583830667.0,141.0,10.95,,EC 328
2020-03-10 08:57:58.315,mijnomgeving,357518080497639,1583830678315,1.0,52.6591589,5.6608332,7.0,30618.0,-9.0,4.21,9.0,209.0,357518080497639.0,32.0,0.0,1583830676.0,2186.0,10.24,,EC 308
2020-03-10 08:58:11.358,mijnomgeving,357518080494776,1583830691358,25.0,52.2260802,5.1747715,8.0,19842.0,20.0,4.16,10.0,207.0,357518080494776.0,32.0,0.0,1583830688.0,134.0,10.86,,EC 330
2020-03-10 08:58:20.374,mijnomgeving,357518080163405,1583830700374,11.0,52.3729647,4.9160554,4.0,35122.0,2.0,4.13,8.0,253.0,357518080163405.0,32.0,0.0,1583830699.0,1691.0,9.72,,EC 226
2020-03-10 08:58:28.412,mijnomgeving,357518080495104,1583830708412,1.0,52.3372665,5.5375637,5.0,99017.0,-10.0,4.12,10.0,217.0,357518080495104.0,32.0,0.0,1583830705.0,782.0,10.51,,EC 312
2020-03-10 08:58:44.463,mijnomgeving,357518080495682,1583830724463,0.0,52.5495155,5.5881152,5.0,59418.0,-15.0,4.189999999999999,10.0,207.0,357518080495682.0,32.0,0.0,1583830720.0,1686.0,10.07,,EC 316
2020-03-10 08:58:46.400,mijnomgeving,357518080495088,1583830726400,1.0,52.2262715,5.1743342,5.0,7395.0,29.0,3.91,24.0,2.0,357518080495088.0,32.0,0.0,1583830723.0,0.0,22.59,2.934,EC 321
2020-03-10 08:58:48.808,mijnomgeving,357518080330582,1583830728808,3.0,52.3732794,4.9461521,5.0,13513.0,10.0,4.11,10.0,18.0,357518080330582.0,32.0,1.0,1583830727.0,1702.0,9.98,,EC 219
2020-03-10 08:59:45.643,mijnomgeving,357518080495120,1583830785643,5.0,52.3336962,5.3128323,4.0,62121.0,25.0,4.18,9.0,215.0,357518080495120.0,32.0,0.0,1583830781.0,1493.0,9.72,,EC 303
2020-03-10 08:59:55.550,mijnomgeving,357518080495088,1583830795550,1.0,52.2261123,5.174267,5.0,7464.0,38.0,3.91,24.0,7.0,357518080495088.0,32.0,2.0,1583830792.0,0.0,22.59,2.934,EC 321
2020-03-10 08:59:58.531,mijnomgeving,357518080166960,1583830798531,49.0,52.7141068,6.8790949999999995,8.0,155759.0,-12.0,3.96,9.0,0.0,357518080166960.0,32.0,0.0,1583830801.0,542.0,9.89,,EC 232
2020-03-10 09:00:16.634,mijnomgeving,357518080495047,1583830816634,1.0,52.2267648,5.1737086,4.0,44118.0,-45.0,4.16,10.0,230.0,357518080495047.0,32.0,1.0,1583830814.0,132.0,11.04,,EC 322
2020-03-10 09:00:19.792,mijnomgeving,357518080166580,1583830819792,8.0,52.3604815,4.8156248999999995,5.0,14417.0,49.0,4.04,8.0,16.0,357518080166580.0,32.0,1.0,1583830817.0,662.0,9.36,,EC 224
2020-03-10 09:00:58.689,mijnomgeving,357518080495534,1583830858689,0.0,52.5328375,5.5930789,5.0,36917.0,-1.0,4.21,10.0,12.0,357518080495534.0,32.0,0.0,1583830853.0,2165.0,9.98,,EC 307
2020-03-10 09:00:58.775,mijnomgeving,357518080494826,1583830858775,1.0,52.226114,5.1747009,6.0,12618.0,36.0,4.17,11.0,14.0,357518080494826.0,32.0,0.0,1583830855.0,132.0,10.69,,EC 323
2020-03-10 09:01:03.863,mijnomgeving,357518080165475,1583830863863,2.0,52.372294,4.9249482,6.0,13185948.0,-28.0,4.12,8.0,34.0,357518080165475.0,1.0,0.0,1583830880.0,1308.0,9.36,,EC 201
2020-03-10 09:01:04.674,mijnomgeving,357518080495088,1583830864674,15.0,52.2259641,5.1741541,4.0,7529.0,58.0,3.91,24.0,23.0,357518080495088.0,32.0,0.0,1583830857.0,0.0,22.59,2.934,EC 321
2020-03-10 09:01:13.677,mijnomgeving,357518080495153,1583830873677,1.0,52.5789152,5.7568208,4.0,4518.0,-5.0,4.189999999999999,9.0,232.0,357518080495153.0,32.0,0.0,1583830870.0,2576.0,9.89,,EC 313
2020-03-10 09:01:52.801,mijnomgeving,357518080495088,1583830912801,1.0,52.2262974,5.1744695,5.0,7575.0,36.0,3.91,24.0,14.0,357518080495088.0,32.0,0.0,1583830903.0,0.0,22.59,2.934,EC 321
2020-03-10 09:02:02.334,mijnomgeving,357518080494982,1583830922334,1.0,52.2260921,5.1751242,6.0,8119.0,74.0,4.17,10.0,8.0,357518080494982.0,32.0,1.0,1583830918.0,132.0,10.95,,EC 326
2020-03-10 09:02:15.883,mijnomgeving,357518080497696,1583830935883,1.0,52.5175028,5.509136,5.0,39618.0,-12.0,4.17,9.0,237.0,357518080497696.0,32.0,0.0,1583830934.0,1039.0,10.24,,EC 319
2020-03-10 09:02:34.535,mijnomgeving,357518080163249,1583830954535,5.0,,,,9915.0,,4.17,10.0,,357518080163249.0,32.0,,1583830946.0,569.0,10.16,,EC 212
2020-03-10 09:02:54.929,mijnomgeving,357518080495088,1583830974929,10.0,52.2260634,5.1742531,5.0,7644.0,43.0,3.91,24.0,231.0,357518080495088.0,32.0,0.0,1583830972.0,0.0,22.59,2.934,EC 321
2020-03-10 09:03:03.143,mijnomgeving,357518080166887,1583830983143,6.0,52.3697783,4.9008106,7.0,11920555.0,-40.0,3.6,9.0,0.0,357518080166887.0,4.0,0.0,1583830980.0,40.0,12.62,,EC 200
2020-03-10 09:03:05.914,mijnomgeving,357518080495161,1583830985914,17.0,52.4997229,5.4527614,5.0,6441338.0,15.0,4.189999999999999,9.0,8.0,357518080495161.0,32.0,3.0,1583830995.0,951.0,9.89,,EC 315
2020-03-10 09:03:33.392,mijnomgeving,357518080164395,1583831013392,6.0,51.8983476,4.4232645,4.0,27016.0,12.0,4.03,8.0,238.0,357518080164395.0,32.0,0.0,1583831010.0,863.0,10.07,,EC 241
2020-03-10 09:03:37.821,mijnomgeving,357518080166663,1583831017821,27.0,51.8983413,4.4227503,10.0,104437.0,49.0,4.13,9.0,229.0,357518080166663.0,32.0,0.0,1583830451.0,803.0,9.8,,EC 243
2020-03-10 09:03:43.825,mijnomgeving,357518080166754,1583831023825,23.0,52.3538436,4.9248536,5.0,21060067.0,2.0,4.17,9.0,16.0,357518080166754.0,16.0,0.0,1583831030.0,1197.0,9.98,,EC 204
2020-03-10 09:03:43.912,mijnomgeving,357518080163173,1583831023912,16.0,52.7218826,6.819265,4.0,20726.0,2.0,3.96,8.0,0.0,357518080163173.0,32.0,0.0,1583831021.0,588.0,9.45,,EC 231
2020-03-10 09:03:50.983,mijnomgeving,357518080495088,1583831030983,6.0,52.2263366,5.174529,4.0,7700.0,13.0,3.91,24.0,11.0,357518080495088.0,32.0,0.0,1583831028.0,0.0,22.59,2.934,EC 321
2020-03-10 09:04:34.029,mijnomgeving,357518080495021,1583831074029,255.0,2.55e-05,2.55e-05,0.0,34338.0,0.0,3.94,15.0,0.0,357518080495021.0,32.0,0.0,1583831073.0,0.0,15.36,,EC 325
2020-03-10 09:05:30.128,mijnomgeving,357518080495088,1583831130128,44.0,52.2262926,5.1744184,6.0,7798.0,35.0,3.91,24.0,7.0,357518080495088.0,32.0,0.0,1583831126.0,0.0,22.59,2.934,EC 321
2020-03-10 09:06:41.253,mijnomgeving,357518080494859,1583831201253,15.0,52.5409615,5.5888291,8.0,38732.0,-6.0,4.16,9.0,229.0,357518080494859.0,32.0,0.0,1583831199.0,1898.0,9.98,,EC 302
2020-03-10 09:06:46.188,mijnomgeving,357518080495088,1583831206188,1.0,52.2263363,5.1744358,6.0,7875.0,25.0,3.91,24.0,6.0,357518080495088.0,32.0,1.0,1583831203.0,0.0,22.59,2.934,EC 321
2020-03-10 09:06:49.358,mijnomgeving,357518080328131,1583831209358,22.0,52.3870626,4.9174181,6.0,56732.0,-9.0,3.8200000000000003,9.0,245.0,357518080328131.0,32.0,0.0,1583831209.0,51.0,10.86,,EC 230
2020-03-10 09:07:17.334,mijnomgeving,357518080494818,1583831237334,16.0,52.808855,5.7452317,7.0,58.0,-28.0,4.23,10.0,1.0,357518080494818.0,32.0,1.0,1583831233.0,1624.0,10.42,,EC 309
2020-03-10 09:07:19.745,mijnomgeving,357518080332257,1583831239745,7.0,51.8983121,4.4231697,4.0,46817.0,-23.0,4.09,8.0,0.0,357518080332257.0,32.0,0.0,1583831237.0,582.0,9.8,,EC 240
2020-03-10 09:07:42.430,mijnomgeving,357518080494834,1583831262430,1.0,52.4256795,5.4208505,5.0,218718.0,-15.0,4.11,9.0,28.0,357518080494834.0,32.0,0.0,1583831265.0,1406.0,10.6,,EC 314
2020-03-10 09:07:45.367,mijnomgeving,357518080495088,1583831265367,1.0,52.2263142,5.1744105,6.0,7935.0,26.0,3.91,24.0,7.0,357518080495088.0,32.0,0.0,1583831263.0,0.0,22.59,2.934,EC 321
2020-03-10 09:08:02.183,mijnomgeving,357518080170889,1583831282183,7.0,52.0145577,4.2946832,5.0,108916.0,37.0,4.189999999999999,7.0,209.0,357518080170889.0,32.0,20.0,1583831282.0,539.0,11.66,,EC 236
2020-03-10 09:08:09.402,mijnomgeving,357518080171390,1583831289402,31.0,52.0319366,5.3035863,7.0,21690967.0,-4.0,4.17,9.0,240.0,357518080171390.0,64.0,0.0,1583831297.0,820.0,10.16,,EC 202
2020-03-10 09:08:24.747,mijnomgeving,357518080330764,1583831304747,21.0,51.8210301,4.6109828,5.0,39630.0,3.0,3.94,9.0,0.0,357518080330764.0,32.0,0.0,1583831296.0,313.0,10.6,,EC 244
2020-03-10 09:08:26.147,mijnomgeving,357518080332265,1583831306147,6.0,52.392365,4.9373601,4.0,33316.0,54.0,3.7,9.0,14.0,357518080332265.0,32.0,0.0,1583831286.0,1523.0,10.16,,EC 221
2020-03-10 09:08:40.442,mijnomgeving,357518080495187,1583831320442,14.0,52.6352884,5.8235699,7.0,238530.0,-5.0,4.24,11.0,229.0,357518080495187.0,32.0,0.0,1583831330.0,594.0,9.89,,EC 304
2020-03-10 09:08:54.397,mijnomgeving,357518080495088,1583831334397,1.0,52.2262008,5.1743974,6.0,8004.0,26.0,3.91,24.0,4.0,357518080495088.0,32.0,0.0,1583831332.0,0.0,22.59,2.934,EC 321
2020-03-10 09:09:01.590,mijnomgeving,357518080166663,1583831341590,2.0,51.8982081,4.4232631,4.0,105312.0,13.0,4.12,9.0,0.0,357518080166663.0,32.0,0.0,1583831326.0,805.0,9.8,,EC 243
2020-03-10 09:09:26.519,mijnomgeving,357518080169006,1583831366519,2.0,,,,1812.0,,3.64,9.0,,357518080169006.0,32.0,,1583831363.0,856.0,10.42,,EC 213
2020-03-10 09:09:35.881,mijnomgeving,357518080495146,1583831375881,2.0,52.3868214,5.3122057,4.0,12619.0,29.0,4.17,10.0,245.0,357518080495146.0,32.0,0.0,1583831373.0,1671.0,10.07,,EC 317
2020-03-10 09:09:45.812,mijnomgeving,357518080495088,1583831385812,1.0,52.2262049,5.1744128,7.0,8055.0,22.0,3.91,24.0,14.0,357518080495088.0,32.0,0.0,1583831383.0,0.0,22.59,2.934,EC 321
2020-03-10 09:09:51.819,mijnomgeving,357518080495070,1583831391819,25.0,52.2261176,5.1743528,9.0,5443.0,2.0,4.04,23.0,7.0,357518080495070.0,32.0,0.0,1583831385.0,0.0,22.23,,EC 320
2020-03-10 09:09:57.809,mijnomgeving,357518080495112,1583831397809,9.0,52.8369105,5.7148426,4.0,83726.0,14.0,4.21,9.0,240.0,357518080495112.0,32.0,1.0,1583831398.0,1745.0,10.24,,EC 306
2020-03-10 09:10:10.867,mijnomgeving,357518080494875,1583831410867,27.0,52.6578372,5.6149127,7.0,42344.0,-6.0,4.189999999999999,9.0,229.0,357518080494875.0,32.0,0.0,1583831409.0,1861.0,10.16,,EC 311
2020-03-10 09:10:32.938,mijnomgeving,357518080494909,1583831432938,1.0,52.2261352,5.1748373,4.0,414018.0,32.0,4.16,8.0,236.0,357518080494909.0,32.0,0.0,1583831450.0,127.0,11.04,,EC 329
2020-03-10 09:10:38.901,mijnomgeving,357518080495526,1583831438901,1.0,52.2261765,5.1746653,7.0,8118.0,11.0,4.15,9.0,247.0,357518080495526.0,32.0,0.0,1583831435.0,135.0,10.86,,EC 327
2020-03-10 09:10:45.903,mijnomgeving,357518080495088,1583831445903,1.0,52.2262059,5.1744844,7.0,8115.0,15.0,3.91,24.0,4.0,357518080495088.0,32.0,0.0,1583831443.0,0.0,22.59,2.934,EC 321
2020-03-10 09:11:19.244,mijnomgeving,357518080167000,1583831479244,2.0,52.1739839,5.0358993,5.0,117013.0,-10.0,4.13,8.0,51.0,357518080167000.0,32.0,0.0,1583831481.0,619.0,9.36,,EC 228
2020-03-10 09:11:41.068,mijnomgeving,357518080497423,1583831501068,0.0,52.5226981,5.5904871,4.0,318618.0,26.0,4.17,10.0,233.0,357518080497423.0,32.0,1.0,1583831497.0,2145.0,10.24,,EC 318
2020-03-10 09:11:41.086,mijnomgeving,357518080494768,1583831501086,1.0,52.4167325,5.2263635,5.0,126918.0,-16.0,4.21,10.0,8.0,357518080494768.0,32.0,0.0,1583831494.0,1260.0,9.89,,EC 305
2020-03-10 09:11:41.120,mijnomgeving,357518080495203,1583831501120,14.0,52.2262879,5.1747029,6.0,162031.0,12.0,4.17,10.0,244.0,357518080495203.0,32.0,0.0,1583831504.0,129.0,11.3,,EC 324
2020-03-10 09:11:51.892,mijnomgeving,357518080168917,1583831511892,1.0,52.3404774,4.925763,5.0,21682865.0,30.0,4.0,8.0,7.0,357518080168917.0,16.0,0.0,1583831518.0,51.0,12.01,,EC 209
2020-03-10 09:11:54.984,mijnomgeving,357518080495088,1583831514984,1.0,52.2261953,5.1744704,6.0,8184.0,23.0,3.91,24.0,0.0,357518080495088.0,32.0,0.0,1583831512.0,0.0,22.59,2.934,EC 321
2020-03-10 09:12:17.094,mijnomgeving,357518080203151,1583831537094,21.0,52.4208171,4.8604101,4.0,21654955.0,-23.0,4.16,9.0,0.0,357518080203151.0,16.0,0.0,1583831509.0,79.0,9.89,,EC Prototype 001
2020-03-10 09:12:47.094,mijnomgeving,357518080494776,1583831567094,1.0,52.2260911,5.1747461,6.0,20718.0,16.0,4.16,9.0,31.0,357518080494776.0,32.0,0.0,1583831564.0,136.0,11.04,,EC 330
2020-03-10 09:12:50.029,mijnomgeving,357518080497662,1583831570029,0.0,52.2261099,5.1746599,4.0,12617.0,22.0,4.21,10.0,6.0,357518080497662.0,32.0,0.0,1583831566.0,137.0,11.13,,EC 328
2020-03-10 09:12:56.028,mijnomgeving,357518080495088,1583831576028,1.0,52.2264329,5.1745451,5.0,8244.0,50.0,3.91,24.0,8.0,357518080495088.0,32.0,11.0,1583831572.0,0.0,22.59,2.934,EC 321
2020-03-10 09:12:59.034,mijnomgeving,357518080497639,1583831579034,1.0,52.6591724,5.6608912,4.0,31518.0,-12.0,4.2,9.0,6.0,357518080497639.0,32.0,0.0,1583831576.0,2186.0,10.24,,EC 308
2020-03-10 09:13:24.103,mijnomgeving,357518080495104,1583831604103,0.0,52.3375621,5.5371642,4.0,99917.0,-9.0,4.12,11.0,52.0,357518080495104.0,32.0,0.0,1583831605.0,774.0,10.6,,EC 312
2020-03-10 09:13:39.939,mijnomgeving,357518080163405,1583831619939,30.0,52.3727648,4.9160721,6.0,36040.0,8.0,4.14,8.0,10.0,357518080163405.0,32.0,0.0,1583831617.0,1687.0,9.72,,EC 226
2020-03-10 09:13:45.110,mijnomgeving,357518080495682,1583831625110,0.0,52.5496845,5.5883066,5.0,60318.0,-38.0,4.189999999999999,10.0,16.0,357518080495682.0,32.0,0.0,1583831620.0,1755.0,10.16,,EC 316
2020-03-10 09:13:45.181,mijnomgeving,357518080495088,1583831625181,1.0,52.2262631,5.1743536,6.0,8295.0,23.0,3.91,24.0,19.0,357518080495088.0,32.0,0.0,1583831623.0,1.0,22.59,2.934,EC 321
2020-03-10 09:13:56.875,mijnomgeving,357518080330582,1583831636875,11.0,52.3730075,4.9460223,5.0,14421.0,18.0,4.11,10.0,7.0,357518080330582.0,32.0,0.0,1583831635.0,1702.0,9.98,,EC 219
2020-03-10 09:14:48.187,mijnomgeving,357518080495120,1583831688187,10.0,52.3336123,5.3130709,6.0,63028.0,7.0,4.18,10.0,246.0,357518080495120.0,32.0,0.0,1583831687.0,1494.0,9.72,,EC 303
2020-03-10 09:14:52.542,mijnomgeving,357518080166960,1583831692542,43.0,52.7138193,6.8788827999999995,9.0,156653.0,13.0,3.96,10.0,50.0,357518080166960.0,32.0,0.0,1583831695.0,542.0,9.89,,EC 232
2020-03-10 09:14:57.166,mijnomgeving,357518080495088,1583831697166,1.0,52.2261181,5.1744546,6.0,8364.0,23.0,3.91,24.0,234.0,357518080495088.0,32.0,0.0,1583831692.0,0.0,22.59,2.934,EC 321
2020-03-10 09:15:26.836,mijnomgeving,357518080166580,1583831726836,10.0,52.3603454,4.8156606,4.0,15319.0,-3.0,4.04,8.0,54.0,357518080166580.0,32.0,0.0,1583831719.0,664.0,9.36,,EC 224
2020-03-10 09:15:39.255,mijnomgeving,357518080495047,1583831739255,24.0,52.2262089,5.1746175,5.0,45041.0,27.0,4.17,10.0,219.0,357518080495047.0,32.0,0.0,1583831737.0,131.0,11.13,,EC 322
2020-03-10 09:15:46.196,mijnomgeving,357518080495088,1583831746196,1.0,52.2264524,5.1744662,6.0,8415.0,41.0,3.91,24.0,10.0,357518080495088.0,32.0,1.0,1583831743.0,0.0,22.67,2.934,EC 321
2020-03-10 09:15:59.442,mijnomgeving,357518080494826,1583831759442,1.0,52.2260506,5.1746633,5.0,13518.0,22.0,4.18,11.0,4.0,357518080494826.0,32.0,0.0,1583831755.0,132.0,10.77,,EC 323
2020-03-10 09:16:03.767,mijnomgeving,357518080165475,1583831763767,2.0,52.3720041,4.9252579,6.0,13186848.0,9.0,4.12,8.0,250.0,357518080165475.0,1.0,1.0,1583831780.0,1375.0,9.45,,EC 201
2020-03-10 09:16:12.235,mijnomgeving,357518080495153,1583831772235,0.0,52.5791604,5.7567772,4.0,5417.0,0.0,4.189999999999999,9.0,232.0,357518080495153.0,32.0,3.0,1583831769.0,2588.0,9.89,,EC 313
2020-03-10 09:16:13.205,mijnomgeving,357518080495534,1583831773205,16.0,52.532653,5.5931038,7.0,37833.0,0.0,4.21,11.0,6.0,357518080495534.0,32.0,0.0,1583831769.0,2161.0,9.98,,EC 307
2020-03-10 09:16:48.313,mijnomgeving,357518080495088,1583831808313,1.0,52.2261512,5.1744325,6.0,8475.0,29.0,3.91,24.0,236.0,357518080495088.0,32.0,0.0,1583831803.0,0.0,22.59,2.934,EC 321
2020-03-10 09:17:06.271,mijnomgeving,357518080494982,1583831826271,6.0,52.2261588,5.1745445,5.0,9024.0,2.0,4.17,10.0,212.0,357518080494982.0,32.0,0.0,1583831823.0,132.0,11.04,,EC 326
2020-03-10 09:17:16.294,mijnomgeving,357518080497696,1583831836294,1.0,52.517056,5.5095209,4.0,40518.0,22.0,4.17,9.0,234.0,357518080497696.0,32.0,1.0,1583831834.0,1040.0,10.24,,EC 319
2020-03-10 09:17:48.284,mijnomgeving,357518080163249,1583831868284,25.0,,,,10834.0,,4.17,11.0,,357518080163249.0,32.0,,1583831865.0,586.0,10.16,,EC 212
2020-03-10 09:17:55.492,mijnomgeving,357518080495088,1583831875492,1.0,52.2262121,5.1744004,6.0,8544.0,21.0,3.91,24.0,8.0,357518080495088.0,32.0,0.0,1583831872.0,0.0,22.67,2.934,EC 321
2020-03-10 09:18:09.239,mijnomgeving,357518080166887,1583831889239,9.0,52.3703711,4.9010138,7.0,11921458.0,30.0,3.6,9.0,0.0,357518080166887.0,4.0,0.0,1583831883.0,42.0,12.71,,EC 200
2020-03-10 09:18:13.541,mijnomgeving,357518080495161,1583831893541,21.0,52.4996842,5.4528762,4.0,6442242.0,5.0,4.189999999999999,10.0,0.0,357518080495161.0,32.0,0.0,1583831899.0,952.0,9.89,,EC 315
2020-03-10 09:18:23.803,mijnomgeving,357518080166754,1583831903803,3.0,52.3539082,4.9249023,4.0,21060947.0,-16.0,4.17,9.0,21.0,357518080166754.0,16.0,0.0,1583831910.0,1198.0,9.98,,EC 204
2020-03-10 09:18:32.712,mijnomgeving,357518080164395,1583831912712,5.0,51.8981565,4.4230971,4.0,27915.0,-6.0,4.03,8.0,52.0,357518080164395.0,32.0,0.0,1583831910.0,862.0,10.07,,EC 241
2020-03-10 09:18:45.645,mijnomgeving,357518080163173,1583831925645,18.0,52.7219215,6.8191558,4.0,21628.0,-25.0,3.96,8.0,243.0,357518080163173.0,32.0,0.0,1583831923.0,585.0,9.45,,EC 231
2020-03-10 09:18:55.543,mijnomgeving,357518080495088,1583831935543,1.0,52.2262603,5.1744411,6.0,8604.0,30.0,3.91,24.0,8.0,357518080495088.0,32.0,0.0,1583831932.0,0.0,22.59,2.934,EC 321
2020-03-10 09:19:42.635,mijnomgeving,357518080495021,1583831982635,255.0,2.55e-05,2.55e-05,0.0,35237.0,0.0,3.94,15.0,0.0,357518080495021.0,32.0,0.0,1583831972.0,2.0,15.45,,EC 325
2020-03-10 09:19:45.588,mijnomgeving,357518080495088,1583831985588,1.0,52.2261149,5.1744599000000004,7.0,8655.0,22.0,3.91,24.0,7.0,357518080495088.0,32.0,0.0,1583831983.0,0.0,22.67,2.934,EC 321
2020-03-10 09:20:46.776,mijnomgeving,357518080495088,1583832046776,1.0,52.2261128,5.1744496,6.0,8715.0,20.0,3.91,24.0,220.0,357518080495088.0,32.0,0.0,1583832043.0,0.0,22.67,2.934,EC 321
2020-03-10 09:21:26.791,mijnomgeving,357518080494859,1583832086791,1.0,52.5409594,5.5888394,7.0,39618.0,-4.0,4.16,9.0,198.0,357518080494859.0,32.0,0.0,1583832085.0,1895.0,9.98,,EC 302
2020-03-10 09:21:37.792,mijnomgeving,357518080494818,1583832097792,0.0,52.8090031,5.745173,7.0,918.0,-21.0,4.22,9.0,21.0,357518080494818.0,32.0,0.0,1583832093.0,1629.0,10.42,,EC 309
2020-03-10 09:21:42.099,mijnomgeving,357518080328131,1583832102099,6.0,52.3869063,4.9174934,6.0,57625.0,3.0,3.8200000000000003,9.0,247.0,357518080328131.0,32.0,0.0,1583832102.0,53.0,10.95,,EC 230
2020-03-10 09:21:46.767,mijnomgeving,357518080495088,1583832106767,1.0,52.2261645,5.1744168,6.0,8775.0,15.0,3.91,24.0,0.0,357518080495088.0,32.0,0.0,1583832103.0,0.0,22.67,2.934,EC 321
2020-03-10 09:22:16.451,mijnomgeving,357518080332257,1583832136451,4.0,51.8981367,4.4232256,4.0,47714.0,-21.0,4.09,8.0,15.0,357518080332257.0,32.0,1.0,1583832134.0,531.0,9.8,,EC 240
2020-03-10 09:22:40.446,mijnomgeving,357518080171390,1583832160446,2.0,52.0318477,5.3037041,6.0,21691838.0,21.0,4.17,9.0,0.0,357518080171390.0,64.0,0.0,1583832168.0,819.0,10.24,,EC 202
2020-03-10 09:22:46.415,mijnomgeving,357518080494834,1583832166415,0.0,52.4258668,5.4209275,5.0,219618.0,-39.0,4.11,10.0,0.0,357518080494834.0,32.0,0.0,1583832165.0,1399.0,10.6,,EC 314
2020-03-10 09:22:46.486,mijnomgeving,357518080495088,1583832166486,1.0,52.2262204,5.174474,7.0,8835.0,28.0,3.91,24.0,10.0,357518080495088.0,32.0,0.0,1583832163.0,1.0,22.67,2.934,EC 321
2020-03-10 09:23:07.643,mijnomgeving,357518080170889,1583832187643,4.0,52.0145368,4.2954632,5.0,109813.0,-1.0,4.18,7.0,0.0,357518080170889.0,32.0,0.0,1583832179.0,545.0,11.74,,EC 236
2020-03-10 09:23:09.264,mijnomgeving,357518080330764,1583832189264,12.0,51.8210808,4.6110397,4.0,40522.0,6.0,3.94,9.0,1.0,357518080330764.0,32.0,0.0,1583832188.0,314.0,10.69,,EC 244
2020-03-10 09:23:13.895,mijnomgeving,357518080332265,1583832193895,12.0,52.392345,4.9374751,4.0,34222.0,25.0,3.71,9.0,0.0,357518080332265.0,32.0,0.0,1583832192.0,1525.0,10.16,,EC 221
2020-03-10 09:23:27.481,mijnomgeving,357518080495187,1583832207481,1.0,52.6353299,5.8236638,6.0,239417.0,-11.0,4.24,11.0,198.0,357518080495187.0,32.0,0.0,1583832217.0,592.0,9.89,,EC 304
2020-03-10 09:23:45.260,mijnomgeving,357518080166663,1583832225260,2.0,51.8981343,4.4234248,5.0,106212.0,-26.0,4.12,8.0,0.0,357518080166663.0,32.0,0.0,1583832226.0,719.0,9.8,,EC 243
2020-03-10 09:23:55.466,mijnomgeving,357518080495088,1583832235466,1.0,52.2263231,5.1744087,7.0,8904.0,17.0,3.91,24.0,40.0,357518080495088.0,32.0,0.0,1583832232.0,0.0,22.67,2.934,EC 321
2020-03-10 09:24:23.875,mijnomgeving,357518080495070,1583832263875,0.0,52.2261309,5.1743177,9.0,6318.0,-13.0,4.04,23.0,11.0,357518080495070.0,32.0,0.0,1583832261.0,0.0,22.23,,EC 320
2020-03-10 09:24:26.386,mijnomgeving,357518080169006,1583832266386,2.0,,,,2712.0,,3.64,9.0,,357518080169006.0,32.0,,1583832264.0,845.0,10.51,,EC 213
2020-03-10 09:24:34.793,mijnomgeving,357518080495146,1583832274793,0.0,52.3870446,5.3121184,4.0,13518.0,-5.0,4.17,10.0,252.0,357518080495146.0,32.0,0.0,1583832272.0,1671.0,10.16,,EC 317
2020-03-10 09:24:45.792,mijnomgeving,357518080494875,1583832285792,1.0,52.6578713,5.6142308,7.0,43218.0,64.0,4.189999999999999,9.0,221.0,357518080494875.0,32.0,0.0,1583832283.0,1860.0,10.16,,EC 311
2020-03-10 09:24:45.855,mijnomgeving,357518080495088,1583832285855,1.0,52.2261955,5.1744324,7.0,8955.0,20.0,3.91,24.0,12.0,357518080495088.0,32.0,0.0,1583832283.0,0.0,22.67,2.934,EC 321
2020-03-10 09:25:09.833,mijnomgeving,357518080495112,1583832309833,22.0,52.8375338,5.7139238,6.0,84639.0,-24.0,4.21,9.0,227.0,357518080495112.0,32.0,0.0,1583832311.0,1744.0,10.24,,EC 306
2020-03-10 09:25:40.887,mijnomgeving,357518080495526,1583832340887,1.0,52.2262189,5.1746849,7.0,9018.0,-3.0,4.15,9.0,199.0,357518080495526.0,32.0,0.0,1583832335.0,133.0,10.95,,EC 327
2020-03-10 09:25:46.839,mijnomgeving,357518080495088,1583832346839,1.0,52.2262298,5.1744697,5.0,9015.0,6.0,3.91,24.0,24.0,357518080495088.0,32.0,0.0,1583832343.0,0.0,22.67,2.934,EC 321
2020-03-10 09:25:57.865,mijnomgeving,357518080494909,1583832357865,17.0,52.2261067,5.1747951,8.0,414943.0,25.0,4.17,8.0,231.0,357518080494909.0,32.0,0.0,1583832375.0,123.0,11.21,,EC 329
2020-03-10 09:26:25.494,mijnomgeving,357518080167000,1583832385494,8.0,52.1740917,5.0360466,5.0,117919.0,8.0,4.13,8.0,41.0,357518080167000.0,32.0,0.0,1583832387.0,619.0,9.36,,EC 228
2020-03-10 09:26:27.958,mijnomgeving,357518080495203,1583832387958,1.0,52.2261189,5.1746746,6.0,162918.0,31.0,4.17,10.0,25.0,357518080495203.0,32.0,0.0,1583832391.0,129.0,11.39,,EC 324
2020-03-10 09:26:32.405,mijnomgeving,357518080203151,1583832392405,5.0,52.4209559,4.860362,5.0,21655839.0,12.0,4.16,8.0,48.0,357518080203151.0,16.0,0.0,1583832393.0,79.0,9.89,,EC Prototype 001
2020-03-10 09:26:33.894,mijnomgeving,357518080494768,1583832393894,1.0,52.4166056,5.2263568,5.0,127818.0,11.0,4.21,10.0,234.0,357518080494768.0,32.0,0.0,1583832394.0,1354.0,9.98,,EC 305
2020-03-10 09:26:43.928,mijnomgeving,357518080497423,1583832403928,17.0,52.5230152,5.5902044,7.0,319534.0,-22.0,4.17,11.0,229.0,357518080497423.0,32.0,0.0,1583832412.0,2149.0,10.16,,EC 318
2020-03-10 09:26:46.889,mijnomgeving,357518080495088,1583832406889,1.0,52.2261353,5.1743582,6.0,9075.0,21.0,3.91,24.0,21.0,357518080495088.0,32.0,0.0,1583832403.0,0.0,22.59,2.934,EC 321
2020-03-10 09:26:52.919,mijnomgeving,357518080168917,1583832412919,2.0,52.3406097,4.9259605,4.0,21683766.0,38.0,4.0,8.0,0.0,357518080168917.0,16.0,0.0,1583832419.0,51.0,12.1,,EC 209
2020-03-10 09:27:16.968,mijnomgeving,357518080495526,1583832436968,0.0,52.2262093,5.1747016,9.0,41.0,-2.0,4.16,11.0,244.0,357518080495526.0,32.0,0.0,1583832430.0,132.0,11.04,,EC 327
2020-03-10 09:27:54.958,mijnomgeving,357518080495088,1583832474958,1.0,52.2262515,5.1743565,7.0,9144.0,12.0,3.91,24.0,231.0,357518080495088.0,32.0,0.0,1583832472.0,0.0,22.67,2.934,EC 321
2020-03-10 09:27:59.035,mijnomgeving,357518080494776,1583832479035,1.0,52.225958,5.1747633,6.0,21628.0,35.0,4.16,9.0,24.0,357518080494776.0,32.0,0.0,1583832474.0,135.0,11.04,,EC 330
2020-03-10 09:27:59.081,mijnomgeving,357518080497639,1583832479081,1.0,52.6591539,5.6609407,4.0,32418.0,-10.0,4.2,9.0,53.0,357518080497639.0,32.0,0.0,1583832476.0,2185.0,10.24,,EC 308
2020-03-10 09:27:59.158,mijnomgeving,357518080497662,1583832479158,0.0,52.2262032,5.1745732,4.0,13527.0,15.0,4.21,10.0,238.0,357518080497662.0,32.0,0.0,1583832476.0,137.0,11.3,,EC 328
2020-03-10 09:28:14.359,mijnomgeving,357518080163405,1583832494359,4.0,52.3733099,4.9155451,6.0,36915.0,-37.0,4.14,8.0,238.0,357518080163405.0,32.0,1.0,1583832492.0,1683.0,9.72,,EC 226
2020-03-10 09:28:41.102,mijnomgeving,357518080495104,1583832521102,17.0,52.3373262,5.5374898,6.0,100833.0,-9.0,4.12,11.0,48.0,357518080495104.0,32.0,0.0,1583832521.0,764.0,10.6,,EC 312
2020-03-10 09:28:47.057,mijnomgeving,357518080495682,1583832527057,2.0,52.550076,5.5885646,5.0,61220.0,-88.0,4.2,10.0,12.0,357518080495682.0,32.0,0.0,1583832522.0,1711.0,10.16,,EC 316
2020-03-10 09:28:49.485,mijnomgeving,357518080330582,1583832529485,4.0,52.3733494,4.9460733999999995,5.0,15314.0,5.0,4.11,10.0,234.0,357518080330582.0,32.0,1.0,1583832528.0,1706.0,9.98,,EC 219
2020-03-10 09:28:58.075,mijnomgeving,357518080495088,1583832538075,1.0,52.2261318,5.1743661,6.0,9204.0,25.0,3.91,24.0,7.0,357518080495088.0,32.0,0.0,1583832532.0,0.0,22.67,2.934,EC 321
2020-03-10 09:29:25.827,mijnomgeving,357518080166960,1583832565827,17.0,52.7139634,6.8788029,7.0,157527.0,3.0,3.96,9.0,0.0,357518080166960.0,32.0,0.0,1583832569.0,541.0,9.89,,EC 232
2020-03-10 09:29:38.143,mijnomgeving,357518080495120,1583832578143,1.0,52.333677,5.3128901,6.0,63918.0,0.0,4.18,10.0,9.0,357518080495120.0,32.0,0.0,1583832577.0,1490.0,9.8,,EC 303
2020-03-10 09:29:55.120,mijnomgeving,357518080495088,1583832595120,1.0,52.2262095,5.1742342,6.0,9264.0,24.0,3.91,24.0,28.0,357518080495088.0,32.0,0.0,1583832592.0,0.0,22.67,2.934,EC 321
2020-03-10 09:30:16.206,mijnomgeving,357518080495047,1583832616206,1.0,52.2261953,5.1746921,5.0,45918.0,27.0,4.17,10.0,30.0,357518080495047.0,32.0,0.0,1583832614.0,130.0,11.21,,EC 322
2020-03-10 09:30:19.139,mijnomgeving,357518080166580,1583832619139,7.0,52.3604027,4.8155097,4.0,16216.0,-4.0,4.05,8.0,25.0,357518080166580.0,32.0,0.0,1583832616.0,664.0,9.36,,EC 224
2020-03-10 09:30:46.249,mijnomgeving,357518080495088,1583832646249,1.0,52.2260514,5.174255,7.0,9315.0,38.0,3.91,24.0,8.0,357518080495088.0,32.0,0.0,1583832643.0,0.0,22.67,2.934,EC 321
2020-03-10 09:30:57.190,mijnomgeving,357518080495534,1583832657190,0.0,52.5326618,5.5930918,8.0,38717.0,-6.0,4.21,11.0,253.0,357518080495534.0,32.0,0.0,1583832653.0,2154.0,10.07,,EC 307
2020-03-10 09:30:58.181,mijnomgeving,357518080494826,1583832658181,1.0,52.226034,5.1747355,5.0,14418.0,37.0,4.18,11.0,218.0,357518080494826.0,32.0,0.0,1583832655.0,130.0,10.86,,EC 323
2020-03-10 09:31:02.918,mijnomgeving,357518080165475,1583832662918,1.0,52.3722209,4.9252898,5.0,13187747.0,24.0,4.12,8.0,22.0,357518080165475.0,1.0,0.0,1583832679.0,1337.0,9.45,,EC 201
2020-03-10 09:31:24.239,mijnomgeving,357518080495153,1583832684239,12.0,52.5792523,5.756428,4.0,6329.0,-27.0,4.189999999999999,10.0,231.0,357518080495153.0,32.0,1.0,1583832681.0,2581.0,9.89,,EC 313
2020-03-10 09:31:45.306,mijnomgeving,357518080495088,1583832705306,1.0,52.2263569,5.1741621,6.0,9375.0,50.0,3.91,24.0,9.0,357518080495088.0,32.0,0.0,1583832703.0,0.0,22.67,2.934,EC 321
2020-03-10 09:32:15.320,mijnomgeving,357518080497696,1583832735320,1.0,52.5173314,5.5093591,4.0,41418.0,-5.0,4.17,9.0,225.0,357518080497696.0,32.0,0.0,1583832734.0,1039.0,10.24,,EC 319
2020-03-10 09:32:18.383,mijnomgeving,357518080494982,1583832738383,18.0,52.2261745,5.1746299,6.0,9936.0,5.0,4.17,10.0,222.0,357518080494982.0,32.0,0.0,1583832735.0,134.0,11.13,,EC 326
2020-03-10 09:32:32.682,mijnomgeving,357518080163249,1583832752682,4.0,,,,11713.0,,4.16,10.0,,357518080163249.0,32.0,,1583832744.0,580.0,10.24,,EC 212
2020-03-10 09:32:46.506,mijnomgeving,357518080495088,1583832766506,1.0,52.2259599,5.1741888,7.0,9435.0,32.0,3.91,24.0,10.0,357518080495088.0,32.0,0.0,1583832763.0,0.0,22.76,2.934,EC 321
2020-03-10 09:32:52.864,mijnomgeving,357518080495161,1583832772864,2.0,52.4997485,5.4525921,4.0,6443123.0,-35.0,4.189999999999999,9.0,15.0,357518080495161.0,32.0,1.0,1583832780.0,948.0,9.89,,EC 315
2020-03-10 09:33:00.090,mijnomgeving,357518080166887,1583832780090,3.0,52.3701809,4.9009409,7.0,11922352.0,4.0,3.6,9.0,0.0,357518080166887.0,4.0,0.0,1583832777.0,45.0,12.89,,EC 200
2020-03-10 09:33:20.515,mijnomgeving,357518080166754,1583832800515,2.0,52.3538919,4.9248801,5.0,21061846.0,-10.0,4.18,9.0,0.0,357518080166754.0,16.0,0.0,1583832809.0,1209.0,9.98,,EC 204
2020-03-10 09:33:35.745,mijnomgeving,357518080164395,1583832815745,7.0,51.898036,4.4230234,4.0,28817.0,-37.0,4.04,8.0,22.0,357518080164395.0,32.0,0.0,1583832812.0,862.0,10.07,,EC 241
2020-03-10 09:33:47.613,mijnomgeving,357518080495088,1583832827613,1.0,52.2260645,5.1742664,6.0,9495.0,33.0,3.91,24.0,250.0,357518080495088.0,32.0,0.0,1583832823.0,0.0,22.76,2.934,EC 321
2020-03-10 09:33:49.643,mijnomgeving,357518080163173,1583832829643,22.0,52.7221004,6.8181581,5.0,22532.0,-102.0,3.96,8.0,240.0,357518080163173.0,32.0,0.0,1583832827.0,582.0,9.45,,EC 231
2020-03-10 09:34:18.603,mijnomgeving,357518080495021,1583832858603,97.0,53.1562653,7.0202211,4.0,36115.0,18.0,3.94,15.0,199.0,357518080495021.0,32.0,2.0,1583832850.0,0.0,15.45,,EC 325
2020-03-10 09:34:48.659,mijnomgeving,357518080495088,1583832888659,1.0,52.2261264,5.1741157,6.0,9555.0,38.0,3.91,24.0,0.0,357518080495088.0,32.0,0.0,1583832883.0,0.0,22.76,2.934,EC 321
2020-03-10 09:35:45.704,mijnomgeving,357518080495088,1583832945704,1.0,52.2258724,5.1742607,6.0,9615.0,35.0,3.91,24.0,2.0,357518080495088.0,32.0,0.0,1583832943.0,0.0,22.76,2.934,EC 321
2020-03-10 09:36:26.809,mijnomgeving,357518080494859,1583832986809,1.0,52.5409543,5.5888311999999996,7.0,40518.0,-6.0,4.16,9.0,246.0,357518080494859.0,32.0,0.0,1583832985.0,1889.0,9.98,,EC 302
2020-03-10 09:36:32.507,mijnomgeving,357518080328131,1583832992507,5.0,52.3873195,4.9171637,5.0,58515.0,-43.0,3.8200000000000003,9.0,0.0,357518080328131.0,32.0,0.0,1583832992.0,51.0,11.04,,EC 230
2020-03-10 09:36:37.800,mijnomgeving,357518080494818,1583832997800,0.0,52.8091636,5.7453115,7.0,1818.0,-4.0,4.22,9.0,4.0,357518080494818.0,32.0,0.0,1583832993.0,1633.0,10.42,,EC 309
2020-03-10 09:36:54.823,mijnomgeving,357518080495088,1583833014823,1.0,52.2262201,5.174218,6.0,9684.0,46.0,3.91,24.0,0.0,357518080495088.0,32.0,0.0,1583833012.0,0.0,22.76,2.934,EC 321
2020-03-10 09:37:29.627,mijnomgeving,357518080332257,1583833049627,3.0,51.8982075,4.4236274,4.0,48612.0,32.0,4.09,8.0,0.0,357518080332257.0,32.0,0.0,1583833032.0,544.0,9.8,,EC 240
2020-03-10 09:37:41.576,mijnomgeving,357518080171390,1583833061576,3.0,52.0318298,5.3037054,6.0,21692739.0,7.0,4.17,9.0,0.0,357518080171390.0,64.0,0.0,1583833069.0,823.0,10.24,,EC 202
2020-03-10 09:37:48.954,mijnomgeving,357518080494834,1583833068954,13.0,52.4256533,5.4208877,6.0,220529.0,-23.0,4.11,10.0,24.0,357518080494834.0,32.0,0.0,1583833076.0,1371.0,10.6,,EC 314
2020-03-10 09:37:55.835,mijnomgeving,357518080495088,1583833075835,1.0,52.2261457,5.1742908,6.0,9744.0,30.0,3.91,24.0,8.0,357518080495088.0,32.0,0.0,1583833072.0,0.0,22.76,2.934,EC 321
2020-03-10 09:38:01.763,mijnomgeving,357518080170889,1583833081763,7.0,52.0144768,4.2949332,5.0,110716.0,17.0,4.189999999999999,7.0,57.0,357518080170889.0,32.0,0.0,1583833082.0,647.0,11.83,,EC 236
2020-03-10 09:38:06.441,mijnomgeving,357518080330764,1583833086441,9.0,51.8211234,4.6109483,4.0,41419.0,16.0,3.94,9.0,12.0,357518080330764.0,32.0,0.0,1583833084.0,319.0,10.77,,EC 244
2020-03-10 09:38:19.083,mijnomgeving,357518080332265,1583833099083,16.0,52.3921307,4.9374292,6.0,35126.0,5.0,3.7,9.0,0.0,357518080332265.0,32.0,0.0,1583833096.0,1532.0,10.16,,EC 221
2020-03-10 09:38:28.891,mijnomgeving,357518080495187,1583833108891,1.0,52.6352361,5.823485,6.0,240317.0,7.0,4.24,11.0,247.0,357518080495187.0,32.0,0.0,1583833117.0,587.0,9.98,,EC 304
2020-03-10 09:38:45.902,mijnomgeving,357518080495088,1583833125902,1.0,52.2258784,5.1741226,6.0,9795.0,45.0,3.9,24.0,12.0,357518080495088.0,32.0,0.0,1583833123.0,0.0,22.76,2.934,EC 321
2020-03-10 09:38:49.470,mijnomgeving,357518080166663,1583833129470,1.0,51.8982759,4.4232569999999996,6.0,107111.0,20.0,4.12,8.0,0.0,357518080166663.0,32.0,0.0,1583833125.0,713.0,9.89,,EC 243
2020-03-10 09:39:26.021,mijnomgeving,357518080495070,1583833166021,1.0,52.2262932,5.1741263,9.0,7218.0,60.0,4.04,22.0,14.0,357518080495070.0,32.0,0.0,1583833161.0,0.0,22.23,,EC 320
2020-03-10 09:39:26.290,mijnomgeving,357518080169006,1583833166290,2.0,,,,3612.0,,3.64,9.0,,357518080169006.0,32.0,,1583833164.0,840.0,10.51,,EC 213
2020-03-10 09:39:35.013,mijnomgeving,357518080495146,1583833175013,1.0,52.3870401,5.3121605,4.0,14418.0,-10.0,4.17,10.0,243.0,357518080495146.0,32.0,0.0,1583833172.0,1675.0,10.16,,EC 317
2020-03-10 09:39:44.930,mijnomgeving,357518080494875,1583833184930,1.0,52.6580542,5.6148985,7.0,44118.0,-22.0,4.189999999999999,8.0,253.0,357518080494875.0,32.0,0.0,1583833183.0,1861.0,10.16,,EC 311
2020-03-10 09:39:45.920,mijnomgeving,357518080495088,1583833185920,1.0,52.2265198,5.1740039,6.0,9855.0,61.0,3.91,24.0,4.0,357518080495088.0,32.0,0.0,1583833183.0,0.0,22.76,2.934,EC 321
2020-03-10 09:39:48.633,mijnomgeving,357518080495112,1583833188633,0.0,52.8374791,5.7140235,5.0,85517.0,-9.0,4.21,9.0,46.0,357518080495112.0,32.0,0.0,1583833189.0,1748.0,10.33,,EC 306
2020-03-10 09:40:35.019,mijnomgeving,357518080494909,1583833235019,3.0,52.2260351,5.1749164,5.0,415820.0,5.0,4.17,8.0,222.0,357518080494909.0,32.0,1.0,1583833252.0,124.0,11.3,,EC 329
2020-03-10 09:40:46.007,mijnomgeving,357518080495088,1583833246007,1.0,52.2268377,5.1740415,6.0,9915.0,57.0,3.91,24.0,9.0,357518080495088.0,32.0,0.0,1583833243.0,0.0,22.85,2.934,EC 321
2020-03-10 09:41:22.774,mijnomgeving,357518080167000,1583833282774,6.0,52.1739564,5.0358491,4.0,118816.0,11.0,4.14,8.0,0.0,357518080167000.0,32.0,0.0,1583833284.0,618.0,9.36,,EC 228
2020-03-10 09:41:26.124,mijnomgeving,357518080497423,1583833286124,1.0,52.522984,5.5902167,7.0,320417.0,-13.0,4.17,9.0,0.0,357518080497423.0,32.0,0.0,1583833296.0,2137.0,10.24,,EC 318
2020-03-10 09:41:30.205,mijnomgeving,357518080495203,1583833290205,1.0,52.2261525,5.1747609,6.0,163818.0,17.0,4.17,9.0,16.0,357518080495203.0,32.0,0.0,1583833291.0,132.0,11.57,,EC 324
2020-03-10 09:41:32.034,mijnomgeving,357518080203151,1583833292034,5.0,52.420878,4.8601843,4.0,21656739.0,-20.0,4.17,8.0,47.0,357518080203151.0,16.0,0.0,1583833293.0,78.0,9.89,,EC Prototype 001
2020-03-10 09:41:46.234,mijnomgeving,357518080495088,1583833306234,1.0,52.22645,5.1742267,6.0,9975.0,56.0,3.91,24.0,4.0,357518080495088.0,32.0,0.0,1583833303.0,0.0,22.94,2.934,EC 321
2020-03-10 09:41:50.212,mijnomgeving,357518080495526,1583833310212,0.0,52.2262001,5.1746425,6.0,917.0,3.0,4.15,9.0,3.0,357518080495526.0,32.0,0.0,1583833306.0,133.0,11.13,,EC 327
2020-03-10 09:41:51.822,mijnomgeving,357518080168917,1583833311822,1.0,52.3405778,4.925764,4.0,21684665.0,9.0,4.01,9.0,0.0,357518080168917.0,16.0,0.0,1583833318.0,52.0,12.18,,EC 209
2020-03-10 09:42:11.287,mijnomgeving,357518080494768,1583833331287,28.0,52.4167447,5.2264767,5.0,128745.0,-20.0,4.21,10.0,214.0,357518080494768.0,32.0,0.0,1583833321.0,1444.0,10.07,,EC 305
2020-03-10 09:42:46.282,mijnomgeving,357518080494776,1583833366282,0.0,52.2260033,5.1747251,6.0,22517.0,8.0,4.16,9.0,22.0,357518080494776.0,32.0,0.0,1583833363.0,136.0,11.21,,EC 330
2020-03-10 09:42:46.343,mijnomgeving,357518080495088,1583833366343,1.0,52.2265984,5.1741951,6.0,10035.0,47.0,3.91,24.0,7.0,357518080495088.0,32.0,0.0,1583833363.0,0.0,22.94,2.934,EC 321
2020-03-10 09:42:58.291,mijnomgeving,357518080497639,1583833378291,1.0,52.6592392,5.6608708,4.0,33318.0,-6.0,4.21,10.0,10.0,357518080497639.0,32.0,2.0,1583833376.0,2188.0,10.24,,EC 308
2020-03-10 09:43:01.289,mijnomgeving,357518080497662,1583833381289,0.0,52.2261748,5.1747195,5.0,14427.0,23.0,4.21,10.0,29.0,357518080497662.0,32.0,0.0,1583833376.0,137.0,11.39,,EC 328
2020-03-10 09:43:12.630,mijnomgeving,357518080163405,1583833392630,3.0,52.3730737,4.9155172,4.0,37814.0,-54.0,4.13,8.0,230.0,357518080163405.0,32.0,0.0,1583833391.0,1678.0,9.72,,EC 226
2020-03-10 09:43:28.338,mijnomgeving,357518080495104,1583833408338,1.0,52.3373579,5.5374438,6.0,101717.0,-6.0,4.12,11.0,8.0,357518080495104.0,32.0,0.0,1583833405.0,760.0,10.6,,EC 312
2020-03-10 09:43:40.862,mijnomgeving,357518080165368,1583833420862,19.0,52.339921,4.9107441,6.0,20645178.0,-4.0,3.76,9.0,249.0,357518080165368.0,16.0,0.0,1583833415.0,1231.0,10.07,,EC 208
2020-03-10 09:43:48.364,mijnomgeving,357518080495682,1583833428364,8.0,52.5494489,5.5882379,8.0,62126.0,-18.0,4.189999999999999,10.0,251.0,357518080495682.0,32.0,0.0,1583833428.0,1655.0,10.24,,EC 316
2020-03-10 09:43:51.591,mijnomgeving,357518080330582,1583833431591,6.0,52.3731991,4.9460508,5.0,16216.0,25.0,4.11,10.0,25.0,357518080330582.0,32.0,0.0,1583833430.0,1710.0,9.98,,EC 219
2020-03-10 09:43:55.342,mijnomgeving,357518080495088,1583833435342,1.0,52.2264805,5.1741126,6.0,10104.0,28.0,3.91,24.0,0.0,357518080495088.0,32.0,0.0,1583833432.0,0.0,22.94,2.934,EC 321
2020-03-10 09:44:39.437,mijnomgeving,357518080495120,1583833479437,1.0,52.3337497,5.3130152,5.0,64818.0,15.0,4.18,9.0,8.0,357518080495120.0,32.0,0.0,1583833477.0,1491.0,9.8,,EC 303
2020-03-10 09:44:43.886,mijnomgeving,357518080166960,1583833483886,35.0,52.7138587,6.8788978,8.0,158445.0,8.0,3.96,9.0,0.0,357518080166960.0,32.0,0.0,1583833487.0,543.0,9.89,,EC 232
2020-03-10 09:44:46.418,mijnomgeving,357518080495088,1583833486418,1.0,52.2267124,5.1741084,6.0,10155.0,46.0,3.91,24.0,240.0,357518080495088.0,32.0,0.0,1583833483.0,0.0,22.94,2.934,EC 321
2020-03-10 09:45:18.803,mijnomgeving,357518080495047,1583833518803,1.0,52.2260857,5.174667,5.0,46818.0,21.0,4.17,10.0,19.0,357518080495047.0,32.0,0.0,1583833514.0,129.0,11.39,,EC 322
2020-03-10 09:45:45.534,mijnomgeving,357518080495088,1583833545534,1.0,52.226666,5.1739647,6.0,10215.0,66.0,3.91,24.0,8.0,357518080495088.0,32.0,0.0,1583833543.0,0.0,22.85,2.934,EC 321
2020-03-10 09:45:54.497,mijnomgeving,357518080495534,1583833554497,1.0,52.5326736,5.5930832,7.0,39617.0,-4.0,4.21,10.0,10.0,357518080495534.0,32.0,0.0,1583833553.0,2149.0,10.07,,EC 307
2020-03-10 09:45:57.496,mijnomgeving,357518080494826,1583833557496,0.0,52.2260595,5.1744714,4.0,15318.0,-5.0,4.18,11.0,27.0,357518080494826.0,32.0,0.0,1583833555.0,130.0,10.95,,EC 323
2020-03-10 09:46:05.124,mijnomgeving,357518080165475,1583833565124,3.0,52.372241,4.9249998,4.0,13188649.0,-16.0,4.12,9.0,0.0,357518080165475.0,1.0,0.0,1583833581.0,1330.0,9.45,,EC 201
2020-03-10 09:46:37.558,mijnomgeving,357518080495153,1583833597558,24.0,52.5789418,5.7568901,5.0,7241.0,1.0,4.189999999999999,10.0,218.0,357518080495153.0,32.0,0.0,1583833593.0,2571.0,9.98,,EC 313
2020-03-10 09:46:55.534,mijnomgeving,357518080495088,1583833615534,1.0,52.2267568,5.1741541,6.0,10284.0,43.0,3.91,24.0,3.0,357518080495088.0,32.0,1.0,1583833612.0,0.0,22.94,2.934,EC 321
2020-03-10 09:47:02.543,mijnomgeving,357518080494982,1583833622543,1.0,52.2260384,5.1745673,4.0,10819.0,35.0,4.17,10.0,53.0,357518080494982.0,32.0,1.0,1583833618.0,132.0,11.3,,EC 326
2020-03-10 09:47:26.519,mijnomgeving,357518080163249,1583833646519,3.0,,,,12612.0,,4.17,10.0,,357518080163249.0,32.0,,1583833643.0,553.0,10.24,,EC 212
2020-03-10 09:47:39.616,mijnomgeving,357518080497696,1583833659616,25.0,52.517238,5.509346,4.0,42342.0,-13.0,4.17,10.0,219.0,357518080497696.0,32.0,0.0,1583833658.0,1037.0,10.24,,EC 319
2020-03-10 09:47:46.582,mijnomgeving,357518080495088,1583833666582,1.0,52.2268869,5.1739439,5.0,10335.0,59.0,3.91,24.0,213.0,357518080495088.0,32.0,0.0,1583833663.0,1.0,22.85,2.934,EC 321
2020-03-10 09:47:52.590,mijnomgeving,357518080495161,1583833672590,3.0,52.4998492,5.4527274,4.0,6444023.0,-10.0,4.189999999999999,9.0,15.0,357518080495161.0,32.0,0.0,1583833680.0,947.0,9.89,,EC 315
2020-03-10 09:47:56.737,mijnomgeving,357518080166580,1583833676737,28.0,52.3601548,4.815447,6.0,17138.0,6.0,4.05,9.0,30.0,357518080166580.0,32.0,0.0,1583833537.0,664.0,9.45,,EC 224
2020-03-10 09:48:06.624,mijnomgeving,357518080166887,1583833686624,6.0,52.3701505,4.9010596,6.0,11923256.0,18.0,3.6,9.0,210.0,357518080166887.0,4.0,0.0,1583833680.0,47.0,12.98,,EC 200
2020-03-10 09:48:21.808,mijnomgeving,357518080166754,1583833701808,3.0,52.3537425,4.9250338,4.0,21062747.0,0.0,4.17,9.0,0.0,357518080166754.0,16.0,0.0,1583833710.0,1210.0,10.07,,EC 204
2020-03-10 09:48:47.888,mijnomgeving,357518080163173,1583833727888,20.0,52.7218231,6.8191752,7.0,23430.0,-5.0,3.96,8.0,210.0,357518080163173.0,32.0,0.0,1583833725.0,578.0,9.45,,EC 231
2020-03-10 09:48:49.692,mijnomgeving,357518080495088,1583833729692,1.0,52.22661,5.1741807,6.0,10395.0,49.0,3.91,24.0,2.0,357518080495088.0,32.0,0.0,1583833723.0,0.0,22.85,2.934,EC 321
2020-03-10 09:49:17.815,mijnomgeving,357518080164395,1583833757815,5.0,51.8981348,4.4227318,4.0,29715.0,-26.0,4.04,8.0,217.0,357518080164395.0,32.0,0.0,1583833710.0,860.0,10.07,,EC 241
2020-03-10 09:49:33.709,mijnomgeving,357518080495021,1583833773709,255.0,2.55e-05,2.55e-05,0.0,37038.0,0.0,3.93,15.0,0.0,357518080495021.0,32.0,0.0,1583833773.0,0.0,15.45,,EC 325
2020-03-10 09:49:45.708,mijnomgeving,357518080495088,1583833785708,1.0,52.2268434,5.1739385,5.0,10455.0,65.0,3.91,24.0,2.0,357518080495088.0,32.0,0.0,1583833783.0,0.0,22.85,2.934,EC 321
2020-03-10 09:50:49.815,mijnomgeving,357518080495088,1583833849815,1.0,52.2262039,5.1743784999999995,4.0,10515.0,13.0,3.91,24.0,0.0,357518080495088.0,32.0,1.0,1583833843.0,0.0,22.85,2.934,EC 321
2020-03-10 09:51:26.846,mijnomgeving,357518080494859,1583833886846,1.0,52.5409582,5.5888048999999995,6.0,41418.0,-8.0,4.16,9.0,47.0,357518080494859.0,32.0,0.0,1583833885.0,1880.0,10.07,,EC 302
2020-03-10 09:51:37.842,mijnomgeving,357518080494818,1583833897842,1.0,52.8094059,5.7451468,7.0,2718.0,41.0,4.22,9.0,8.0,357518080494818.0,32.0,0.0,1583833893.0,1629.0,10.42,,EC 309
2020-03-10 09:51:47.946,mijnomgeving,357518080328131,1583833907946,21.0,52.3866453,4.9177661,6.0,59431.0,-28.0,3.8200000000000003,9.0,241.0,357518080328131.0,32.0,0.0,1583833908.0,52.0,11.13,,EC 230
2020-03-10 09:51:55.827,mijnomgeving,357518080495088,1583833915827,1.0,52.2266964,5.1740809,6.0,10584.0,70.0,3.91,24.0,252.0,357518080495088.0,32.0,1.0,1583833912.0,0.0,22.85,2.934,EC 321
2020-03-10 09:52:39.947,mijnomgeving,357518080494834,1583833959947,0.0,52.4255899,5.4208655,6.0,221418.0,-51.0,4.11,10.0,12.0,357518080494834.0,32.0,0.0,1583833965.0,1380.0,10.69,,EC 314
2020-03-10 09:52:40.439,mijnomgeving,357518080171390,1583833960439,2.0,52.0318504,5.3036188,5.0,21693638.0,0.0,4.17,9.0,0.0,357518080171390.0,64.0,0.0,1583833968.0,821.0,10.24,,EC 202
2020-03-10 09:52:46.119,mijnomgeving,357518080332257,1583833966119,29.0,51.8982499,4.4233127,9.0,49538.0,-2.0,4.09,8.0,0.0,357518080332257.0,32.0,0.0,1583833958.0,513.0,9.89,,EC 240
2020-03-10 09:52:55.607,mijnomgeving,357518080495088,1583833975607,1.0,52.2267325,5.1740148,6.0,10644.0,75.0,3.91,24.0,3.0,357518080495088.0,32.0,1.0,1583833972.0,0.0,22.85,2.934,EC 321
2020-03-10 09:52:59.564,mijnomgeving,357518080170889,1583833979564,5.0,52.014453,4.2949311,5.0,111614.0,-26.0,4.189999999999999,7.0,201.0,357518080170889.0,32.0,0.0,1583833980.0,683.0,11.92,,EC 236
2020-03-10 09:52:59.652,mijnomgeving,357518080330764,1583833979652,3.0,51.821161599999996,4.6111132999999995,4.0,42313.0,13.0,3.94,10.0,37.0,357518080330764.0,32.0,0.0,1583833979.0,326.0,10.86,,EC 244
2020-03-10 09:53:12.857,mijnomgeving,357518080332265,1583833992857,3.0,52.3920361,4.9373905,5.0,36013.0,43.0,3.7,9.0,19.0,357518080332265.0,32.0,0.0,1583833983.0,1526.0,10.24,,EC 221
2020-03-10 09:53:27.971,mijnomgeving,357518080495187,1583834007971,1.0,52.6351022,5.8232203,5.0,241218.0,-41.0,4.24,11.0,46.0,357518080495187.0,32.0,0.0,1583834017.0,585.0,9.98,,EC 304
2020-03-10 09:53:46.995,mijnomgeving,357518080495088,1583834026995,1.0,52.2265616,5.1742085,5.0,10695.0,41.0,3.91,24.0,248.0,357518080495088.0,32.0,0.0,1583834023.0,0.0,22.85,2.934,EC 321
2020-03-10 09:53:50.854,mijnomgeving,357518080166663,1583834030854,2.0,51.898095,4.4233691,6.0,108012.0,-14.0,4.12,8.0,0.0,357518080166663.0,32.0,0.0,1583834026.0,705.0,9.89,,EC 243
2020-03-10 09:54:26.368,mijnomgeving,357518080169006,1583834066368,1.0,,,,4511.0,,3.64,9.0,,357518080169006.0,32.0,,1583834063.0,831.0,10.6,,EC 213
2020-03-10 09:54:33.046,mijnomgeving,357518080495070,1583834073046,1.0,52.2263319,5.1743447,7.0,8127.0,59.0,4.03,23.0,0.0,357518080495070.0,32.0,0.0,1583834070.0,0.0,22.23,,EC 320
2020-03-10 09:54:44.019,mijnomgeving,357518080494875,1583834084019,1.0,52.6576672,5.6148848000000005,6.0,45018.0,-7.0,4.189999999999999,9.0,23.0,357518080494875.0,32.0,0.0,1583834083.0,1866.0,10.16,,EC 311
2020-03-10 09:54:48.997,mijnomgeving,357518080495146,1583834088997,15.0,52.3868664,5.3121436,5.0,15332.0,-46.0,4.17,11.0,4.0,357518080495146.0,32.0,0.0,1583834086.0,1684.0,10.16,,EC 317
2020-03-10 09:54:50.502,mijnomgeving,357518080495112,1583834090502,0.0,52.8374718,5.7137823999999995,5.0,86417.0,-19.0,4.21,9.0,214.0,357518080495112.0,32.0,0.0,1583834089.0,1745.0,10.33,,EC 306
2020-03-10 09:54:55.008,mijnomgeving,357518080495088,1583834095008,1.0,52.2266947,5.1740856,5.0,10764.0,54.0,3.91,24.0,3.0,357518080495088.0,32.0,0.0,1583834092.0,0.0,22.85,2.934,EC 321
2020-03-10 09:55:44.138,mijnomgeving,357518080494909,1583834144138,1.0,52.226072,5.1748299,6.0,416727.0,22.0,4.16,8.0,215.0,357518080494909.0,32.0,0.0,1583834159.0,124.0,11.39,,EC 329
2020-03-10 09:55:55.105,mijnomgeving,357518080495088,1583834155105,1.0,52.2264634,5.1742367,6.0,10824.0,34.0,3.91,24.0,2.0,357518080495088.0,32.0,0.0,1583834152.0,0.0,22.85,2.934,EC 321
2020-03-10 09:56:28.152,mijnomgeving,357518080495203,1583834188152,1.0,52.2260243,5.1747007,5.0,164718.0,7.0,4.16,10.0,215.0,357518080495203.0,32.0,0.0,1583834191.0,132.0,11.66,,EC 324
2020-03-10 09:56:31.145,mijnomgeving,357518080494768,1583834191145,1.0,52.4166662,5.2266054,5.0,129618.0,-7.0,4.21,10.0,214.0,357518080494768.0,32.0,1.0,1583834194.0,1594.0,10.07,,EC 305
2020-03-10 09:56:31.335,mijnomgeving,357518080203151,1583834191335,4.0,52.4208724,4.8599896,4.0,21657638.0,0.0,4.16,8.0,2.0,357518080203151.0,16.0,0.0,1583834192.0,75.0,9.89,,EC Prototype 001
2020-03-10 09:56:39.528,mijnomgeving,357518080167000,1583834199528,23.0,52.1740009,5.0359623,6.0,119733.0,4.0,4.13,8.0,34.0,357518080167000.0,32.0,0.0,1583834201.0,618.0,9.36,,EC 228
2020-03-10 09:56:43.133,mijnomgeving,357518080497423,1583834203133,1.0,52.5229867,5.5902509,6.0,321318.0,-9.0,4.17,10.0,204.0,357518080497423.0,32.0,0.0,1583834197.0,2133.0,10.24,,EC 318
2020-03-10 09:56:46.145,mijnomgeving,357518080495088,1583834206145,1.0,52.227103,5.1738381,6.0,10875.0,103.0,3.9,24.0,3.0,357518080495088.0,32.0,1.0,1583834203.0,0.0,22.76,2.934,EC 321
2020-03-10 09:56:51.119,mijnomgeving,357518080495526,1583834211119,0.0,52.226157,5.1746624,6.0,1818.0,4.0,4.15,9.0,17.0,357518080495526.0,32.0,0.0,1583834207.0,132.0,11.3,,EC 327
2020-03-10 09:56:55.715,mijnomgeving,357518080168917,1583834215715,5.0,52.340453,4.925635,4.0,21685569.0,-18.0,4.0,9.0,0.0,357518080168917.0,16.0,0.0,1583834222.0,52.0,12.27,,EC 209
2020-03-10 09:57:47.742,mijnomgeving,357518080494776,1583834267742,0.0,52.2260449,5.1747068,5.0,23418.0,14.0,4.16,10.0,21.0,357518080494776.0,32.0,0.0,1583834264.0,137.0,11.3,,EC 330
2020-03-10 09:57:47.795,mijnomgeving,357518080495088,1583834267795,1.0,52.2265614,5.1741193,6.0,10935.0,62.0,3.91,24.0,234.0,357518080495088.0,32.0,0.0,1583834263.0,0.0,22.76,2.934,EC 321
2020-03-10 09:57:51.731,mijnomgeving,357518080497662,1583834271731,0.0,52.2262347,5.1747165,4.0,15318.0,33.0,4.21,10.0,27.0,357518080497662.0,32.0,0.0,1583834266.0,135.0,11.57,,EC 328
2020-03-10 09:58:12.744,mijnomgeving,357518080497639,1583834292744,14.0,52.6592302,5.6609339,6.0,34231.0,3.0,4.21,10.0,249.0,357518080497639.0,32.0,0.0,1583834289.0,2184.0,10.24,,EC 308
2020-03-10 09:58:16.564,mijnomgeving,357518080163405,1583834296564,6.0,52.3731873,4.9158642,4.0,38717.0,42.0,4.14,8.0,0.0,357518080163405.0,32.0,0.0,1583834294.0,1674.0,9.72,,EC 226
2020-03-10 09:58:21.403,mijnomgeving,357518080165368,1583834301403,19.0,52.3397777,4.9108018,5.0,20646078.0,-4.0,3.76,8.0,245.0,357518080165368.0,16.0,0.0,1583834315.0,1231.0,10.07,,EC 208
2020-03-10 09:58:25.734,mijnomgeving,357518080495104,1583834305734,1.0,52.3371849,5.5374473,5.0,102617.0,-41.0,4.12,11.0,247.0,357518080495104.0,32.0,0.0,1583834305.0,753.0,10.6,,EC 312
2020-03-10 09:58:53.812,mijnomgeving,357518080495682,1583834333812,1.0,52.5495402,5.5881107,6.0,63018.0,-4.0,4.189999999999999,10.0,19.0,357518080495682.0,32.0,0.0,1583834320.0,1666.0,10.24,,EC 316
2020-03-10 09:58:59.810,mijnomgeving,357518080495088,1583834339810,1.0,52.2263268,5.1742672,6.0,11004.0,35.0,3.9,24.0,2.0,357518080495088.0,32.0,0.0,1583834332.0,0.0,22.85,2.934,EC 321
2020-03-10 09:59:06.802,mijnomgeving,357518080330582,1583834346802,21.0,52.3731546,4.9461231,4.0,17131.0,11.0,4.11,11.0,16.0,357518080330582.0,32.0,0.0,1583834345.0,1725.0,9.98,,EC 219
2020-03-10 09:59:38.001,mijnomgeving,357518080166960,1583834378001,27.0,52.7137923,6.8788569,8.0,159337.0,-7.0,3.96,9.0,0.0,357518080166960.0,32.0,0.0,1583834379.0,541.0,9.89,,EC 232
2020-03-10 09:59:45.889,mijnomgeving,357518080495088,1583834385889,1.0,52.2265386,5.1741542,6.0,11055.0,60.0,3.91,24.0,252.0,357518080495088.0,32.0,0.0,1583834383.0,0.0,22.76,2.934,EC 321
2020-03-10 09:59:48.840,mijnomgeving,357518080495120,1583834388840,1.0,52.3337453,5.3122956,6.0,65718.0,0.0,4.18,10.0,57.0,357518080495120.0,32.0,0.0,1583834378.0,1492.0,9.8,,EC 303
2020-03-10 10:00:21.802,mijnomgeving,357518080166580,1583834421802,4.0,52.3602655,4.8155333,4.0,18014.0,-15.0,4.05,9.0,0.0,357518080166580.0,32.0,0.0,1583834414.0,663.0,9.45,,EC 224
2020-03-10 10:00:39.077,mijnomgeving,357518080495047,1583834439077,24.0,52.2261681,5.1746597,4.0,47741.0,-5.0,4.17,10.0,21.0,357518080495047.0,32.0,0.0,1583834437.0,128.0,11.48,,EC 322
2020-03-10 10:00:46.039,mijnomgeving,357518080495088,1583834446039,1.0,52.2265646,5.1741529,6.0,11115.0,65.0,3.91,24.0,3.0,357518080495088.0,32.0,0.0,1583834443.0,0.0,22.76,2.934,EC 321
2020-03-10 10:00:55.031,mijnomgeving,357518080495534,1583834455031,1.0,52.5326535,5.5930654,7.0,40518.0,-7.0,4.21,11.0,23.0,357518080495534.0,32.0,0.0,1583834454.0,2144.0,10.16,,EC 307
2020-03-10 10:01:03.227,mijnomgeving,357518080165475,1583834463227,2.0,52.3719516,4.9252476,4.0,13189548.0,-27.0,4.12,9.0,0.0,357518080165475.0,1.0,0.0,1583834480.0,1322.0,9.45,,EC 201
2020-03-10 10:01:07.011,mijnomgeving,357518080494826,1583834467011,1.0,52.2261067,5.1743544,4.0,16227.0,4.0,4.18,11.0,52.0,357518080494826.0,32.0,2.0,1583834464.0,133.0,11.13,,EC 323
2020-03-10 10:01:16.063,mijnomgeving,357518080495153,1583834476063,0.0,52.5789085,5.7568418,4.0,8117.0,-5.0,4.189999999999999,10.0,58.0,357518080495153.0,32.0,0.0,1583834469.0,2584.0,9.98,,EC 313
2020-03-10 10:01:45.137,mijnomgeving,357518080495088,1583834505137,1.0,52.2265227,5.174146,6.0,11175.0,69.0,3.91,24.0,6.0,357518080495088.0,32.0,0.0,1583834503.0,0.0,22.76,2.934,EC 321
2020-03-10 10:02:14.119,mijnomgeving,357518080497696,1583834534119,0.0,52.5172413,5.5093397,7.0,43217.0,-15.0,4.17,10.0,220.0,357518080497696.0,32.0,0.0,1583834533.0,1037.0,10.24,,EC 319
2020-03-10 10:02:19.109,mijnomgeving,357518080494982,1583834539109,19.0,52.226146,5.1747735,4.0,11737.0,17.0,4.17,10.0,216.0,357518080494982.0,32.0,0.0,1583834536.0,133.0,11.39,,EC 326
2020-03-10 10:02:30.818,mijnomgeving,357518080163249,1583834550818,3.0,,,,13512.0,,4.17,10.0,,357518080163249.0,32.0,,1583834543.0,540.0,10.33,,EC 212
2020-03-10 10:02:46.195,mijnomgeving,357518080495088,1583834566195,1.0,52.2266146,5.1741611,6.0,11235.0,86.0,3.91,24.0,3.0,357518080495088.0,32.0,0.0,1583834563.0,0.0,22.85,2.934,EC 321
2020-03-10 10:03:14.147,mijnomgeving,357518080495161,1583834594147,22.0,52.4996991,5.4528218,5.0,6444942.0,-7.0,4.189999999999999,10.0,22.0,357518080495161.0,32.0,0.0,1583834599.0,945.0,9.89,,EC 315
2020-03-10 10:03:22.834,mijnomgeving,357518080166887,1583834602834,11.0,52.3701674,4.9011426,7.0,11924175.0,29.0,3.6,9.0,230.0,357518080166887.0,4.0,0.0,1583834600.0,45.0,13.07,,EC 200
2020-03-10 10:03:27.805,mijnomgeving,357518080166754,1583834607805,7.0,52.3538952,4.9248606,4.0,21063651.0,-22.0,4.18,10.0,252.0,357518080166754.0,16.0,0.0,1583834614.0,1212.0,10.07,,EC 204
2020-03-10 10:03:30.750,mijnomgeving,357518080163173,1583834610750,3.0,52.7218605,6.8190213,6.0,24313.0,23.0,3.96,8.0,248.0,357518080163173.0,32.0,0.0,1583834608.0,572.0,9.45,,EC 231
2020-03-10 10:03:45.190,mijnomgeving,357518080495088,1583834625190,1.0,52.2264782,5.174191,6.0,11295.0,47.0,3.91,24.0,3.0,357518080495088.0,32.0,2.0,1583834623.0,0.0,22.85,2.934,EC 321
2020-03-10 10:03:48.563,mijnomgeving,357518080164395,1583834628563,21.0,51.8981481,4.4234379,6.0,30630.0,-9.0,4.04,8.0,0.0,357518080164395.0,32.0,0.0,1583834625.0,854.0,10.16,,EC 241
2020-03-10 10:04:43.262,mijnomgeving,357518080495021,1583834683262,255.0,2.55e-05,2.55e-05,0.0,37947.0,0.0,3.93,15.0,0.0,357518080495021.0,32.0,0.0,1583834682.0,0.0,15.36,,EC 325
2020-03-10 10:04:46.194,mijnomgeving,357518080495088,1583834686194,1.0,52.2261631,5.1741838,6.0,11355.0,42.0,3.9,24.0,14.0,357518080495088.0,32.0,0.0,1583834683.0,0.0,22.85,2.934,EC 321
2020-03-10 10:05:46.337,mijnomgeving,357518080495088,1583834746337,1.0,52.2261582,5.1743217,6.0,11415.0,6.0,3.91,24.0,4.0,357518080495088.0,32.0,0.0,1583834743.0,0.0,22.76,2.934,EC 321
2020-03-10 10:06:27.351,mijnomgeving,357518080494859,1583834787351,1.0,52.5409666,5.5888321,6.0,42318.0,-6.0,4.16,10.0,42.0,357518080494859.0,32.0,0.0,1583834785.0,1880.0,10.07,,EC 302
2020-03-10 10:06:40.401,mijnomgeving,357518080494818,1583834800401,1.0,52.8092705,5.745178,7.0,3618.0,8.0,4.22,10.0,245.0,357518080494818.0,32.0,0.0,1583834793.0,1632.0,10.42,,EC 309
2020-03-10 10:06:44.833,mijnomgeving,357518080328131,1583834804833,18.0,52.3869508,4.9174668,4.0,60328.0,-64.0,3.8200000000000003,10.0,0.0,357518080328131.0,32.0,0.0,1583834805.0,54.0,11.21,,EC 230
2020-03-10 10:06:55.397,mijnomgeving,357518080495088,1583834815397,1.0,52.2263453,5.1742609,6.0,11484.0,46.0,3.91,24.0,240.0,357518080495088.0,32.0,0.0,1583834812.0,0.0,22.76,2.934,EC 321
2020-03-10 10:07:17.646,mijnomgeving,357518080332257,1583834837646,2.0,51.8982028,4.423304,8.0,50411.0,0.0,4.09,8.0,252.0,357518080332257.0,32.0,0.0,1583834831.0,514.0,9.89,,EC 240
2020-03-10 10:07:43.474,mijnomgeving,357518080171390,1583834863474,5.0,52.0314903,5.3031804,5.0,21694541.0,-73.0,4.17,9.0,31.0,357518080171390.0,64.0,1.0,1583834871.0,823.0,10.24,,EC 202
2020-03-10 10:07:46.444,mijnomgeving,357518080495088,1583834866444,1.0,52.2261465,5.1743786,6.0,11535.0,7.0,3.91,24.0,5.0,357518080495088.0,32.0,1.0,1583834863.0,0.0,22.76,2.934,EC 321
2020-03-10 10:07:47.448,mijnomgeving,357518080494834,1583834867448,0.0,52.4258054,5.4205648,6.0,222318.0,-47.0,4.11,10.0,22.0,357518080494834.0,32.0,0.0,1583834865.0,1408.0,10.69,,EC 314
2020-03-10 10:08:18.098,mijnomgeving,357518080170889,1583834898098,22.0,52.0145463,4.2955209,4.0,112532.0,-23.0,4.189999999999999,8.0,0.0,357518080170889.0,32.0,0.0,1583834898.0,487.0,12.01,,EC 236
2020-03-10 10:08:22.776,mijnomgeving,357518080332265,1583834902776,16.0,52.3921928,4.9373564,6.0,36926.0,6.0,3.7,9.0,0.0,357518080332265.0,32.0,0.0,1583834896.0,1525.0,10.24,,EC 221
2020-03-10 10:08:28.577,mijnomgeving,357518080495187,1583834908577,1.0,52.6352297,5.8237483999999995,4.0,242118.0,9.0,4.24,11.0,8.0,357518080495187.0,32.0,0.0,1583834918.0,585.0,9.98,,EC 304
2020-03-10 10:08:34.251,mijnomgeving,357518080330764,1583834914251,37.0,51.8209221,4.6106861,5.0,43247.0,-50.0,3.94,10.0,253.0,357518080330764.0,32.0,0.0,1583834913.0,330.0,10.95,,EC 244
2020-03-10 10:08:45.634,mijnomgeving,357518080495088,1583834925634,1.0,52.2262397,5.1743167,5.0,11595.0,22.0,3.91,24.0,2.0,357518080495088.0,32.0,0.0,1583834923.0,0.0,22.76,2.934,EC 321
2020-03-10 10:08:55.849,mijnomgeving,357518080166663,1583834935849,8.0,51.8983829,4.4232445,5.0,108918.0,30.0,4.13,8.0,51.0,357518080166663.0,32.0,0.0,1583834932.0,692.0,9.89,,EC 243
2020-03-10 10:09:26.559,mijnomgeving,357518080169006,1583834966559,2.0,,,,5412.0,,3.64,9.0,,357518080169006.0,32.0,,1583834964.0,824.0,10.6,,EC 213
2020-03-10 10:09:32.664,mijnomgeving,357518080495070,1583834972664,1.0,52.2261834,5.1743752,7.0,9027.0,17.0,4.04,23.0,252.0,357518080495070.0,32.0,0.0,1583834970.0,0.0,22.32,,EC 320
2020-03-10 10:09:45.357,mijnomgeving,357518080495088,1583834985357,1.0,52.2263067,5.1743136,5.0,11655.0,48.0,3.91,24.0,14.0,357518080495088.0,32.0,0.0,1583834983.0,0.0,22.76,2.934,EC 321
2020-03-10 10:10:00.650,mijnomgeving,357518080495146,1583835000650,23.0,52.3867968,5.3123229,5.0,16240.0,-26.0,4.17,10.0,7.0,357518080495146.0,32.0,0.0,1583834994.0,1685.0,10.24,,EC 317
2020-03-10 10:10:05.669,mijnomgeving,357518080495112,1583835005669,0.0,52.8375547,5.7138463999999995,5.0,87334.0,-20.0,4.22,10.0,219.0,357518080495112.0,32.0,0.0,1583835006.0,1739.0,10.33,,EC 306
2020-03-10 10:10:07.651,mijnomgeving,357518080494875,1583835007651,25.0,52.6577291,5.6148697,6.0,45942.0,13.0,4.189999999999999,9.0,10.0,357518080494875.0,32.0,0.0,1583835007.0,1866.0,10.16,,EC 311
2020-03-10 10:10:45.799,mijnomgeving,357518080495088,1583835045799,1.0,52.2260495,5.1744405,4.0,11715.0,-16.0,3.91,24.0,36.0,357518080495088.0,32.0,0.0,1583835043.0,0.0,22.76,2.934,EC 321
2020-03-10 10:10:48.734,mijnomgeving,357518080494909,1583835048734,17.0,52.2261065,5.1744177,4.0,417634.0,29.0,4.17,9.0,56.0,357518080494909.0,32.0,0.0,1583835066.0,124.0,11.48,,EC 329
2020-03-10 10:11:19.549,mijnomgeving,357518080167000,1583835079549,3.0,52.1741998,5.0359182,6.0,120613.0,50.0,4.13,8.0,248.0,357518080167000.0,32.0,1.0,1583835081.0,617.0,9.36,,EC 228
2020-03-10 10:11:32.776,mijnomgeving,357518080497423,1583835092776,1.0,52.5230502,5.5903849999999995,6.0,322218.0,-7.0,4.17,10.0,0.0,357518080497423.0,32.0,0.0,1583835097.0,2127.0,10.24,,EC 318
2020-03-10 10:11:36.775,mijnomgeving,357518080494768,1583835096775,1.0,52.416669,5.2266484,5.0,130518.0,-8.0,4.21,10.0,209.0,357518080494768.0,32.0,0.0,1583835094.0,1618.0,10.16,,EC 305
2020-03-10 10:11:40.878,mijnomgeving,357518080495203,1583835100878,14.0,52.226186,5.1746504,7.0,165631.0,22.0,4.17,10.0,20.0,357518080495203.0,32.0,0.0,1583835104.0,133.0,11.74,,EC 324
2020-03-10 10:11:47.766,mijnomgeving,357518080495088,1583835107766,1.0,52.2264831,5.1742626,5.0,11775.0,74.0,3.91,24.0,6.0,357518080495088.0,32.0,0.0,1583835103.0,0.0,22.76,2.934,EC 321
2020-03-10 10:11:49.080,mijnomgeving,357518080203151,1583835109080,4.0,52.4209801,4.8599572,4.0,21658538.0,-2.0,4.16,8.0,58.0,357518080203151.0,16.0,0.0,1583835092.0,77.0,9.98,,EC Prototype 001
2020-03-10 10:11:50.763,mijnomgeving,357518080495526,1583835110763,0.0,52.2262754,5.1746396,6.0,2718.0,81.0,4.15,9.0,18.0,357518080495526.0,32.0,0.0,1583835107.0,129.0,11.3,,EC 327
2020-03-10 10:12:09.882,mijnomgeving,357518080168917,1583835129882,20.0,52.3406506,4.9255891,8.0,21686484.0,-3.0,4.01,9.0,0.0,357518080168917.0,16.0,0.0,1583835137.0,53.0,12.36,,EC 209
2020-03-10 10:12:48.745,mijnomgeving,357518080495088,1583835168745,1.0,52.2264041,5.1743605,6.0,11835.0,57.0,3.91,24.0,7.0,357518080495088.0,32.0,0.0,1583835163.0,0.0,22.67,2.934,EC 321
2020-03-10 10:12:48.807,mijnomgeving,357518080494776,1583835168807,0.0,52.2261618,5.1746368,5.0,24318.0,48.0,4.16,9.0,15.0,357518080494776.0,32.0,0.0,1583835164.0,136.0,11.39,,EC 330
2020-03-10 10:12:58.043,mijnomgeving,357518080497639,1583835178043,1.0,52.6592155,5.6608461,6.0,35118.0,0.0,4.21,10.0,11.0,357518080497639.0,32.0,0.0,1583835176.0,2186.0,10.24,,EC 308
2020-03-10 10:13:09.022,mijnomgeving,357518080497662,1583835189022,21.0,52.2261833,5.1746601,10.0,16238.0,18.0,4.21,11.0,0.0,357518080497662.0,32.0,0.0,1583835187.0,137.0,11.57,,EC 328
2020-03-10 10:13:16.746,mijnomgeving,357518080163405,1583835196746,7.0,52.3729791,4.916168,4.0,39618.0,38.0,4.14,8.0,0.0,357518080163405.0,32.0,0.0,1583835195.0,1676.0,9.72,,EC 226
2020-03-10 10:13:25.063,mijnomgeving,357518080495104,1583835205063,1.0,52.3372164,5.5373101,4.0,103518.0,-28.0,4.12,11.0,26.0,357518080495104.0,32.0,0.0,1583835205.0,750.0,10.6,,EC 312
2020-03-10 10:13:46.118,mijnomgeving,357518080495682,1583835226118,1.0,52.5494925,5.5881298,6.0,63917.0,-11.0,4.189999999999999,10.0,19.0,357518080495682.0,32.0,0.0,1583835219.0,1688.0,10.33,,EC 316
2020-03-10 10:13:46.142,mijnomgeving,357518080495088,1583835226142,1.0,52.2264271,5.1743235,6.0,11895.0,85.0,3.91,24.0,8.0,357518080495088.0,32.0,1.0,1583835223.0,0.0,22.76,2.934,EC 321
2020-03-10 10:13:56.047,mijnomgeving,357518080165368,1583835236047,32.0,52.3398861,4.9108594,7.0,20646991.0,-3.0,3.76,9.0,0.0,357518080165368.0,16.0,0.0,1583835228.0,1229.0,10.07,,EC 208
2020-03-10 10:14:09.117,mijnomgeving,357518080330582,1583835249117,23.0,52.3731529,4.9460889,6.0,18033.0,15.0,4.1,11.0,0.0,357518080330582.0,32.0,0.0,1583835247.0,1723.0,9.98,,EC 219
2020-03-10 10:14:29.821,mijnomgeving,357518080166960,1583835269821,21.0,52.7134717,6.8785909,6.0,160231.0,-48.0,3.96,9.0,0.0,357518080166960.0,32.0,0.0,1583835273.0,544.0,9.89,,EC 232
2020-03-10 10:14:39.186,mijnomgeving,357518080495120,1583835279186,1.0,52.3337642,5.3138464,5.0,66618.0,1.0,4.18,10.0,205.0,357518080495120.0,32.0,0.0,1583835278.0,1491.0,9.8,,EC 303
2020-03-10 10:14:45.190,mijnomgeving,357518080495088,1583835285190,1.0,52.2261323,5.1743697,6.0,11955.0,13.0,3.91,24.0,6.0,357518080495088.0,32.0,0.0,1583835283.0,0.0,22.76,2.934,EC 321
2020-03-10 10:15:15.192,mijnomgeving,357518080495047,1583835315192,1.0,52.2261618,5.1746262,4.0,48618.0,-2.0,4.17,10.0,16.0,357518080495047.0,32.0,0.0,1583835314.0,130.0,11.57,,EC 322
2020-03-10 10:15:24.960,mijnomgeving,357518080166580,1583835324960,9.0,52.3602583,4.8154191,5.0,18919.0,0.0,4.05,9.0,23.0,357518080166580.0,32.0,0.0,1583835319.0,663.0,9.45,,EC 224
2020-03-10 10:15:46.323,mijnomgeving,357518080495088,1583835346323,1.0,52.226188,5.1743906,5.0,12015.0,21.0,3.91,24.0,7.0,357518080495088.0,32.0,0.0,1583835343.0,0.0,22.85,2.934,EC 321
2020-03-10 10:15:57.256,mijnomgeving,357518080495534,1583835357256,1.0,52.5326701,5.5930885,7.0,41418.0,-8.0,4.21,11.0,246.0,357518080495534.0,32.0,0.0,1583835354.0,2135.0,10.16,,EC 307
2020-03-10 10:15:58.938,mijnomgeving,357518080494826,1583835358938,1.0,52.2260624,5.1757192,4.0,17118.0,240.0,4.18,11.0,21.0,357518080494826.0,32.0,0.0,1583835355.0,131.0,11.21,,EC 323
2020-03-10 10:16:05.226,mijnomgeving,357518080165475,1583835365226,3.0,52.372096,4.9255414,4.0,13190449.0,27.0,4.12,9.0,0.0,357518080165475.0,1.0,0.0,1583835381.0,1323.0,9.45,,EC 201
2020-03-10 10:16:12.277,mijnomgeving,357518080495153,1583835372277,1.0,52.5789825,5.7567414,4.0,9018.0,-33.0,4.189999999999999,10.0,215.0,357518080495153.0,32.0,0.0,1583835369.0,2571.0,9.98,,EC 313
2020-03-10 10:16:50.771,mijnomgeving,357518080495088,1583835410771,1.0,52.2261827,5.1743798,5.0,12075.0,14.0,3.91,24.0,2.0,357518080495088.0,32.0,0.0,1583835403.0,0.0,22.85,2.934,EC 321
2020-03-10 10:17:14.820,mijnomgeving,357518080497696,1583835434820,0.0,52.5172896,5.5094075,7.0,44117.0,-6.0,4.17,10.0,197.0,357518080497696.0,32.0,0.0,1583835433.0,1035.0,10.24,,EC 319
2020-03-10 10:17:28.837,mijnomgeving,357518080494982,1583835448837,26.0,52.2261103,5.1746156,10.0,12644.0,10.0,4.16,11.0,50.0,357518080494982.0,32.0,0.0,1583835443.0,133.0,11.48,,EC 326
2020-03-10 10:17:36.053,mijnomgeving,357518080163249,1583835456053,8.0,,,,14417.0,,4.17,10.0,,357518080163249.0,32.0,,1583835448.0,531.0,10.24,,EC 212
2020-03-10 10:17:56.952,mijnomgeving,357518080495088,1583835476952,1.0,52.2263933,5.1745833,5.0,12144.0,52.0,3.91,24.0,49.0,357518080495088.0,32.0,0.0,1583835472.0,0.0,22.85,2.934,EC 321
2020-03-10 10:17:58.943,mijnomgeving,357518080495161,1583835478943,6.0,52.4995396,5.453211,5.0,6445826.0,41.0,4.189999999999999,10.0,235.0,357518080495161.0,32.0,0.0,1583835483.0,940.0,9.98,,EC 315
2020-03-10 10:18:23.861,mijnomgeving,357518080166754,1583835503861,4.0,52.3538469,4.9249608,4.0,21064548.0,7.0,4.18,10.0,0.0,357518080166754.0,16.0,0.0,1583835511.0,1215.0,10.07,,EC 204
2020-03-10 10:18:29.225,mijnomgeving,357518080166887,1583835509225,32.0,52.3701923,4.9009703,7.0,11925082.0,12.0,3.6,9.0,0.0,357518080166887.0,4.0,0.0,1583835506.0,49.0,13.24,,EC 200
2020-03-10 10:18:30.765,mijnomgeving,357518080164395,1583835510765,3.0,51.8981946,4.4234107,6.0,31513.0,14.0,4.04,8.0,197.0,357518080164395.0,32.0,1.0,1583835508.0,848.0,10.16,,EC 241
2020-03-10 10:18:31.029,mijnomgeving,357518080163173,1583835511029,4.0,52.7218416,6.8187145000000005,5.0,25213.0,17.0,3.96,8.0,209.0,357518080163173.0,32.0,1.0,1583835508.0,571.0,9.45,,EC 231
2020-03-10 10:19:30.249,mijnomgeving,357518080495088,1583835570249,1.0,52.226468,5.1744778,6.0,12204.0,82.0,3.91,24.0,38.0,357518080495088.0,32.0,0.0,1583835532.0,0.0,22.85,2.934,EC 321
2020-03-10 10:19:34.239,mijnomgeving,357518080330582,1583835574239,1.0,52.3730799,4.9460765,6.0,43.0,28.0,4.06,12.0,19.0,357518080330582.0,32.0,0.0,1583835570.0,1715.0,9.98,,EC 219
2020-03-10 10:20:39.323,mijnomgeving,357518080495021,1583835639323,255.0,2.55e-05,2.55e-05,0.0,38838.0,0.0,3.93,15.0,0.0,357518080495021.0,32.0,0.0,1583835573.0,0.0,15.36,,EC 325
2020-03-10 10:21:57.846,mijnomgeving,357518080328131,1583835717846,31.0,52.3867748,4.9181558,6.0,61241.0,67.0,3.8200000000000003,10.0,0.0,357518080328131.0,32.0,0.0,1583835718.0,51.0,11.3,,EC 230
2020-03-10 10:22:18.697,mijnomgeving,357518080332257,1583835738697,2.0,51.898168,4.4233053,5.0,51311.0,0.0,4.09,8.0,0.0,357518080332257.0,32.0,0.0,1583835731.0,522.0,9.89,,EC 240
2020-03-10 10:22:45.563,mijnomgeving,357518080171390,1583835765563,7.0,52.0320356,5.3037163,4.0,21695443.0,32.0,4.17,9.0,10.0,357518080171390.0,64.0,0.0,1583835773.0,823.0,10.24,,EC 202
2020-03-10 10:22:59.225,mijnomgeving,357518080170889,1583835779225,4.0,52.0146217,4.295455,4.0,113413.0,-2.0,4.18,7.0,0.0,357518080170889.0,32.0,0.0,1583835779.0,769.0,12.01,,EC 236
2020-03-10 10:23:01.886,mijnomgeving,357518080330764,1583835781886,5.0,51.8210269,4.6108875000000005,5.0,44115.0,-40.0,3.94,10.0,0.0,357518080330764.0,32.0,0.0,1583835781.0,330.0,11.04,,EC 244
2020-03-10 10:23:10.046,mijnomgeving,357518080332265,1583835790046,3.0,52.3921875,4.9373233,6.0,37813.0,26.0,3.7,10.0,0.0,357518080332265.0,32.0,0.0,1583835783.0,1523.0,10.24,,EC 221
2020-03-10 10:24:00.042,mijnomgeving,357518080166663,1583835840042,2.0,51.8982919,4.4232502,5.0,109812.0,14.0,4.12,9.0,3.0,357518080166663.0,32.0,0.0,1583835826.0,703.0,9.89,,EC 243
2020-03-10 10:24:26.378,mijnomgeving,357518080169006,1583835866378,2.0,,,,6312.0,,3.64,9.0,,357518080169006.0,32.0,,1583835864.0,817.0,10.69,,EC 213
2020-03-10 10:26:19.371,mijnomgeving,357518080167000,1583835979371,3.0,52.1739482,5.0359009,6.0,121513.0,5.0,4.13,8.0,49.0,357518080167000.0,32.0,0.0,1583835981.0,617.0,9.36,,EC 228
2020-03-10 10:26:49.439,mijnomgeving,357518080203151,1583836009439,22.0,52.4208653,4.8600928,5.0,21659456.0,15.0,4.16,9.0,45.0,357518080203151.0,16.0,0.0,1583836010.0,77.0,9.98,,EC Prototype 001
2020-03-10 10:27:06.657,mijnomgeving,357518080168917,1583836026657,1.0,52.3404584,4.9254427,8.0,21687381.0,-25.0,4.01,10.0,0.0,357518080168917.0,16.0,0.0,1583836034.0,49.0,12.36,,EC 209
2020-03-10 10:28:15.673,mijnomgeving,357518080163405,1583836095673,6.0,52.3730155,4.9160413,4.0,40517.0,4.0,4.14,8.0,0.0,357518080163405.0,32.0,0.0,1583836094.0,1674.0,9.72,,EC 226
2020-03-10 10:28:24.555,mijnomgeving,357518080165368,1583836104555,17.0,52.339943,4.9112094,5.0,20647877.0,56.0,3.76,9.0,0.0,357518080165368.0,16.0,0.0,1583836114.0,1234.0,10.07,,EC 208
2020-03-10 10:29:40.288,mijnomgeving,357518080166960,1583836180288,32.0,52.7142414,6.8793050000000004,5.0,161141.0,-65.0,3.96,10.0,45.0,357518080166960.0,32.0,0.0,1583836183.0,541.0,9.89,,EC 232
2020-03-10 10:29:57.929,mijnomgeving,357518080495088,1583836197929,1.0,52.2262666,5.1744383,5.0,12864.0,19.0,3.9,24.0,14.0,357518080495088.0,32.0,0.0,1583836192.0,0.0,22.94,2.934,EC 321
2020-03-10 10:30:26.077,mijnomgeving,357518080166580,1583836226077,9.0,52.3606446,4.815536,5.0,19819.0,38.0,4.05,8.0,22.0,357518080166580.0,32.0,0.0,1583836219.0,664.0,9.45,,EC 224
2020-03-10 10:31:18.217,mijnomgeving,357518080165475,1583836278217,16.0,52.3720427,4.9257684,8.0,13191362.0,49.0,4.12,9.0,231.0,357518080165475.0,1.0,0.0,1583836294.0,1320.0,9.45,,EC 201
2020-03-10 10:32:33.039,mijnomgeving,357518080163249,1583836353039,5.0,,,,15315.0,,4.17,11.0,,357518080163249.0,32.0,,1583836346.0,541.0,10.33,,EC 212
2020-03-10 10:33:30.775,mijnomgeving,357518080163173,1583836410775,4.0,52.7218843,6.8192243999999995,6.0,26113.0,25.0,3.96,9.0,224.0,357518080163173.0,32.0,0.0,1583836408.0,467.0,9.45,,EC 231
2020-03-10 10:33:35.280,mijnomgeving,357518080166887,1583836415280,38.0,52.3701275,4.9009282,7.0,11925988.0,-9.0,3.61,10.0,200.0,357518080166887.0,4.0,0.0,1583836413.0,47.0,13.51,,EC 200
2020-03-10 10:33:36.521,mijnomgeving,357518080164395,1583836416521,4.0,51.8982516,4.4228719,5.0,32414.0,-81.0,4.04,9.0,0.0,357518080164395.0,32.0,0.0,1583836409.0,843.0,10.16,,EC 241
2020-03-10 10:33:50.533,mijnomgeving,357518080166754,1583836430533,31.0,52.3538396,4.9254193,6.0,21065476.0,35.0,4.17,10.0,208.0,357518080166754.0,16.0,0.0,1583836439.0,1219.0,10.07,,EC 204
2020-03-10 10:34:04.574,mijnomgeving,357518080330582,1583836444574,3.0,52.3730365,4.9459036,5.0,913.0,-44.0,4.1,11.0,21.0,357518080330582.0,32.0,0.0,1583836441.0,1714.0,9.98,,EC 219
2020-03-10 10:35:20.364,mijnomgeving,357518080495088,1583836520364,1.0,52.2262347,5.1747157,5.0,13164.0,-1.0,3.9,24.0,227.0,357518080495088.0,32.0,0.0,1583836492.0,0.0,22.76,2.934,EC 321
2020-03-10 10:36:33.008,mijnomgeving,357518080328131,1583836593008,6.0,52.3867305,4.9178291,6.0,62116.0,24.0,3.8200000000000003,10.0,0.0,357518080328131.0,32.0,0.0,1583836593.0,52.0,11.39,,EC 230
2020-03-10 10:37:12.956,mijnomgeving,357518080332257,1583836632956,2.0,51.8982135,4.4233727,7.0,52211.0,1.0,4.09,8.0,0.0,357518080332257.0,32.0,0.0,1583836631.0,522.0,9.89,,EC 240
2020-03-10 10:37:33.965,mijnomgeving,357518080495088,1583836653965,1.0,52.2264385,5.1747153,6.0,13215.0,9.0,3.91,24.0,36.0,357518080495088.0,32.0,0.0,1583836543.0,0.0,22.85,2.934,EC 321
2020-03-10 10:37:44.447,mijnomgeving,357518080171390,1583836664447,6.0,52.0319506,5.303407,4.0,21696342.0,-54.0,4.17,10.0,0.0,357518080171390.0,64.0,0.0,1583836672.0,823.0,10.24,,EC 202
2020-03-10 10:37:59.858,mijnomgeving,357518080170889,1583836679858,5.0,52.0147048,4.2954921,4.0,114314.0,-6.0,4.189999999999999,6.0,10.0,357518080170889.0,32.0,0.0,1583836680.0,847.0,12.1,,EC 236
2020-03-10 10:38:15.502,mijnomgeving,357518080332265,1583836695502,10.0,52.3922452,4.9373885,5.0,38720.0,5.0,3.7,10.0,255.0,357518080332265.0,32.0,0.0,1583836690.0,1528.0,10.24,,EC 221
2020-03-10 10:38:23.289,mijnomgeving,357518080330764,1583836703289,21.0,51.821111,4.6109815,4.0,45031.0,-22.0,3.94,10.0,30.0,357518080330764.0,32.0,0.0,1583836697.0,287.0,11.04,,EC 244
2020-03-10 10:38:52.229,mijnomgeving,357518080166663,1583836732229,2.0,51.8982014,4.4233731,5.0,110712.0,10.0,4.12,9.0,0.0,357518080166663.0,32.0,0.0,1583836726.0,705.0,9.89,,EC 243
2020-03-10 10:39:27.846,mijnomgeving,357518080169006,1583836767846,2.0,,,,7212.0,,3.64,9.0,,357518080169006.0,32.0,,1583836764.0,812.0,10.77,,EC 213
2020-03-10 10:41:19.592,mijnomgeving,357518080167000,1583836879592,3.0,52.173867,5.0358211,5.0,122413.0,-3.0,4.13,8.0,48.0,357518080167000.0,32.0,0.0,1583836881.0,616.0,9.45,,EC 228
2020-03-10 10:41:39.885,mijnomgeving,357518080203151,1583836899885,4.0,52.4208283,4.85977,5.0,21660338.0,-26.0,4.17,8.0,201.0,357518080203151.0,16.0,0.0,1583836892.0,75.0,9.98,,EC Prototype 001
2020-03-10 10:41:52.141,mijnomgeving,357518080168917,1583836912141,1.0,52.3407584,4.9254346,8.0,21688266.0,-31.0,4.01,10.0,0.0,357518080168917.0,16.0,0.0,1583836919.0,52.0,12.45,,EC 209
2020-03-10 10:43:24.357,mijnomgeving,357518080163405,1583837004357,15.0,52.3729915,4.9159115,4.0,41426.0,-9.0,4.14,8.0,0.0,357518080163405.0,32.0,0.0,1583837003.0,1672.0,9.72,,EC 226
2020-03-10 10:43:24.444,mijnomgeving,357518080165368,1583837004444,22.0,52.3398438,4.9106722,7.0,20648781.0,-42.0,3.76,10.0,0.0,357518080165368.0,16.0,0.0,1583837018.0,1228.0,10.16,,EC 208
2020-03-10 10:43:51.658,mijnomgeving,357518080495088,1583837031658,1.0,52.2262636,5.1745535,6.0,13635.0,8.0,3.9,24.0,238.0,357518080495088.0,32.0,0.0,1583836963.0,0.0,22.85,2.934,EC 321
2020-03-10 10:43:51.876,mijnomgeving,357518080494776,1583837031876,7.0,52.2261743,5.1741485,4.0,26124.0,-32.0,4.17,10.0,44.0,357518080494776.0,32.0,1.0,1583836970.0,135.0,11.66,,EC 330
2020-03-10 10:43:52.060,mijnomgeving,357518080497662,1583837032060,1.0,52.2261817,5.1746615,7.0,18018.0,19.0,4.21,11.0,0.0,357518080497662.0,32.0,0.0,1583836967.0,136.0,11.92,,EC 328
2020-03-10 10:43:52.077,mijnomgeving,357518080497639,1583837032077,1.0,52.6592611,5.6608742,5.0,36918.0,4.0,4.21,10.0,31.0,357518080497639.0,32.0,0.0,1583836976.0,2192.0,10.24,,EC 308
2020-03-10 10:43:55.873,mijnomgeving,357518080495682,1583837035873,0.0,52.5495406,5.5881259,6.0,65717.0,-31.0,4.189999999999999,10.0,49.0,357518080495682.0,32.0,0.0,1583837019.0,1648.0,10.42,,EC 316
2020-03-10 10:44:25.448,mijnomgeving,357518080166960,1583837065448,17.0,52.7138884,6.878686,4.0,162026.0,-7.0,3.96,10.0,25.0,357518080166960.0,32.0,0.0,1583837068.0,544.0,9.89,,EC 232
2020-03-10 10:45:23.937,mijnomgeving,357518080166580,1583837123937,7.0,52.3604369,4.8155637,4.0,20717.0,3.0,4.05,9.0,35.0,357518080166580.0,32.0,1.0,1583837117.0,664.0,9.45,,EC 224
2020-03-10 10:45:47.081,mijnomgeving,357518080495088,1583837147081,1.0,52.2261107,5.1744036,6.0,13815.0,17.0,3.9,24.0,251.0,357518080495088.0,32.0,0.0,1583837143.0,0.0,22.85,2.934,EC 321
2020-03-10 10:45:56.097,mijnomgeving,357518080495534,1583837156097,1.0,52.5327337,5.5930723,6.0,43218.0,0.0,4.21,11.0,215.0,357518080495534.0,32.0,0.0,1583837154.0,2129.0,10.24,,EC 307
2020-03-10 10:46:04.729,mijnomgeving,357518080165475,1583837164729,3.0,52.372001,4.9254401,6.0,13192249.0,13.0,4.12,9.0,221.0,357518080165475.0,1.0,0.0,1583837181.0,1329.0,9.45,,EC 201
2020-03-10 10:47:02.165,mijnomgeving,357518080494826,1583837222165,1.0,52.2261621,5.1747199,9.0,18918.0,25.0,4.18,12.0,240.0,357518080494826.0,32.0,0.0,1583837155.0,130.0,11.39,,EC 323
2020-03-10 10:47:02.231,mijnomgeving,357518080495153,1583837222231,1.0,52.5789131,5.7570397,4.0,10818.0,18.0,4.189999999999999,10.0,227.0,357518080495153.0,32.0,0.0,1583837170.0,2575.0,9.98,,EC 313
2020-03-10 10:47:04.123,mijnomgeving,357518080494982,1583837224123,0.0,52.2261454,5.1747198,10.0,14418.0,20.0,4.17,11.0,22.0,357518080494982.0,32.0,0.0,1583837217.0,132.0,11.74,,EC 326
2020-03-10 10:48:31.109,mijnomgeving,357518080164395,1583837311109,3.0,51.8981754,4.4229445,4.0,33313.0,-76.0,4.04,8.0,0.0,357518080164395.0,32.0,0.0,1583837308.0,837.0,10.16,,EC 241
2020-03-10 10:48:33.779,mijnomgeving,357518080163173,1583837313779,7.0,52.7220533,6.8192021,4.0,27016.0,-39.0,3.969999999999999,9.0,53.0,357518080163173.0,32.0,0.0,1583837311.0,470.0,9.54,,EC 231
2020-03-10 10:48:35.601,mijnomgeving,357518080163249,1583837315601,24.0,,,,16234.0,,4.17,11.0,,357518080163249.0,32.0,,1583837265.0,552.0,10.42,,EC 212
2020-03-10 10:48:41.415,mijnomgeving,357518080166754,1583837321415,23.0,52.3538713,4.9257822,6.0,21066368.0,182.0,4.17,10.0,29.0,357518080166754.0,16.0,0.0,1583837331.0,1220.0,10.07,,EC 204
2020-03-10 10:49:10.253,mijnomgeving,357518080330582,1583837350253,9.0,52.3730961,4.9460892,6.0,1818.0,3.0,4.11,11.0,0.0,357518080330582.0,32.0,0.0,1583837346.0,1716.0,9.98,,EC 219
2020-03-10 10:49:29.927,mijnomgeving,357518080495021,1583837369927,38.0,53.1563936,7.0210179,6.0,40564.0,5.0,3.93,14.0,14.0,357518080495021.0,32.0,0.0,1583837299.0,0.0,15.36,,EC 325
2020-03-10 10:49:29.974,mijnomgeving,357518080495161,1583837369974,30.0,52.4995495,5.4527431,8.0,6447650.0,-41.0,4.189999999999999,10.0,231.0,357518080495161.0,32.0,0.0,1583837307.0,940.0,9.98,,EC 315
2020-03-10 10:49:29.993,mijnomgeving,357518080497696,1583837369993,1.0,52.5172364,5.5094231,7.0,45917.0,-14.0,4.17,9.0,208.0,357518080497696.0,32.0,0.0,1583837233.0,1035.0,10.24,,EC 319
2020-03-10 10:49:30.042,mijnomgeving,357518080495088,1583837370042,1.0,52.2261621,5.1743648,6.0,13935.0,15.0,3.9,24.0,202.0,357518080495088.0,32.0,0.0,1583837263.0,0.0,22.85,2.934,EC 321
2020-03-10 10:49:45.879,mijnomgeving,357518080495088,1583837385879,1.0,52.2261678,5.174414,6.0,14055.0,12.0,3.9,24.0,204.0,357518080495088.0,32.0,0.0,1583837383.0,0.0,22.85,2.934,EC 321
2020-03-10 10:51:41.978,mijnomgeving,357518080328131,1583837501978,9.0,52.3867574,4.9177489,6.0,63019.0,13.0,3.8200000000000003,10.0,0.0,357518080328131.0,32.0,0.0,1583837496.0,52.0,11.48,,EC 230
2020-03-10 10:52:13.315,mijnomgeving,357518080332257,1583837533315,2.0,51.8981862,4.423267,6.0,53111.0,-16.0,4.09,8.0,2.0,357518080332257.0,32.0,0.0,1583837531.0,531.0,9.89,,EC 240
2020-03-10 10:52:48.463,mijnomgeving,357518080171390,1583837568463,10.0,52.0319649,5.3033085,4.0,21697247.0,-65.0,4.17,10.0,0.0,357518080171390.0,64.0,0.0,1583837576.0,823.0,10.33,,EC 202
2020-03-10 10:53:04.168,mijnomgeving,357518080330764,1583837584168,7.0,51.8212484,4.6105651,4.0,45917.0,-61.0,3.94,10.0,0.0,357518080330764.0,32.0,0.0,1583837583.0,319.0,11.13,,EC 244
2020-03-10 10:53:10.951,mijnomgeving,357518080332265,1583837590951,6.0,52.3925126,4.9370421,5.0,39616.0,10.0,3.7,10.0,0.0,357518080332265.0,32.0,0.0,1583837586.0,1526.0,10.33,,EC 221
2020-03-10 10:53:18.918,mijnomgeving,357518080170889,1583837598918,23.0,52.0146648,4.2956262,5.0,115232.0,9.0,4.189999999999999,7.0,208.0,357518080170889.0,32.0,0.0,1583837598.0,896.0,12.01,,EC 236
2020-03-10 10:53:53.066,mijnomgeving,357518080166663,1583837633066,3.0,51.8981532,4.4232972,4.0,111613.0,4.0,4.12,8.0,251.0,357518080166663.0,32.0,1.0,1583837627.0,722.0,9.89,,EC 243
2020-03-10 10:54:26.364,mijnomgeving,357518080169006,1583837666364,2.0,,,,8112.0,,3.64,9.0,,357518080169006.0,32.0,,1583837664.0,805.0,10.86,,EC 213
2020-03-10 10:54:37.577,mijnomgeving,357518080495070,1583837677577,3.0,52.2263609,5.1742782,4.0,11729.0,78.0,4.03,23.0,230.0,357518080495070.0,32.0,0.0,1583837672.0,0.0,22.23,,EC 320
2020-03-10 10:54:37.646,mijnomgeving,357518080495146,1583837677646,3.0,52.3868811,5.3117948,5.0,18920.0,59.0,4.17,10.0,34.0,357518080495146.0,32.0,0.0,1583837674.0,1689.0,10.33,,EC 317
2020-03-10 10:56:18.754,mijnomgeving,357518080167000,1583837778754,2.0,52.174113,5.0363403,4.0,123313.0,15.0,4.13,8.0,0.0,357518080167000.0,32.0,0.0,1583837780.0,615.0,9.45,,EC 228
2020-03-10 10:56:58.690,mijnomgeving,357518080168917,1583837818690,2.0,52.3406818,4.9255268999999995,7.0,21689166.0,-32.0,4.01,10.0,222.0,357518080168917.0,16.0,0.0,1583837819.0,51.0,12.45,,EC 209
2020-03-10 10:57:01.652,mijnomgeving,357518080494875,1583837821652,1.0,52.6577201,5.6145619,6.0,48618.0,20.0,4.189999999999999,9.0,38.0,357518080494875.0,32.0,0.0,1583837683.0,1868.0,10.24,,EC 311
2020-03-10 10:57:01.738,mijnomgeving,357518080495112,1583837821738,0.0,52.8374765,5.7147479,5.0,90017.0,-3.0,4.21,9.0,199.0,357518080495112.0,32.0,0.0,1583837689.0,1743.0,10.33,,EC 306
2020-03-10 10:57:01.924,mijnomgeving,357518080494909,1583837821924,1.0,52.226147,5.174695,8.0,420318.0,24.0,4.17,9.0,4.0,357518080494909.0,32.0,0.0,1583837750.0,120.0,11.83,,EC 329
2020-03-10 10:57:02.044,mijnomgeving,357518080495088,1583837822044,1.0,52.2261582,5.1743065,5.0,14476.0,16.0,3.9,24.0,42.0,357518080495088.0,32.0,0.0,1583837804.0,0.0,22.76,2.988,EC 321
2020-03-10 10:57:02.087,mijnomgeving,357518080494768,1583837822087,1.0,52.4166334,5.2262136,4.0,133218.0,55.0,4.21,11.0,219.0,357518080494768.0,32.0,0.0,1583837794.0,1695.0,10.33,,EC 305
2020-03-10 10:57:13.233,mijnomgeving,357518080203151,1583837833233,4.0,52.4208571,4.8595746,4.0,21661238.0,-71.0,4.17,8.0,59.0,357518080203151.0,16.0,0.0,1583837792.0,81.0,9.98,,EC Prototype 001
2020-03-10 10:58:50.304,mijnomgeving,357518080163405,1583837930304,30.0,52.372942,4.915983,6.0,42341.0,-14.0,4.14,8.0,204.0,357518080163405.0,32.0,0.0,1583837918.0,1670.0,9.72,,EC 226
2020-03-10 10:59:26.466,mijnomgeving,357518080166960,1583837966466,19.0,52.7137418,6.8787564,5.0,162928.0,42.0,3.969999999999999,10.0,0.0,357518080166960.0,32.0,0.0,1583837970.0,543.0,9.89,,EC 232
2020-03-10 10:59:39.494,mijnomgeving,357518080165368,1583837979494,22.0,52.339779,4.9109805,7.0,20649681.0,16.0,3.76,9.0,224.0,357518080165368.0,16.0,0.0,1583837918.0,1227.0,10.16,,EC 208
2020-03-10 10:59:42.188,mijnomgeving,357518080495120,1583837982188,1.0,52.3338909,5.3125288,7.0,69318.0,-18.0,4.18,10.0,229.0,357518080495120.0,32.0,0.0,1583837978.0,1495.0,9.89,,EC 303
2020-03-10 11:01:03.872,mijnomgeving,357518080165475,1583838063872,2.0,52.3721328,4.9253024,6.0,13193148.0,40.0,4.12,9.0,0.0,357518080165475.0,1.0,0.0,1583838080.0,1415.0,9.45,,EC 201
2020-03-10 11:02:35.320,mijnomgeving,357518080163249,1583838155320,7.0,,,,17117.0,,4.17,10.0,,357518080163249.0,32.0,,1583838147.0,572.0,10.42,,EC 212
2020-03-10 11:02:55.650,mijnomgeving,357518080166580,1583838175650,16.0,52.3602542,4.8154564,4.0,21626.0,8.0,4.04,9.0,36.0,357518080166580.0,32.0,1.0,1583838026.0,665.0,9.45,,EC 224
2020-03-10 11:03:18.403,mijnomgeving,357518080497696,1583838198403,1.0,52.5172633,5.5093856,7.0,46817.0,-9.0,4.17,10.0,4.0,357518080497696.0,32.0,0.0,1583838133.0,1035.0,10.24,,EC 319
2020-03-10 11:03:22.063,mijnomgeving,357518080166754,1583838202063,3.0,52.3538023,4.9247347,5.0,21067248.0,5.0,4.17,9.0,233.0,357518080166754.0,16.0,0.0,1583838211.0,1231.0,10.07,,EC 204
2020-03-10 11:03:23.443,mijnomgeving,357518080495021,1583838203443,31.0,53.1566408,7.0210749,4.0,41448.0,15.0,3.93,14.0,248.0,357518080495021.0,32.0,3.0,1583838183.0,0.0,15.27,,EC 325
2020-03-10 11:03:32.228,mijnomgeving,357518080164395,1583838212228,4.0,51.8982485,4.4231295,4.0,34214.0,-6.0,4.04,8.0,216.0,357518080164395.0,32.0,3.0,1583838209.0,833.0,10.16,,EC 241
2020-03-10 11:03:57.643,mijnomgeving,357518080163173,1583838237643,31.0,52.7218093,6.8191846,7.0,27940.0,-5.0,3.969999999999999,9.0,0.0,357518080163173.0,32.0,0.0,1583838235.0,475.0,9.54,,EC 231
2020-03-10 11:04:07.397,mijnomgeving,357518080330582,1583838247397,6.0,52.3731224,4.9460674000000004,6.0,2716.0,11.0,4.11,11.0,0.0,357518080330582.0,32.0,0.0,1583838243.0,1719.0,9.98,,EC 219
2020-03-10 11:05:18.364,mijnomgeving,357518080166580,1583838318364,16.0,52.3602542,4.8154564,4.0,21626.0,8.0,4.04,9.0,36.0,357518080166580.0,32.0,1.0,1583838026.0,665.0,9.45,,EC 224
2020-03-10 11:06:41.983,mijnomgeving,357518080328131,1583838401983,6.0,52.3867625,4.917763,6.0,63925.0,43.0,3.8200000000000003,10.0,0.0,357518080328131.0,32.0,0.0,1583838402.0,51.0,11.57,,EC 230
2020-03-10 11:07:13.285,mijnomgeving,357518080332257,1583838433285,2.0,51.8980794,4.423285,7.0,54011.0,-32.0,4.09,8.0,8.0,357518080332257.0,32.0,0.0,1583838431.0,529.0,9.89,,EC 240
2020-03-10 11:07:49.551,mijnomgeving,357518080171390,1583838469551,11.0,52.0321684,5.3029975,4.0,21698148.0,-114.0,4.17,10.0,41.0,357518080171390.0,64.0,0.0,1583838478.0,823.0,10.33,,EC 202
2020-03-10 11:07:58.971,mijnomgeving,357518080170889,1583838478971,4.0,52.0145313,4.2951653,5.0,116113.0,16.0,4.189999999999999,7.0,200.0,357518080170889.0,32.0,0.0,1583838479.0,873.0,11.92,,EC 236
2020-03-10 11:08:06.943,mijnomgeving,357518080332265,1583838486943,4.0,52.3920604,4.9374801999999995,4.0,40514.0,-16.0,3.7,10.0,201.0,357518080332265.0,32.0,0.0,1583838484.0,1524.0,10.33,,EC 221
2020-03-10 11:08:09.079,mijnomgeving,357518080330764,1583838489079,12.0,51.8210598,4.611127,4.0,46822.0,-39.0,3.94,10.0,0.0,357518080330764.0,32.0,0.0,1583838488.0,313.0,11.13,,EC 244
2020-03-10 11:08:29.968,mijnomgeving,357518080495187,1583838509968,3.0,52.6351985,5.8240233,4.0,245720.0,61.0,4.24,11.0,12.0,357518080495187.0,32.0,1.0,1583838520.0,581.0,10.07,,EC 304
2020-03-10 11:08:35.748,mijnomgeving,357518080166887,1583838515748,16.0,52.370158,4.9009125000000004,8.0,11926865.0,-1.0,3.61,10.0,52.0,357518080166887.0,4.0,0.0,1583837290.0,46.0,13.59,,EC 200
2020-03-10 11:08:36.963,mijnomgeving,357518080166887,1583838516963,36.0,52.3701727,4.9008446,8.0,11927785.0,-6.0,3.61,11.0,253.0,357518080166887.0,4.0,0.0,1583838210.0,46.0,13.59,,EC 200
2020-03-10 11:08:45.950,mijnomgeving,357518080495088,1583838525950,1.0,52.2262091,5.1741984,6.0,15195.0,38.0,3.9,24.0,7.0,357518080495088.0,32.0,0.0,1583838523.0,0.0,22.67,2.988,EC 321
2020-03-10 11:09:26.520,mijnomgeving,357518080169006,1583838566520,2.0,,,,9012.0,,3.64,9.0,,357518080169006.0,32.0,,1583838564.0,804.0,10.86,,EC 213
2020-03-10 11:09:38.334,mijnomgeving,357518080166663,1583838578334,8.0,51.8982929,4.42335,5.0,112518.0,2.0,4.12,8.0,27.0,357518080166663.0,32.0,0.0,1583838532.0,728.0,9.89,,EC 243
2020-03-10 11:11:19.872,mijnomgeving,357518080167000,1583838679872,3.0,52.1739322,5.0358914,5.0,124214.0,2.0,4.13,8.0,44.0,357518080167000.0,32.0,0.0,1583838681.0,615.0,9.45,,EC 228
2020-03-10 11:11:45.255,mijnomgeving,357518080203151,1583838705255,6.0,52.4209399,4.8590763,4.0,21662140.0,-75.0,4.17,9.0,199.0,357518080203151.0,16.0,0.0,1583838694.0,82.0,9.98,,EC Prototype 001
2020-03-10 11:11:52.077,mijnomgeving,357518080168917,1583838712077,2.0,52.3405444,4.9255488,6.0,21690066.0,17.0,4.01,9.0,0.0,357518080168917.0,16.0,0.0,1583838718.0,53.0,12.36,,EC 209
2020-03-10 11:12:40.531,mijnomgeving,357518080494768,1583838760531,6.0,52.4166231,5.2255845,4.0,134123.0,81.0,4.21,10.0,203.0,357518080494768.0,32.0,1.0,1583838699.0,1681.0,10.51,,EC 305
2020-03-10 11:12:44.520,mijnomgeving,357518080495088,1583838764520,1.0,52.226116,5.1743071,5.0,15375.0,19.0,3.9,24.0,55.0,357518080495088.0,32.0,0.0,1583838703.0,0.0,22.59,2.988,EC 321
2020-03-10 11:12:46.513,mijnomgeving,357518080494776,1583838766513,1.0,52.2261706,5.174594,8.0,27918.0,5.0,4.16,9.0,216.0,357518080494776.0,32.0,0.0,1583838764.0,137.0,11.74,,EC 330
2020-03-10 11:12:51.238,mijnomgeving,357518080497662,1583838771238,1.0,52.2261041,5.1747269,8.0,19818.0,34.0,4.21,11.0,3.0,357518080497662.0,32.0,0.0,1583838767.0,137.0,12.01,,EC 328
2020-03-10 11:12:54.539,mijnomgeving,357518080495088,1583838774539,1.0,52.2261154,5.174209,6.0,15445.0,21.0,3.9,24.0,40.0,357518080495088.0,32.0,0.0,1583838772.0,0.0,22.59,2.988,EC 321
2020-03-10 11:12:57.532,mijnomgeving,357518080497639,1583838777532,1.0,52.6591196,5.660869,5.0,38718.0,-3.0,4.21,10.0,247.0,357518080497639.0,32.0,0.0,1583838776.0,2196.0,10.24,,EC 308
2020-03-10 11:13:12.448,mijnomgeving,357518080163405,1583838792448,3.0,52.3729264,4.9158247,6.0,43213.0,-9.0,4.14,8.0,0.0,357518080163405.0,32.0,0.0,1583838790.0,1661.0,9.8,,EC 226
2020-03-10 11:13:42.954,mijnomgeving,357518080165368,1583838822954,19.0,52.3396926,4.9110674,8.0,20650595.0,-1.0,3.76,10.0,0.0,357518080165368.0,16.0,0.0,1583838832.0,1231.0,10.24,,EC 208
2020-03-10 11:14:19.893,mijnomgeving,357518080166960,1583838859893,12.0,52.7139231,6.8788982,5.0,163821.0,-12.0,3.96,10.0,7.0,357518080166960.0,32.0,0.0,1583838863.0,545.0,9.89,,EC 232
2020-03-10 11:15:19.354,mijnomgeving,357518080166580,1583838919354,7.0,52.3601476,4.8151907,5.0,22517.0,36.0,4.05,9.0,0.0,357518080166580.0,32.0,0.0,1583838917.0,665.0,9.45,,EC 224
2020-03-10 11:16:03.424,mijnomgeving,357518080165475,1583838963424,1.0,52.3721545,4.9249466,6.0,13194047.0,-9.0,4.12,9.0,229.0,357518080165475.0,1.0,2.0,1583838979.0,1330.0,9.45,,EC 201
2020-03-10 11:16:46.890,mijnomgeving,357518080495088,1583839006890,1.0,52.2260798,5.1741584,5.0,15675.0,23.0,3.9,24.0,58.0,357518080495088.0,32.0,0.0,1583839003.0,0.0,22.59,2.988,EC 321
2020-03-10 11:17:01.034,mijnomgeving,357518080494982,1583839021034,0.0,52.2260736,5.1746919,9.0,16219.0,25.0,4.17,10.0,222.0,357518080494982.0,32.0,0.0,1583839017.0,133.0,11.83,,EC 326
2020-03-10 11:17:28.131,mijnomgeving,357518080163249,1583839048131,3.0,,,,18013.0,,4.16,10.0,,357518080163249.0,32.0,,1583839044.0,518.0,10.6,,EC 212
2020-03-10 11:17:43.907,mijnomgeving,357518080497696,1583839063907,1.0,52.5172396,5.5094662,7.0,47717.0,-6.0,4.17,10.0,0.0,357518080497696.0,32.0,0.0,1583839033.0,1035.0,10.24,,EC 319
2020-03-10 11:17:45.845,mijnomgeving,357518080495088,1583839065845,1.0,52.2261658,5.1746106,5.0,15735.0,-9.0,3.9,24.0,200.0,357518080495088.0,32.0,0.0,1583839063.0,0.0,22.59,2.988,EC 321
2020-03-10 11:18:13.432,mijnomgeving,357518080166887,1583839093432,16.0,52.3703102,4.9009212,8.0,11928665.0,30.0,3.61,10.0,24.0,357518080166887.0,4.0,0.0,1583839090.0,46.0,13.51,,EC 200
2020-03-10 11:18:22.451,mijnomgeving,357518080166754,1583839102451,2.0,52.3538629,4.9245692,5.0,21068147.0,-24.0,4.17,10.0,217.0,357518080166754.0,16.0,0.0,1583839110.0,1231.0,10.07,,EC 204
2020-03-10 11:18:30.935,mijnomgeving,357518080163173,1583839110935,4.0,52.7218552,6.819148,6.0,28814.0,35.0,3.96,10.0,15.0,357518080163173.0,32.0,0.0,1583839108.0,478.0,9.54,,EC 231
2020-03-10 11:18:39.896,mijnomgeving,357518080164395,1583839119896,7.0,51.8982397,4.4219791,4.0,35117.0,-73.0,4.04,8.0,0.0,357518080164395.0,32.0,0.0,1583839112.0,828.0,10.16,,EC 241
2020-03-10 11:18:54.939,mijnomgeving,357518080495088,1583839134939,1.0,52.2261162,5.174212,5.0,15805.0,21.0,3.9,24.0,204.0,357518080495088.0,32.0,1.0,1583839133.0,0.0,22.59,2.988,EC 321
2020-03-10 11:19:04.802,mijnomgeving,357518080330582,1583839144802,3.0,52.3733678,4.9457829,5.0,3613.0,-25.0,4.11,10.0,0.0,357518080330582.0,32.0,0.0,1583839141.0,1723.0,9.98,,EC 219
2020-03-10 11:20:45.821,mijnomgeving,357518080495088,1583839245821,1.0,52.2261028,5.1741474,7.0,15855.0,28.0,3.91,24.0,57.0,357518080495088.0,32.0,0.0,1583839183.0,0.0,22.59,2.988,EC 321
2020-03-10 11:21:34.083,mijnomgeving,357518080328131,1583839294083,7.0,52.3867912,4.9176812,6.0,64817.0,58.0,3.8200000000000003,10.0,0.0,357518080328131.0,32.0,0.0,1583839294.0,50.0,11.66,,EC 230
2020-03-10 11:21:56.356,mijnomgeving,357518080495088,1583839316356,1.0,52.226183,5.17445,4.0,15925.0,6.0,3.9,24.0,207.0,357518080495088.0,32.0,0.0,1583839253.0,0.0,22.5,2.988,EC 321
2020-03-10 11:21:56.418,mijnomgeving,357518080494859,1583839316418,0.0,52.5409637,5.5888525,5.0,46818.0,-2.0,4.17,10.0,216.0,357518080494859.0,32.0,0.0,1583839285.0,1848.0,10.24,,EC 302
2020-03-10 11:22:37.186,mijnomgeving,357518080332257,1583839357186,2.0,51.8981915,4.4234355,6.0,54912.0,-21.0,4.09,8.0,0.0,357518080332257.0,32.0,0.0,1583839332.0,545.0,9.89,,EC 240
2020-03-10 11:22:53.576,mijnomgeving,357518080171390,1583839373576,15.0,52.0321054,5.3030635,4.0,21699052.0,-63.0,4.17,9.0,222.0,357518080171390.0,64.0,0.0,1583839382.0,826.0,10.33,,EC 202
2020-03-10 11:22:59.373,mijnomgeving,357518080170889,1583839379373,4.0,52.0145984,4.2953492,5.0,117014.0,-23.0,4.189999999999999,7.0,0.0,357518080170889.0,32.0,0.0,1583839379.0,587.0,11.83,,EC 236
2020-03-10 11:23:08.330,mijnomgeving,357518080332265,1583839388330,6.0,52.3923298,4.9371739,4.0,41416.0,-28.0,3.7,9.0,8.0,357518080332265.0,32.0,0.0,1583839386.0,1525.0,10.33,,EC 221
2020-03-10 11:23:17.962,mijnomgeving,357518080330764,1583839397962,21.0,51.8209388,4.6108344,4.0,47731.0,-14.0,3.94,10.0,215.0,357518080330764.0,32.0,0.0,1583839397.0,326.0,11.21,,EC 244
2020-03-10 11:24:19.876,mijnomgeving,357518080166663,1583839459876,5.0,51.8982482,4.4233545,5.0,113415.0,0.0,4.12,9.0,36.0,357518080166663.0,32.0,0.0,1583839429.0,759.0,9.89,,EC 243
2020-03-10 11:24:27.295,mijnomgeving,357518080169006,1583839467295,3.0,,,,9913.0,,3.64,9.0,,357518080169006.0,32.0,,1583839465.0,798.0,10.95,,EC 213
2020-03-10 11:26:17.783,mijnomgeving,357518080167000,1583839577783,1.0,52.1738655,5.0359918,4.0,125112.0,-10.0,4.13,8.0,0.0,357518080167000.0,32.0,0.0,1583839580.0,616.0,9.45,,EC 228
2020-03-10 11:26:27.838,mijnomgeving,357518080495203,1583839587838,1.0,52.2260803,5.1747823,6.0,170118.0,41.0,4.17,10.0,243.0,357518080495203.0,32.0,0.0,1583839590.0,135.0,12.27,,EC 324
2020-03-10 11:26:29.765,mijnomgeving,357518080497423,1583839589765,1.0,52.5229166,5.5905156,6.0,326718.0,16.0,4.17,10.0,220.0,357518080497423.0,32.0,0.0,1583839597.0,2094.0,10.33,,EC 318
2020-03-10 11:26:30.768,mijnomgeving,357518080494768,1583839590768,1.0,52.4167263,5.2256315,4.0,135018.0,2.0,4.21,10.0,206.0,357518080494768.0,32.0,1.0,1583839594.0,1675.0,10.6,,EC 305
2020-03-10 11:26:33.069,mijnomgeving,357518080203151,1583839593069,5.0,52.4209944,4.8591854,5.0,21663039.0,-33.0,4.16,8.0,56.0,357518080203151.0,16.0,0.0,1583839593.0,81.0,9.98,,EC Prototype 001
2020-03-10 11:26:57.578,mijnomgeving,357518080168917,1583839617578,2.0,52.3407236,4.9255232,6.0,21690966.0,8.0,4.01,9.0,13.0,357518080168917.0,16.0,0.0,1583839619.0,52.0,12.36,,EC 209
2020-03-10 11:28:12.055,mijnomgeving,357518080163405,1583839692055,3.0,52.3728837,4.9161108,6.0,44113.0,8.0,4.14,8.0,0.0,357518080163405.0,32.0,0.0,1583839690.0,1663.0,9.8,,EC 226
2020-03-10 11:28:28.216,mijnomgeving,357518080165368,1583839708216,22.0,52.3398126,4.9107385,7.0,20651482.0,2.0,3.76,9.0,233.0,357518080165368.0,16.0,0.0,1583839719.0,1223.0,10.24,,EC 208
2020-03-10 11:28:55.942,mijnomgeving,357518080495682,1583839735942,2.0,52.549718,5.5890126,4.0,68420.0,75.0,4.2,10.0,54.0,357518080495682.0,32.0,0.0,1583839722.0,1659.0,10.6,,EC 316
2020-03-10 11:28:55.980,mijnomgeving,357518080494776,1583839735980,1.0,52.2261575,5.1746539,8.0,28818.0,12.0,4.17,10.0,248.0,357518080494776.0,32.0,0.0,1583839664.0,136.0,11.83,,EC 330
2020-03-10 11:28:56.069,mijnomgeving,357518080495526,1583839736069,1.0,52.2257225,5.1756257,5.0,7218.0,135.0,4.15,10.0,221.0,357518080495526.0,32.0,0.0,1583839607.0,129.0,11.83,,EC 327
2020-03-10 11:28:56.189,mijnomgeving,357518080495088,1583839736189,1.0,52.2261382,5.1741854,6.0,16335.0,17.0,3.9,24.0,198.0,357518080495088.0,32.0,0.0,1583839663.0,0.0,22.59,2.988,EC 321
2020-03-10 11:29:24.871,mijnomgeving,357518080166960,1583839764871,17.0,52.7138998,6.878624,5.0,164726.0,-17.0,3.969999999999999,10.0,234.0,357518080166960.0,32.0,1.0,1583839768.0,544.0,9.98,,EC 232
2020-03-10 11:30:24.348,mijnomgeving,357518080166580,1583839824348,12.0,52.36026,4.8154305,4.0,23422.0,5.0,4.05,9.0,0.0,357518080166580.0,32.0,0.0,1583839822.0,662.0,9.45,,EC 224
2020-03-10 11:31:04.844,mijnomgeving,357518080165475,1583839864844,3.0,52.3720463,4.9250667,6.0,13194949.0,20.0,4.12,9.0,221.0,357518080165475.0,1.0,0.0,1583839881.0,1429.0,9.45,,EC 201
2020-03-10 11:32:39.607,mijnomgeving,357518080163249,1583839959607,4.0,,,,18914.0,,4.17,10.0,,357518080163249.0,32.0,,1583839945.0,476.0,10.69,,EC 212
2020-03-10 11:33:23.600,mijnomgeving,357518080166754,1583840003600,3.0,52.3538813,4.9248475,5.0,21069048.0,4.0,4.18,10.0,250.0,357518080166754.0,16.0,0.0,1583840011.0,1228.0,10.16,,EC 204
2020-03-10 11:33:29.488,mijnomgeving,357518080163173,1583840009488,3.0,52.7218133,6.8191182,5.0,29712.0,16.0,3.96,10.0,0.0,357518080163173.0,32.0,0.0,1583840007.0,485.0,9.54,,EC 231
2020-03-10 11:33:29.522,mijnomgeving,357518080166887,1583840009522,32.0,52.3702662,4.9008831,9.0,11929581.0,5.0,3.61,10.0,0.0,357518080166887.0,4.0,0.0,1583840006.0,46.0,13.42,,EC 200
2020-03-10 11:33:47.681,mijnomgeving,357518080164395,1583840027681,21.0,51.8983045,4.4232622,5.0,36030.0,3.0,4.04,9.0,0.0,357518080164395.0,32.0,0.0,1583840025.0,825.0,10.16,,EC 241
2020-03-10 11:34:07.214,mijnomgeving,357518080330582,1583840047214,6.0,52.3728784,4.9463569,4.0,4516.0,26.0,4.11,11.0,236.0,357518080330582.0,32.0,0.0,1583840043.0,1705.0,10.07,,EC 219
2020-03-10 11:36:28.155,mijnomgeving,357518080494859,1583840188155,0.0,52.5409676,5.5888252,5.0,47718.0,-2.0,4.17,10.0,217.0,357518080494859.0,32.0,0.0,1583840185.0,1847.0,10.24,,EC 302
2020-03-10 11:36:47.154,mijnomgeving,357518080495088,1583840207154,1.0,52.2261544,5.1742414,6.0,16875.0,26.0,3.9,24.0,240.0,357518080495088.0,32.0,0.0,1583840203.0,0.0,22.5,2.988,EC 321
2020-03-10 11:36:48.060,mijnomgeving,357518080328131,1583840208060,21.0,52.3869363,4.9176164,7.0,65731.0,17.0,3.83,10.0,217.0,357518080328131.0,32.0,0.0,1583840208.0,52.0,11.74,,EC 230
2020-03-10 11:36:48.131,mijnomgeving,357518080494818,1583840208131,11.0,52.8091328,5.7460638,4.0,9029.0,101.0,4.22,10.0,210.0,357518080494818.0,32.0,1.0,1583840204.0,1632.0,10.51,,EC 309
2020-03-10 11:37:51.163,mijnomgeving,357518080332257,1583840271163,3.0,51.8982309,4.4233366,6.0,55813.0,5.0,4.09,8.0,0.0,357518080332257.0,32.0,0.0,1583840232.0,557.0,9.89,,EC 240
2020-03-10 11:38:09.406,mijnomgeving,357518080171390,1583840289406,31.0,52.0319832,5.3036047,9.0,21699968.0,4.0,4.18,9.0,221.0,357518080171390.0,64.0,0.0,1583840298.0,826.0,10.33,,EC 202
2020-03-10 11:38:11.331,mijnomgeving,357518080330764,1583840291331,14.0,51.8212989,4.6107878,4.0,48624.0,-9.0,3.94,10.0,6.0,357518080330764.0,32.0,0.0,1583840290.0,332.0,11.3,,EC 244
2020-03-10 11:38:17.712,mijnomgeving,357518080332265,1583840297712,16.0,52.3917206,4.9373847,4.0,42326.0,10.0,3.7,10.0,0.0,357518080332265.0,32.0,0.0,1583840296.0,1529.0,10.33,,EC 221
2020-03-10 11:38:18.293,mijnomgeving,357518080170889,1583840298293,23.0,52.0147014,4.2951949,6.0,117933.0,32.0,4.189999999999999,7.0,11.0,357518080170889.0,32.0,0.0,1583840299.0,899.0,11.92,,EC 236
2020-03-10 11:39:26.502,mijnomgeving,357518080169006,1583840366502,2.0,,,,10812.0,,3.64,10.0,,357518080169006.0,32.0,,1583840364.0,796.0,11.04,,EC 213
2020-03-10 11:39:49.586,mijnomgeving,357518080166663,1583840389586,1.0,51.89809,4.4233227,4.0,114311.0,5.0,4.12,8.0,0.0,357518080166663.0,32.0,0.0,1583840325.0,757.0,9.89,,EC 243
2020-03-10 11:40:32.414,mijnomgeving,357518080494909,1583840432414,1.0,52.2263097,5.1745202,5.0,423018.0,-13.0,4.17,8.0,244.0,357518080494909.0,32.0,0.0,1583840450.0,117.0,12.1,,EC 329
2020-03-10 11:40:46.424,mijnomgeving,357518080495088,1583840446424,1.0,52.2259812,5.1743329,5.0,17115.0,38.0,3.9,24.0,8.0,357518080495088.0,32.0,0.0,1583840443.0,0.0,22.5,2.988,EC 321
2020-03-10 11:41:18.583,mijnomgeving,357518080167000,1583840478583,2.0,52.1739429,5.035857,4.0,126013.0,-13.0,4.14,8.0,0.0,357518080167000.0,32.0,0.0,1583840481.0,617.0,9.45,,EC 228
2020-03-10 11:41:46.508,mijnomgeving,357518080495088,1583840506508,1.0,52.22612,5.1742473,5.0,17175.0,20.0,3.91,24.0,230.0,357518080495088.0,32.0,0.0,1583840503.0,0.0,22.5,2.988,EC 321
2020-03-10 11:41:58.997,mijnomgeving,357518080168917,1583840518997,1.0,52.3404902,4.9256071,6.0,21691865.0,24.0,4.01,9.0,0.0,357518080168917.0,16.0,0.0,1583840518.0,53.0,12.36,,EC 209
2020-03-10 11:42:04.851,mijnomgeving,357518080203151,1583840524851,32.0,52.4208435,4.8601301,9.0,21663966.0,-3.0,4.17,9.0,0.0,357518080203151.0,16.0,0.0,1583840520.0,80.0,10.07,,EC Prototype 001
2020-03-10 11:43:15.596,mijnomgeving,357518080163405,1583840595596,7.0,52.3729596,4.9162300000000005,5.0,45017.0,44.0,4.14,8.0,244.0,357518080163405.0,32.0,0.0,1583840594.0,1663.0,9.8,,EC 226
2020-03-10 11:43:24.614,mijnomgeving,357518080495104,1583840604614,1.0,52.3375284,5.5375342,6.0,108918.0,-53.0,4.13,12.0,21.0,357518080495104.0,32.0,0.0,1583840606.0,1240.0,10.77,,EC 312
2020-03-10 11:44:40.700,mijnomgeving,357518080166960,1583840680700,33.0,52.7137316,6.8788385,5.0,165642.0,24.0,3.96,10.0,0.0,357518080166960.0,32.0,0.0,1583840684.0,541.0,9.98,,EC 232
2020-03-10 11:44:47.272,mijnomgeving,357518080165368,1583840687272,17.0,52.3397457,4.9108806,5.0,20652377.0,-2.0,3.77,9.0,0.0,357518080165368.0,16.0,0.0,1583840614.0,1210.0,10.16,,EC 208
2020-03-10 11:45:39.971,mijnomgeving,357518080166580,1583840739971,28.0,52.360388,4.8156102,8.0,24338.0,2.0,4.05,8.0,0.0,357518080166580.0,32.0,0.0,1583840738.0,663.0,9.45,,EC 224
2020-03-10 11:46:11.830,mijnomgeving,357518080165475,1583840771830,10.0,52.3725151,4.9228429,6.0,13195856.0,473.0,4.12,9.0,231.0,357518080165475.0,1.0,0.0,1583840788.0,1331.0,9.45,,EC 201
2020-03-10 11:47:32.515,mijnomgeving,357518080163249,1583840852515,5.0,,,,19815.0,,4.16,10.0,,357518080163249.0,32.0,,1583840846.0,459.0,10.69,,EC 212
2020-03-10 11:47:57.883,mijnomgeving,357518080495161,1583840877883,3.0,52.4997826,5.4525577,7.0,6451224.0,-8.0,4.189999999999999,10.0,205.0,357518080495161.0,32.0,2.0,1583840880.0,924.0,10.07,,EC 315
2020-03-10 11:47:59.943,mijnomgeving,357518080166887,1583840879943,4.0,52.370211,4.9009086,8.0,11930453.0,10.0,3.61,10.0,254.0,357518080166887.0,4.0,0.0,1583840878.0,44.0,13.51,,EC 200
2020-03-10 11:48:25.427,mijnomgeving,357518080166754,1583840905427,6.0,52.3535476,4.9249594,5.0,21069951.0,-5.0,4.17,10.0,0.0,357518080166754.0,16.0,0.0,1583840914.0,1226.0,10.16,,EC 204
2020-03-10 11:48:32.523,mijnomgeving,357518080163173,1583840912523,6.0,52.7217627,6.8191325,6.0,30616.0,10.0,3.96,9.0,34.0,357518080163173.0,32.0,0.0,1583840911.0,490.0,9.54,,EC 231
2020-03-10 11:48:37.486,mijnomgeving,357518080164395,1583840917486,4.0,51.8983634,4.4232202,5.0,36914.0,26.0,4.04,8.0,211.0,357518080164395.0,32.0,0.0,1583840909.0,825.0,10.16,,EC 241
2020-03-10 11:49:06.560,mijnomgeving,357518080330582,1583840946560,6.0,52.3731747,4.9460371,5.0,5416.0,-15.0,4.11,11.0,236.0,357518080330582.0,32.0,0.0,1583840944.0,1693.0,10.07,,EC 219
2020-03-10 11:49:12.525,mijnomgeving,357518080495088,1583840952525,1.0,52.2261058,5.1741722,5.0,17595.0,36.0,3.9,24.0,0.0,357518080495088.0,32.0,1.0,1583840923.0,0.0,22.41,2.988,EC 321
2020-03-10 11:49:46.063,mijnomgeving,357518080495088,1583840986063,0.0,52.2261876,5.1743387,5.0,17655.0,26.0,3.9,24.0,225.0,357518080495088.0,32.0,2.0,1583840982.0,0.0,22.41,2.988,EC 321
2020-03-10 11:51:40.832,mijnomgeving,357518080328131,1583841100832,14.0,52.3869346,4.9175166,5.0,66624.0,107.0,3.8200000000000003,10.0,225.0,357518080328131.0,32.0,0.0,1583841101.0,50.0,11.74,,EC 230
2020-03-10 11:52:13.323,mijnomgeving,357518080332257,1583841133323,2.0,51.8982298,4.4233553,4.0,56711.0,10.0,4.09,8.0,241.0,357518080332257.0,32.0,0.0,1583841131.0,565.0,9.89,,EC 240
2020-03-10 11:52:40.429,mijnomgeving,357518080171390,1583841160429,2.0,52.0319259,5.3035911,7.0,21700839.0,14.0,4.18,10.0,0.0,357518080171390.0,64.0,0.0,1583841169.0,829.0,10.33,,EC 202
2020-03-10 11:52:58.593,mijnomgeving,357518080170889,1583841178593,4.0,52.0147104,4.2953377,5.0,118814.0,8.0,4.189999999999999,7.0,210.0,357518080170889.0,32.0,0.0,1583841180.0,858.0,12.01,,EC 236
2020-03-10 11:53:07.151,mijnomgeving,357518080332265,1583841187151,5.0,52.3922103,4.9372813,4.0,43215.0,4.0,3.7,10.0,0.0,357518080332265.0,32.0,0.0,1583841185.0,1527.0,10.33,,EC 221
2020-03-10 11:53:07.991,mijnomgeving,357518080330764,1583841187991,11.0,51.821346,4.6109436,4.0,49521.0,21.0,3.95,11.0,0.0,357518080330764.0,32.0,0.0,1583841187.0,334.0,11.39,,EC 244
2020-03-10 11:54:11.914,mijnomgeving,357518080166663,1583841251914,14.0,51.89722,4.4222073,4.0,115224.0,132.0,4.12,9.0,251.0,357518080166663.0,32.0,0.0,1583841238.0,773.0,9.89,,EC 243
2020-03-10 11:54:24.455,mijnomgeving,357518080495070,1583841264455,1.0,52.2261277,5.1743184,5.0,15318.0,23.0,4.04,23.0,227.0,357518080495070.0,32.0,1.0,1583841261.0,0.0,21.88,,EC 320
2020-03-10 11:54:27.313,mijnomgeving,357518080169006,1583841267313,3.0,,,,11713.0,,3.64,10.0,,357518080169006.0,32.0,,1583841265.0,788.0,11.13,,EC 213
2020-03-10 11:55:07.467,mijnomgeving,357518080494875,1583841307467,1.0,52.6582626,5.6146387,4.0,52218.0,-3.0,4.189999999999999,9.0,49.0,357518080494875.0,32.0,0.0,1583841283.0,1869.0,10.24,,EC 311
2020-03-10 11:55:07.511,mijnomgeving,357518080495088,1583841307511,1.0,52.226143,5.1745009,7.0,144.0,-2.0,3.91,24.0,229.0,357518080495088.0,32.0,0.0,1583841272.0,1.0,22.41,2.988,EC 321
2020-03-10 11:55:07.583,mijnomgeving,357518080495146,1583841307583,1.0,52.3869702,5.312188,10.0,22518.0,-7.0,4.17,11.0,241.0,357518080495146.0,32.0,0.0,1583841272.0,1691.0,10.42,,EC 317
2020-03-10 11:55:11.474,mijnomgeving,357518080495112,1583841311474,23.0,52.8375186,5.7138667,5.0,93639.0,-13.0,4.22,10.0,218.0,357518080495112.0,32.0,0.0,1583841311.0,1747.0,10.33,,EC 306
2020-03-10 11:55:47.531,mijnomgeving,357518080495088,1583841347531,1.0,52.22619,5.1744969,8.0,195.0,9.0,3.9,24.0,230.0,357518080495088.0,32.0,0.0,1583841323.0,1.0,22.41,2.988,EC 321
2020-03-10 11:56:30.346,mijnomgeving,357518080203151,1583841390346,3.0,52.420712,4.8602287,8.0,21664837.0,-29.0,4.16,8.0,233.0,357518080203151.0,16.0,0.0,1583841391.0,81.0,10.07,,EC Prototype 001
2020-03-10 11:56:39.847,mijnomgeving,357518080167000,1583841399847,23.0,52.1739481,5.0359949,7.0,126934.0,-1.0,4.13,8.0,42.0,357518080167000.0,32.0,0.0,1583841402.0,617.0,9.45,,EC 228
2020-03-10 11:56:52.930,mijnomgeving,357518080168917,1583841412930,2.0,52.3406458,4.9256931,5.0,21692766.0,-28.0,4.01,10.0,214.0,357518080168917.0,16.0,0.0,1583841419.0,53.0,12.27,,EC 209
2020-03-10 11:58:13.891,mijnomgeving,357518080163405,1583841493891,5.0,52.3725833,4.9164744,4.0,45915.0,62.0,4.14,8.0,0.0,357518080163405.0,32.0,0.0,1583841492.0,1656.0,9.8,,EC 226
2020-03-10 11:58:25.586,mijnomgeving,357518080165368,1583841505586,23.0,52.3399218,4.9109289,5.0,20653283.0,-18.0,3.76,10.0,0.0,357518080165368.0,16.0,0.0,1583841520.0,1204.0,10.24,,EC 208
2020-03-10 11:59:27.585,mijnomgeving,357518080497662,1583841567585,1.0,52.2260938,5.1746941,8.0,41.0,27.0,4.22,12.0,230.0,357518080497662.0,32.0,0.0,1583841531.0,133.0,12.27,,EC 328
2020-03-10 11:59:27.679,mijnomgeving,357518080495088,1583841567679,1.0,52.2262073,5.174418,8.0,435.0,9.0,3.9,24.0,233.0,357518080495088.0,32.0,0.0,1583841563.0,1.0,22.41,2.988,EC 321
2020-03-10 11:59:54.649,mijnomgeving,357518080166960,1583841594649,46.0,52.7139456,6.8790125,8.0,166556.0,0.0,3.96,10.0,29.0,357518080166960.0,32.0,0.0,1583841597.0,541.0,9.98,,EC 232
2020-03-10 12:00:14.195,mijnomgeving,357518080166580,1583841614195,2.0,52.3604065,4.815563,7.0,25212.0,13.0,4.05,8.0,0.0,357518080166580.0,32.0,0.0,1583841612.0,662.0,9.54,,EC 224
2020-03-10 12:01:32.530,mijnomgeving,357518080165475,1583841692530,32.0,52.3720457,4.9252331,9.0,13196777.0,5.0,4.12,9.0,206.0,357518080165475.0,1.0,0.0,1583841709.0,1347.0,9.54,,EC 201
2020-03-10 12:02:07.945,mijnomgeving,357518080494826,1583841727945,0.0,52.2261683,5.1746611,6.0,41.0,29.0,4.18,13.0,1.0,357518080494826.0,32.0,0.0,1583841722.0,128.0,11.74,,EC 323
2020-03-10 12:02:54.147,mijnomgeving,357518080163249,1583841774147,24.0,,,,20734.0,,4.17,11.0,,357518080163249.0,32.0,,1583841765.0,447.0,10.69,,EC 212
2020-03-10 12:03:01.081,mijnomgeving,357518080166887,1583841781081,5.0,52.3702744,4.900886,7.0,11931354.0,24.0,3.61,10.0,254.0,357518080166887.0,4.0,0.0,1583841779.0,43.0,13.33,,EC 200
2020-03-10 12:03:13.042,mijnomgeving,357518080495161,1583841793042,3.0,52.499702,5.4528852,5.0,6452124.0,-23.0,4.189999999999999,10.0,34.0,357518080495161.0,32.0,4.0,1583841781.0,921.0,10.07,,EC 315
2020-03-10 12:03:13.077,mijnomgeving,357518080495088,1583841793077,1.0,52.2262094,5.174445,6.0,624.0,2.0,3.9,24.0,236.0,357518080495088.0,32.0,0.0,1583841752.0,1.0,22.32,2.988,EC 321
2020-03-10 12:03:15.957,mijnomgeving,357518080494982,1583841795957,0.0,52.2260638,5.1747465,5.0,41.0,36.0,4.16,12.0,254.0,357518080494982.0,32.0,0.0,1583841783.0,132.0,12.1,,EC 326
2020-03-10 12:03:23.016,mijnomgeving,357518080495021,1583841803016,49.0,53.1559388,7.0212388,5.0,45066.0,-50.0,3.93,14.0,233.0,357518080495021.0,32.0,1.0,1583841801.0,1.0,15.18,,EC 325
2020-03-10 12:03:27.013,mijnomgeving,357518080495088,1583841807013,1.0,52.2263265,5.1743191,7.0,675.0,32.0,3.9,24.0,237.0,357518080495088.0,32.0,0.0,1583841803.0,0.0,22.32,2.988,EC 321
2020-03-10 12:03:32.860,mijnomgeving,357518080164395,1583841812860,5.0,51.8980342,4.4233096,4.0,37815.0,14.0,4.04,9.0,0.0,357518080164395.0,32.0,0.0,1583841810.0,823.0,10.16,,EC 241
2020-03-10 12:03:36.500,mijnomgeving,357518080163173,1583841816500,10.0,52.722248,6.8199632,5.0,31520.0,-12.0,3.969999999999999,9.0,0.0,357518080163173.0,32.0,0.0,1583841814.0,491.0,9.63,,EC 231
2020-03-10 12:03:41.909,mijnomgeving,357518080166754,1583841821909,22.0,52.353876,4.9247595,5.0,21070867.0,-5.0,4.17,9.0,7.0,357518080166754.0,16.0,0.0,1583841830.0,1224.0,10.16,,EC 204
2020-03-10 12:04:10.519,mijnomgeving,357518080330582,1583841850519,9.0,52.3732015,4.9459392,4.0,6319.0,4.0,4.11,11.0,253.0,357518080330582.0,32.0,0.0,1583841847.0,1695.0,10.07,,EC 219
2020-03-10 12:06:02.356,mijnomgeving,357518080495088,1583841962356,1.0,52.2260875,5.174532,7.0,795.0,-16.0,3.9,24.0,235.0,357518080495088.0,32.0,0.0,1583841923.0,1.0,22.32,2.988,EC 321
2020-03-10 12:06:48.055,mijnomgeving,357518080328131,1583842008055,21.0,52.3867942,4.9176508,6.0,67531.0,44.0,3.83,10.0,245.0,357518080328131.0,32.0,0.0,1583842008.0,52.0,11.83,,EC 230
2020-03-10 12:07:40.270,mijnomgeving,357518080171390,1583842060270,2.0,52.0317494,5.3038054,6.0,21701739.0,-15.0,4.17,10.0,0.0,357518080171390.0,64.0,0.0,1583842069.0,826.0,10.42,,EC 202
2020-03-10 12:07:40.635,mijnomgeving,357518080494834,1583842060635,1.0,52.4253597,5.4212757,5.0,229518.0,65.0,4.11,10.0,242.0,357518080494834.0,32.0,8.0,1583842065.0,1306.0,10.77,,EC 314
2020-03-10 12:07:49.567,mijnomgeving,357518080332257,1583842069567,28.0,51.898265,4.4232863,6.0,57638.0,6.0,4.1,9.0,0.0,357518080332257.0,32.0,0.0,1583842058.0,558.0,9.89,,EC 240
2020-03-10 12:07:57.474,mijnomgeving,357518080170889,1583842077474,3.0,52.0146608,4.295235,5.0,119713.0,-5.0,4.189999999999999,7.0,215.0,357518080170889.0,32.0,1.0,1583842079.0,964.0,12.1,,EC 236
2020-03-10 12:08:13.988,mijnomgeving,357518080332265,1583842093988,9.0,52.3922463,4.9373173,4.0,44118.0,2.0,3.7,9.0,244.0,357518080332265.0,32.0,1.0,1583842088.0,1530.0,10.33,,EC 221
2020-03-10 12:08:23.822,mijnomgeving,357518080330764,1583842103822,27.0,51.8210042,4.6106934,5.0,50437.0,-3.0,3.94,11.0,0.0,357518080330764.0,32.0,0.0,1583842103.0,333.0,11.39,,EC 244
2020-03-10 12:09:24.768,mijnomgeving,357518080166663,1583842164768,27.0,51.8982164,4.4232925,9.0,116136.0,-1.0,4.12,9.0,244.0,357518080166663.0,32.0,0.0,1583842150.0,771.0,9.89,,EC 243
2020-03-10 12:09:35.109,mijnomgeving,357518080200454,1583842175109,3.0,52.3313152,5.0624497999999996,4.0,23514365.0,-18.0,3.85,12.0,220.0,357518080200454.0,16.0,0.0,1583842166.0,6178.0,9.63,,EC Prototype 002
2020-03-10 12:09:47.010,mijnomgeving,357518080169006,1583842187010,23.0,,,,12633.0,,3.64,10.0,,357518080169006.0,32.0,,1583842185.0,785.0,11.13,,EC 213
2020-03-10 12:10:12.810,mijnomgeving,357518080494875,1583842212810,27.0,52.6579043,5.6148354,7.0,53144.0,12.0,4.189999999999999,10.0,21.0,357518080494875.0,32.0,0.0,1583842209.0,1868.0,10.33,,EC 311
2020-03-10 12:10:47.236,mijnomgeving,357518080494909,1583842247236,1.0,52.2261207,5.1746891,4.0,424818.0,14.0,4.17,9.0,240.0,357518080494909.0,32.0,0.0,1583842250.0,117.0,12.1,,EC 329
2020-03-10 12:11:18.594,mijnomgeving,357518080167000,1583842278594,2.0,52.1740012,5.0359908,5.0,127813.0,0.0,4.13,8.0,49.0,357518080167000.0,32.0,0.0,1583842281.0,617.0,9.45,,EC 228
2020-03-10 12:11:33.157,mijnomgeving,357518080203151,1583842293157,4.0,52.4209202,4.8601014,8.0,21665738.0,9.0,4.16,8.0,0.0,357518080203151.0,16.0,0.0,1583842292.0,80.0,10.07,,EC Prototype 001
2020-03-10 12:11:43.316,mijnomgeving,357518080494768,1583842303316,3.0,52.4166034,5.22639,4.0,137719.0,20.0,4.21,10.0,215.0,357518080494768.0,32.0,1.0,1583842295.0,1715.0,10.77,,EC 305
2020-03-10 12:11:43.386,mijnomgeving,357518080497423,1583842303386,16.0,52.5230076,5.5902325,8.0,329433.0,-14.0,4.18,10.0,232.0,357518080497423.0,32.0,0.0,1583842312.0,2083.0,10.42,,EC 318
2020-03-10 12:12:04.314,mijnomgeving,357518080168917,1583842324314,4.0,52.3406787,4.9253224,5.0,21693677.0,-5.0,4.01,9.0,0.0,357518080168917.0,16.0,0.0,1583842330.0,53.0,12.36,,EC 209
2020-03-10 12:13:26.778,mijnomgeving,357518080165368,1583842406778,18.0,52.3397624,4.9107819,6.0,20654178.0,1.0,3.77,9.0,21.0,357518080165368.0,16.0,0.0,1583842415.0,1193.0,10.24,,EC 208
2020-03-10 12:13:39.803,mijnomgeving,357518080163405,1583842419803,31.0,52.3730454,4.9159927,7.0,46841.0,22.0,4.14,8.0,0.0,357518080163405.0,32.0,0.0,1583842418.0,1653.0,9.8,,EC 226
2020-03-10 12:15:14.842,mijnomgeving,357518080166580,1583842514842,2.0,52.360422,4.8152840999999995,7.0,26112.0,19.0,4.05,9.0,204.0,357518080166580.0,32.0,0.0,1583842512.0,663.0,9.54,,EC 224
2020-03-10 12:15:40.859,mijnomgeving,357518080166960,1583842540859,93.0,52.7141554,6.8790255,7.0,167503.0,-22.0,3.96,11.0,4.0,357518080166960.0,32.0,0.0,1583842544.0,545.0,9.98,,EC 232
2020-03-10 12:15:51.885,mijnomgeving,357518080495120,1583842551885,6.0,52.3338507,5.312608,8.0,48.0,-14.0,4.18,11.0,203.0,357518080495120.0,32.0,0.0,1583842547.0,1494.0,9.98,,EC 303
2020-03-10 12:15:57.866,mijnomgeving,357518080495534,1583842557866,1.0,52.5326686,5.5931111,9.0,48618.0,-9.0,4.21,11.0,3.0,357518080495534.0,32.0,0.0,1583842554.0,2084.0,10.51,,EC 307
2020-03-10 12:16:02.428,mijnomgeving,357518080165475,1583842562428,1.0,52.3720906,4.9252439,7.0,13197647.0,11.0,4.12,8.0,0.0,357518080165475.0,1.0,0.0,1583842579.0,1321.0,9.54,,EC 201
2020-03-10 12:16:12.900,mijnomgeving,357518080495153,1583842572900,1.0,52.5790064,5.7567563,6.0,16218.0,9.0,4.189999999999999,10.0,1.0,357518080495153.0,32.0,0.0,1583842570.0,2583.0,10.07,,EC 313
2020-03-10 12:17:25.046,mijnomgeving,357518080497696,1583842645046,1.0,52.5172792,5.5094433,4.0,51317.0,-4.0,4.17,10.0,6.0,357518080497696.0,32.0,0.0,1583842633.0,1033.0,10.24,,EC 319
2020-03-10 12:17:27.451,mijnomgeving,357518080163249,1583842647451,4.0,,,,21614.0,,4.17,10.0,,357518080163249.0,32.0,,1583842645.0,443.0,10.77,,EC 212
2020-03-10 12:18:32.363,mijnomgeving,357518080166754,1583842712363,2.0,52.3538207,4.9248268,5.0,21071747.0,-2.0,4.17,9.0,231.0,357518080166754.0,16.0,3.0,1583842710.0,1221.0,10.24,,EC 204
2020-03-10 12:18:32.996,mijnomgeving,357518080166887,1583842712996,34.0,52.3702715,4.9008655999999995,7.0,11932283.0,14.0,3.61,10.0,255.0,357518080166887.0,4.0,0.0,1583842708.0,36.0,13.15,,EC 200
2020-03-10 12:18:36.044,mijnomgeving,357518080163173,1583842716044,9.0,52.7216016,6.8182694,4.0,32419.0,64.0,3.96,10.0,212.0,357518080163173.0,32.0,0.0,1583842714.0,490.0,9.63,,EC 231
2020-03-10 12:18:38.240,mijnomgeving,357518080164395,1583842718240,6.0,51.8983258,4.4231633,4.0,38716.0,-17.0,4.04,8.0,246.0,357518080164395.0,32.0,0.0,1583842711.0,820.0,10.16,,EC 241
2020-03-10 12:19:17.606,mijnomgeving,357518080330582,1583842757606,17.0,52.3730433,4.9459923,7.0,7227.0,-10.0,4.11,11.0,251.0,357518080330582.0,32.0,0.0,1583842755.0,1695.0,10.07,,EC 219
2020-03-10 12:20:27.383,mijnomgeving,357518080495088,1583842827383,1.0,52.2261085,5.1745007,6.0,1695.0,-25.0,3.9,24.0,251.0,357518080495088.0,32.0,0.0,1583842823.0,0.0,22.32,3.041,EC 321
2020-03-10 12:21:26.426,mijnomgeving,357518080494859,1583842886426,1.0,52.54097,5.5887905,8.0,50418.0,-4.0,4.17,10.0,51.0,357518080494859.0,32.0,0.0,1583842884.0,1827.0,10.33,,EC 302
2020-03-10 12:21:27.408,mijnomgeving,357518080495088,1583842887408,1.0,52.2261033,5.1745163,6.0,1755.0,-21.0,3.9,24.0,249.0,357518080495088.0,32.0,0.0,1583842883.0,1.0,22.41,2.988,EC 321
2020-03-10 12:21:38.408,mijnomgeving,357518080494818,1583842898408,1.0,52.8092344,5.7453329,9.0,11719.0,5.0,4.22,10.0,13.0,357518080494818.0,32.0,0.0,1583842894.0,1633.0,10.51,,EC 309
2020-03-10 12:21:41.192,mijnomgeving,357518080328131,1583842901192,4.0,52.386832,4.917813,5.0,68414.0,64.0,3.83,10.0,218.0,357518080328131.0,32.0,0.0,1583842891.0,51.0,12.01,,EC 230
2020-03-10 12:22:27.684,mijnomgeving,357518080495088,1583842947684,1.0,52.2261566,5.1744747,6.0,1815.0,-13.0,3.9,24.0,46.0,357518080495088.0,32.0,0.0,1583842943.0,1.0,22.41,2.988,EC 321
2020-03-10 12:22:35.799,mijnomgeving,357518080332257,1583842955799,2.0,51.8982232,4.4232978,6.0,58512.0,-12.0,4.1,8.0,220.0,357518080332257.0,32.0,0.0,1583842932.0,546.0,9.89,,EC 240
2020-03-10 12:22:39.449,mijnomgeving,357518080171390,1583842959449,1.0,52.0318024,5.3037212,5.0,21702638.0,1.0,4.17,10.0,0.0,357518080171390.0,64.0,0.0,1583842968.0,826.0,10.42,,EC 202
2020-03-10 12:23:01.515,mijnomgeving,357518080170889,1583842981515,7.0,52.014701,4.2954169,5.0,120617.0,-8.0,4.189999999999999,7.0,211.0,357518080170889.0,32.0,0.0,1583842983.0,1126.0,12.71,,EC 236
2020-03-10 12:23:08.744,mijnomgeving,357518080494834,1583842988744,1.0,52.4255359,5.4206766,5.0,230418.0,-15.0,4.11,10.0,253.0,357518080494834.0,32.0,0.0,1583842965.0,1338.0,10.95,,EC 314
2020-03-10 12:23:09.294,mijnomgeving,357518080332265,1583842989294,4.0,52.3923981,4.9373344,4.0,45013.0,20.0,3.71,9.0,0.0,357518080332265.0,32.0,0.0,1583842983.0,1527.0,10.42,,EC 221
2020-03-10 12:23:17.929,mijnomgeving,357518080330764,1583842997929,21.0,51.8209697,4.6107274,5.0,51331.0,-5.0,3.94,10.0,54.0,357518080330764.0,32.0,1.0,1583842997.0,332.0,11.48,,EC 244
2020-03-10 12:23:28.696,mijnomgeving,357518080495187,1583843008696,1.0,52.6351604,5.8235181,5.0,250218.0,-3.0,4.24,12.0,8.0,357518080495187.0,32.0,0.0,1583843018.0,581.0,10.24,,EC 304
2020-03-10 12:23:36.749,mijnomgeving,357518080495088,1583843016749,1.0,52.2260469,5.1744909,6.0,1884.0,-24.0,3.9,24.0,1.0,357518080495088.0,32.0,0.0,1583843012.0,1.0,22.41,2.988,EC 321
2020-03-10 12:23:49.556,mijnomgeving,357518080166663,1583843029556,1.0,51.8982299,4.4233036,8.0,117011.0,2.0,4.13,8.0,225.0,357518080166663.0,32.0,0.0,1583843025.0,754.0,9.89,,EC 243
2020-03-10 12:24:19.683,mijnomgeving,357518080200454,1583843059683,4.0,52.3313782,5.0621842,4.0,23515266.0,-21.0,3.89,8.0,238.0,357518080200454.0,16.0,0.0,1583843067.0,6194.0,9.63,,EC Prototype 002
2020-03-10 12:24:27.313,mijnomgeving,357518080169006,1583843067313,3.0,,,,13513.0,,3.64,10.0,,357518080169006.0,32.0,,1583843065.0,779.0,11.21,,EC 213
2020-03-10 12:26:16.050,mijnomgeving,357518080494875,1583843176050,1.0,52.6581018,5.6147343,5.0,54018.0,15.0,4.2,9.0,7.0,357518080494875.0,32.0,2.0,1583843083.0,1865.0,10.33,,EC 311
2020-03-10 12:26:16.098,mijnomgeving,357518080495088,1583843176098,1.0,52.2261227,5.1744223,6.0,1935.0,-6.0,3.9,24.0,6.0,357518080495088.0,32.0,0.0,1583843063.0,0.0,22.41,2.988,EC 321
2020-03-10 12:26:16.109,mijnomgeving,357518080495526,1583843176109,1.0,52.2260928,5.1747104,7.0,2728.0,14.0,4.16,10.0,49.0,357518080495526.0,32.0,0.0,1583843078.0,133.0,12.01,,EC 327
2020-03-10 12:26:16.306,mijnomgeving,357518080495088,1583843176306,1.0,52.2261643,5.1743987,6.0,1995.0,-2.0,3.9,24.0,5.0,357518080495088.0,32.0,0.0,1583843123.0,1.0,22.41,2.988,EC 321
2020-03-10 12:26:16.369,mijnomgeving,357518080495070,1583843176369,18.0,52.2261654,5.1743057,7.0,17135.0,28.0,4.03,23.0,246.0,357518080495070.0,32.0,0.0,1583843078.0,0.0,21.88,,EC 320
2020-03-10 12:26:16.465,mijnomgeving,357518080495112,1583843176465,1.0,52.8374319,5.713988,6.0,95417.0,-8.0,4.22,9.0,215.0,357518080495112.0,32.0,0.0,1583843089.0,1745.0,10.33,,EC 306
2020-03-10 12:26:18.426,mijnomgeving,357518080167000,1583843178426,2.0,52.1739924,5.0360092,5.0,128713.0,0.0,4.13,8.0,0.0,357518080167000.0,32.0,0.0,1583843181.0,615.0,9.45,,EC 228
2020-03-10 12:26:30.794,mijnomgeving,357518080203151,1583843190794,3.0,52.4208418,4.8602408,8.0,21666637.0,-14.0,4.17,8.0,31.0,357518080203151.0,16.0,0.0,1583843191.0,81.0,10.07,,EC Prototype 001
2020-03-10 12:26:51.648,mijnomgeving,357518080168917,1583843211648,2.0,52.3406864,4.9257498,5.0,21694566.0,2.0,4.01,9.0,229.0,357518080168917.0,16.0,1.0,1583843219.0,52.0,12.27,,EC 209
2020-03-10 12:27:40.502,mijnomgeving,357518080495088,1583843260502,1.0,52.2261077,5.1744072,6.0,2064.0,-16.0,3.9,24.0,3.0,357518080495088.0,32.0,0.0,1583843192.0,1.0,22.41,2.988,EC 321
2020-03-10 12:27:40.566,mijnomgeving,357518080494768,1583843260566,12.0,52.4161647,5.2278033,6.0,138628.0,33.0,4.21,11.0,222.0,357518080494768.0,32.0,4.0,1583843204.0,1735.0,10.77,,EC 305
2020-03-10 12:27:42.790,mijnomgeving,357518080495203,1583843262790,1.0,52.2261804,5.1745534,4.0,173734.0,20.0,4.17,10.0,246.0,357518080495203.0,32.0,0.0,1583843207.0,128.0,12.45,,EC 324
2020-03-10 12:27:42.860,mijnomgeving,357518080495088,1583843262860,1.0,52.2261117,5.1746952,6.0,2115.0,-34.0,3.9,24.0,9.0,357518080495088.0,32.0,0.0,1583843243.0,2.0,22.41,3.041,EC 321
2020-03-10 12:28:12.234,mijnomgeving,357518080163405,1583843292234,3.0,52.3730927,4.9158036,6.0,47713.0,39.0,4.14,8.0,42.0,357518080163405.0,32.0,1.0,1583843290.0,1651.0,9.8,,EC 226
2020-03-10 12:28:13.882,mijnomgeving,357518080497639,1583843293882,0.0,52.6592215,5.6608308,6.0,43217.0,-1.0,4.21,10.0,47.0,357518080497639.0,32.0,0.0,1583843275.0,2193.0,10.42,,EC 308
2020-03-10 12:28:25.504,mijnomgeving,357518080495104,1583843305504,1.0,52.3374588,5.5373888,7.0,111618.0,13.0,4.13,12.0,3.0,357518080495104.0,32.0,0.0,1583843306.0,743.0,10.86,,EC 312
2020-03-10 12:28:33.544,mijnomgeving,357518080497662,1583843313544,1.0,52.2261034,5.1747143,7.0,1819.0,15.0,4.21,11.0,11.0,357518080497662.0,32.0,0.0,1583843309.0,139.0,12.36,,EC 328
2020-03-10 12:28:36.263,mijnomgeving,357518080165368,1583843316263,19.0,52.3398579,4.9109133,7.0,20655079.0,-8.0,3.77,9.0,0.0,357518080165368.0,16.0,0.0,1583843316.0,1209.0,10.24,,EC 208
2020-03-10 12:28:36.467,mijnomgeving,357518080495088,1583843316467,1.0,52.2260755,5.1744957,6.0,2184.0,-21.0,3.9,24.0,255.0,357518080495088.0,32.0,0.0,1583843312.0,1.0,22.41,2.988,EC 321
2020-03-10 12:28:44.479,mijnomgeving,357518080495682,1583843324479,1.0,52.5495333,5.5881478,5.0,72018.0,-29.0,4.2,11.0,0.0,357518080495682.0,32.0,0.0,1583843320.0,1710.0,10.69,,EC 316
2020-03-10 12:28:57.573,mijnomgeving,357518080494776,1583843337573,0.0,52.2260607,5.1747722,9.0,41.0,31.0,4.17,11.0,0.0,357518080494776.0,32.0,0.0,1583843330.0,133.0,12.1,,EC 330
2020-03-10 12:29:39.913,mijnomgeving,357518080166960,1583843379913,32.0,52.713766,6.8789026,9.0,168342.0,25.0,3.96,10.0,0.0,357518080166960.0,32.0,0.0,1583843384.0,544.0,9.98,,EC 232
2020-03-10 12:30:16.435,mijnomgeving,357518080166580,1583843416435,4.0,52.3604121,4.8155719999999995,4.0,27014.0,17.0,4.05,8.0,0.0,357518080166580.0,32.0,0.0,1583843414.0,662.0,9.54,,EC 224
2020-03-10 12:31:03.022,mijnomgeving,357518080165475,1583843463022,1.0,52.3719514,4.9253533,8.0,13198547.0,5.0,4.12,9.0,17.0,357518080165475.0,1.0,1.0,1583843479.0,1354.0,9.54,,EC 201
2020-03-10 12:32:40.394,mijnomgeving,357518080163249,1583843560394,7.0,,,,22517.0,,4.17,10.0,,357518080163249.0,32.0,,1583843548.0,443.0,10.86,,EC 212
2020-03-10 12:32:51.222,mijnomgeving,357518080495161,1583843571222,3.0,52.4995031,5.453066,5.0,6453924.0,0.0,4.2,10.0,222.0,357518080495161.0,32.0,0.0,1583843581.0,909.0,10.16,,EC 315
2020-03-10 12:32:55.185,mijnomgeving,357518080495021,1583843575185,22.0,53.1564105,7.0211136,5.0,46839.0,-9.0,3.93,14.0,1.0,357518080495021.0,32.0,1.0,1583843574.0,0.0,15.18,,EC 325
2020-03-10 12:33:03.306,mijnomgeving,357518080166887,1583843583306,5.0,52.3701209,4.9010039,7.0,11933154.0,10.0,3.61,9.0,252.0,357518080166887.0,4.0,0.0,1583843579.0,35.0,13.15,,EC 200
2020-03-10 12:33:27.288,mijnomgeving,357518080495088,1583843607288,1.0,52.2261564,5.1743571,6.0,2475.0,-8.0,3.9,24.0,200.0,357518080495088.0,32.0,0.0,1583843603.0,1.0,22.41,2.988,EC 321
2020-03-10 12:33:33.472,mijnomgeving,357518080166754,1583843613472,3.0,52.3539641,4.9246107,4.0,21072648.0,-18.0,4.18,10.0,0.0,357518080166754.0,16.0,0.0,1583843611.0,1228.0,10.24,,EC 204
2020-03-10 12:33:39.342,mijnomgeving,357518080164395,1583843619342,7.0,51.8982282,4.423271,4.0,39617.0,-1.0,4.04,9.0,221.0,357518080164395.0,32.0,0.0,1583843612.0,821.0,10.16,,EC 241
2020-03-10 12:33:48.058,mijnomgeving,357518080163173,1583843628058,21.0,52.7218653,6.8191413999999995,9.0,33331.0,5.0,3.969999999999999,9.0,210.0,357518080163173.0,32.0,0.0,1583843626.0,494.0,9.63,,EC 231
2020-03-10 12:34:03.800,mijnomgeving,357518080330582,1583843643800,3.0,52.3730629,4.9459844,5.0,8113.0,-3.0,4.11,10.0,0.0,357518080330582.0,32.0,0.0,1583843641.0,1621.0,10.07,,EC 219
2020-03-10 12:35:50.441,mijnomgeving,357518080495088,1583843750441,1.0,52.2261448,5.1744988,6.0,2535.0,-14.0,3.9,24.0,24.0,357518080495088.0,32.0,0.0,1583843663.0,1.0,22.41,3.041,EC 321
2020-03-10 12:35:51.897,mijnomgeving,357518080495088,1583843751897,1.0,52.2261825,5.1743955,6.0,2595.0,-18.0,3.9,24.0,12.0,357518080495088.0,32.0,0.0,1583843723.0,1.0,22.41,2.988,EC 321
2020-03-10 12:36:27.526,mijnomgeving,357518080494859,1583843787526,1.0,52.5409694,5.5888057,8.0,51318.0,-2.0,4.17,9.0,0.0,357518080494859.0,32.0,0.0,1583843785.0,1821.0,10.33,,EC 302
2020-03-10 12:36:27.596,mijnomgeving,357518080495088,1583843787596,1.0,52.2261801,5.1744636,6.0,2655.0,2.0,3.9,24.0,205.0,357518080495088.0,32.0,0.0,1583843783.0,1.0,22.41,2.988,EC 321
2020-03-10 12:36:48.049,mijnomgeving,357518080328131,1583843808049,22.0,52.3865215,4.9177271,6.0,69332.0,0.0,3.8200000000000003,10.0,0.0,357518080328131.0,32.0,0.0,1583843809.0,51.0,12.01,,EC 230
2020-03-10 12:37:40.268,mijnomgeving,357518080171390,1583843860268,2.0,52.0319053,5.3037438,5.0,21703539.0,20.0,4.18,10.0,0.0,357518080171390.0,64.0,0.0,1583843869.0,826.0,10.42,,EC 202
2020-03-10 12:37:41.002,mijnomgeving,357518080332257,1583843861002,1.0,51.8983173,4.423263,6.0,59411.0,22.0,4.09,8.0,225.0,357518080332257.0,32.0,1.0,1583843831.0,531.0,9.89,,EC 240
2020-03-10 12:37:59.892,mijnomgeving,357518080170889,1583843879892,5.0,52.0147413,4.2957497,5.0,121515.0,-21.0,4.189999999999999,7.0,203.0,357518080170889.0,32.0,0.0,1583843881.0,1169.0,12.18,,EC 236
2020-03-10 12:38:09.624,mijnomgeving,357518080332265,1583843889624,8.0,52.3923128,4.9372573,4.0,45917.0,-1.0,3.7,9.0,25.0,357518080332265.0,32.0,0.0,1583843887.0,1524.0,10.42,,EC 221
2020-03-10 12:38:20.964,mijnomgeving,357518080330764,1583843900964,24.0,51.8208956,4.6104116,5.0,52234.0,-10.0,3.94,10.0,50.0,357518080330764.0,32.0,0.0,1583843900.0,333.0,11.48,,EC 244
2020-03-10 12:38:59.895,mijnomgeving,357518080166663,1583843939895,2.0,51.8982167,4.4233467,8.0,117911.0,-15.0,4.12,8.0,208.0,357518080166663.0,32.0,0.0,1583843925.0,712.0,9.89,,EC 243
2020-03-10 12:39:27.477,mijnomgeving,357518080169006,1583843967477,4.0,,,,14413.0,,3.64,10.0,,357518080169006.0,32.0,,1583843965.0,775.0,11.3,,EC 213
2020-03-10 12:39:28.416,mijnomgeving,357518080200454,1583843968416,13.0,52.3313521,5.0625899,4.0,23516175.0,49.0,3.88,8.0,0.0,357518080200454.0,16.0,1.0,1583843976.0,6198.0,9.63,,EC Prototype 002
2020-03-10 12:39:49.705,mijnomgeving,357518080495112,1583843989705,1.0,52.8373505,5.7139016,5.0,96318.0,-26.0,4.22,9.0,232.0,357518080495112.0,32.0,0.0,1583843990.0,1741.0,10.33,,EC 306
2020-03-10 12:40:31.002,mijnomgeving,357518080495070,1583844031002,0.0,52.2261565,5.1743883,7.0,40.0,11.0,4.02,24.0,245.0,357518080495070.0,32.0,0.0,1583844027.0,0.0,22.06,,EC 320
2020-03-10 12:40:36.009,mijnomgeving,357518080495088,1583844036009,1.0,52.2262245,5.174225,6.0,2904.0,14.0,3.9,24.0,200.0,357518080495088.0,32.0,0.0,1583844032.0,0.0,22.41,2.988,EC 321
2020-03-10 12:40:50.408,mijnomgeving,357518080494909,1583844050408,17.0,52.226119,5.1746725,7.0,426634.0,15.0,4.17,9.0,44.0,357518080494909.0,32.0,0.0,1583844066.0,117.0,12.18,,EC 329
2020-03-10 12:41:21.488,mijnomgeving,357518080167000,1583844081488,5.0,52.1739411,5.0359662,5.0,129616.0,-10.0,4.13,8.0,39.0,357518080167000.0,32.0,0.0,1583844084.0,618.0,9.45,,EC 228
2020-03-10 12:41:27.065,mijnomgeving,357518080495088,1583844087065,1.0,52.2261713,5.1745179,6.0,2955.0,-17.0,3.9,24.0,238.0,357518080495088.0,32.0,0.0,1583844083.0,2.0,22.41,2.988,EC 321
2020-03-10 12:41:31.329,mijnomgeving,357518080203151,1583844091329,2.0,52.4208647,4.8599694,7.0,21667536.0,-7.0,4.16,8.0,15.0,357518080203151.0,16.0,0.0,1583844090.0,81.0,10.07,,EC Prototype 001
2020-03-10 12:41:41.047,mijnomgeving,357518080495203,1583844101047,6.0,52.226113,5.1744641,4.0,174632.0,15.0,4.17,10.0,16.0,357518080495203.0,32.0,1.0,1583844105.0,131.0,12.45,,EC 324
2020-03-10 12:41:57.054,mijnomgeving,357518080494768,1583844117054,19.0,52.4170127,5.2258252,4.0,139535.0,16.0,4.21,10.0,242.0,357518080494768.0,32.0,4.0,1583844111.0,1731.0,10.69,,EC 305
2020-03-10 12:42:10.277,mijnomgeving,357518080497423,1583844130277,1.0,52.5229094,5.5902123,7.0,918.0,-9.0,4.17,10.0,255.0,357518080497423.0,32.0,0.0,1583844124.0,2071.0,10.51,,EC 318
2020-03-10 12:42:10.832,mijnomgeving,357518080168917,1583844130832,21.0,52.3406263,4.9256005,8.0,21695485.0,2.0,4.01,9.0,239.0,357518080168917.0,16.0,0.0,1583844138.0,53.0,12.27,,EC 209
2020-03-10 12:42:42.219,mijnomgeving,357518080495088,1583844162219,1.0,52.2261492,5.1744041,6.0,3024.0,-25.0,3.9,24.0,204.0,357518080495088.0,32.0,0.0,1583844152.0,2.0,22.41,2.988,EC 321
2020-03-10 12:42:59.843,mijnomgeving,357518080497639,1583844179843,0.0,52.6597383,5.660669,5.0,44118.0,60.0,4.21,10.0,14.0,357518080497639.0,32.0,3.0,1583844175.0,2191.0,10.42,,EC 308
2020-03-10 12:43:12.263,mijnomgeving,357518080163405,1583844192263,3.0,52.3729733,4.9161164,6.0,48613.0,10.0,4.14,7.0,251.0,357518080163405.0,32.0,0.0,1583844190.0,1647.0,9.8,,EC 226
2020-03-10 12:43:25.166,mijnomgeving,357518080495104,1583844205166,1.0,52.3374358,5.5374128,5.0,112518.0,5.0,4.13,11.0,11.0,357518080495104.0,32.0,0.0,1583844206.0,742.0,10.86,,EC 312
2020-03-10 12:43:26.956,mijnomgeving,357518080165368,1583844206956,18.0,52.3396541,4.9108001,4.0,20655978.0,19.0,3.77,9.0,16.0,357518080165368.0,16.0,0.0,1583844215.0,1208.0,10.33,,EC 208
2020-03-10 12:43:27.158,mijnomgeving,357518080495088,1583844207158,1.0,52.2262182,5.1741979,6.0,3075.0,14.0,3.9,24.0,245.0,357518080495088.0,32.0,0.0,1583844203.0,0.0,22.41,3.041,EC 321
2020-03-10 12:43:31.167,mijnomgeving,357518080494776,1583844211167,1.0,52.2260425,5.1747755,6.0,918.0,9.0,4.17,10.0,28.0,357518080494776.0,32.0,0.0,1583844207.0,137.0,12.1,,EC 330
2020-03-10 12:43:40.162,mijnomgeving,357518080495682,1583844220162,1.0,52.5495075,5.5881471,6.0,72918.0,-17.0,4.2,10.0,0.0,357518080495682.0,32.0,0.0,1583844220.0,1719.0,10.69,,EC 316
2020-03-10 12:43:42.210,mijnomgeving,357518080497662,1583844222210,1.0,52.2260014,5.1745938,5.0,2728.0,38.0,4.21,10.0,28.0,357518080497662.0,32.0,0.0,1583844218.0,138.0,12.36,,EC 328
2020-03-10 12:44:26.750,mijnomgeving,357518080495088,1583844266750,1.0,52.2261842,5.174287,6.0,3135.0,-2.0,3.9,24.0,199.0,357518080495088.0,32.0,0.0,1583844263.0,2.0,22.41,2.988,EC 321
2020-03-10 12:44:43.398,mijnomgeving,357518080166960,1583844283398,35.0,52.7132921,6.8788516,5.0,169245.0,54.0,3.969999999999999,11.0,0.0,357518080166960.0,32.0,0.0,1583844287.0,542.0,9.98,,EC 232
2020-03-10 12:45:17.820,mijnomgeving,357518080495047,1583844317820,4.0,52.2261098,5.1746093,4.0,57621.0,11.0,4.17,10.0,37.0,357518080495047.0,32.0,0.0,1583844317.0,132.0,12.18,,EC 322
2020-03-10 12:45:21.550,mijnomgeving,357518080166580,1583844321550,9.0,52.360342,4.8153984,6.0,27919.0,16.0,4.05,8.0,218.0,357518080166580.0,32.0,2.0,1583844319.0,664.0,9.54,,EC 224
2020-03-10 12:45:26.803,mijnomgeving,357518080495088,1583844326803,1.0,52.2262029,5.1744416,6.0,3195.0,-15.0,3.9,24.0,199.0,357518080495088.0,32.0,0.0,1583844323.0,1.0,22.41,2.988,EC 321
2020-03-10 12:45:29.841,mijnomgeving,357518080495120,1583844329841,0.0,52.33378,5.3124881,7.0,1817.0,-15.0,4.18,10.0,8.0,357518080495120.0,32.0,0.0,1583844316.0,1500.0,10.07,,EC 303
2020-03-10 12:46:03.412,mijnomgeving,357518080165475,1583844363412,3.0,52.3720804,4.9254655,7.0,13199448.0,13.0,4.12,9.0,45.0,357518080165475.0,1.0,0.0,1583844380.0,1327.0,9.54,,EC 201
2020-03-10 12:46:14.021,mijnomgeving,357518080495153,1583844374021,1.0,52.5789064,5.7568363,4.0,18018.0,-8.0,4.189999999999999,10.0,200.0,357518080495153.0,32.0,0.0,1583844370.0,2578.0,10.16,,EC 313
2020-03-10 12:46:26.966,mijnomgeving,357518080495088,1583844386966,1.0,52.2261938,5.1743306,6.0,3255.0,-5.0,3.9,24.0,211.0,357518080495088.0,32.0,0.0,1583844383.0,0.0,22.41,2.988,EC 321
2020-03-10 12:46:43.024,mijnomgeving,357518080495534,1583844403024,1.0,52.5326663,5.5931016,7.0,918.0,-9.0,4.21,11.0,6.0,357518080495534.0,32.0,0.0,1583844396.0,2075.0,10.51,,EC 307
2020-03-10 12:47:07.761,mijnomgeving,357518080494826,1583844427761,24.0,52.2262365,5.174575,5.0,2741.0,67.0,4.18,11.0,24.0,357518080494826.0,32.0,0.0,1583844422.0,132.0,11.83,,EC 323
2020-03-10 12:47:34.938,mijnomgeving,357518080163249,1583844454938,5.0,,,,23415.0,,4.17,10.0,,357518080163249.0,32.0,,1583844446.0,435.0,10.86,,EC 212
2020-03-10 12:47:36.031,mijnomgeving,357518080495088,1583844456031,1.0,52.2262273,5.1746568,6.0,3324.0,-33.0,3.9,24.0,211.0,357518080495088.0,32.0,1.0,1583844452.0,0.0,22.41,3.041,EC 321
2020-03-10 12:47:39.008,mijnomgeving,357518080497696,1583844459008,25.0,52.5172704,5.5094672,7.0,53142.0,2.0,4.17,10.0,209.0,357518080497696.0,32.0,0.0,1583844458.0,1030.0,10.24,,EC 319
2020-03-10 12:47:44.353,mijnomgeving,357518080494982,1583844464353,0.0,52.225987,5.1745664,4.0,2718.0,-7.0,4.17,10.0,39.0,357518080494982.0,32.0,0.0,1583844460.0,133.0,12.18,,EC 326
2020-03-10 12:47:54.074,mijnomgeving,357518080495161,1583844474074,3.0,52.499603,5.4529808,4.0,6454824.0,-3.0,4.189999999999999,10.0,250.0,357518080495161.0,32.0,0.0,1583844481.0,909.0,10.16,,EC 315
2020-03-10 12:47:59.505,mijnomgeving,357518080166887,1583844479505,2.0,52.3700566,4.9009465,6.0,11934051.0,16.0,3.61,10.0,9.0,357518080166887.0,4.0,1.0,1583844476.0,36.0,13.24,,EC 200
2020-03-10 12:48:26.109,mijnomgeving,357518080495088,1583844506109,1.0,52.2262876,5.1740661,5.0,3375.0,9.0,3.9,24.0,202.0,357518080495088.0,32.0,1.0,1583844503.0,1.0,22.41,3.041,EC 321
2020-03-10 12:48:29.901,mijnomgeving,357518080166754,1583844509901,12.0,52.354133,4.9255651,4.0,21073557.0,115.0,4.17,9.0,0.0,357518080166754.0,16.0,0.0,1583844520.0,1234.0,10.24,,EC 204
2020-03-10 12:48:29.960,mijnomgeving,357518080163173,1583844509960,3.0,52.7218316,6.8193437,6.0,34213.0,-7.0,3.969999999999999,9.0,0.0,357518080163173.0,32.0,0.0,1583844508.0,495.0,9.63,,EC 231
2020-03-10 12:48:40.477,mijnomgeving,357518080164395,1583844520477,8.0,51.898682,4.4228555,4.0,40518.0,-79.0,4.04,9.0,3.0,357518080164395.0,32.0,0.0,1583844513.0,819.0,10.16,,EC 241
2020-03-10 12:49:05.463,mijnomgeving,357518080330582,1583844545463,4.0,52.3729285,4.945925,5.0,9014.0,25.0,4.11,10.0,0.0,357518080330582.0,32.0,0.0,1583844542.0,1631.0,10.07,,EC 219
2020-03-10 12:49:13.168,mijnomgeving,357518080495021,1583844553168,96.0,53.1566844,7.0210995,5.0,47813.0,39.0,3.93,15.0,40.0,357518080495021.0,32.0,0.0,1583844548.0,0.0,15.18,,EC 325
2020-03-10 12:49:36.192,mijnomgeving,357518080495088,1583844576192,1.0,52.2262002,5.1742922,6.0,3444.0,-4.0,3.9,24.0,202.0,357518080495088.0,32.0,0.0,1583844572.0,1.0,22.41,2.988,EC 321
2020-03-10 12:50:27.446,mijnomgeving,357518080495088,1583844627446,1.0,52.2261684,5.1738992,6.0,3495.0,38.0,3.9,24.0,199.0,357518080495088.0,32.0,1.0,1583844623.0,0.0,22.41,3.041,EC 321
2020-03-10 12:51:27.466,mijnomgeving,357518080494859,1583844687466,1.0,52.5410309,5.5887833,6.0,52218.0,7.0,4.17,10.0,4.0,357518080494859.0,32.0,0.0,1583844685.0,1813.0,10.42,,EC 302
2020-03-10 12:51:27.529,mijnomgeving,357518080495088,1583844687529,1.0,52.2262596,5.1742493,6.0,3555.0,0.0,3.9,24.0,197.0,357518080495088.0,32.0,0.0,1583844683.0,1.0,22.41,3.041,EC 321
2020-03-10 12:51:32.846,mijnomgeving,357518080328131,1583844692846,6.0,52.3866322,4.9178284,6.0,70217.0,-48.0,3.83,9.0,10.0,357518080328131.0,32.0,1.0,1583844694.0,47.0,12.1,,EC 230
2020-03-10 12:51:37.702,mijnomgeving,357518080494818,1583844697702,1.0,52.8092005,5.7452213,7.0,13519.0,-1.0,4.22,10.0,7.0,357518080494818.0,32.0,0.0,1583844694.0,1618.0,10.51,,EC 309
2020-03-10 12:52:26.922,mijnomgeving,357518080495088,1583844746922,1.0,52.2260399,5.1739203,5.0,3615.0,38.0,3.9,24.0,198.0,357518080495088.0,32.0,0.0,1583844743.0,1.0,22.41,2.988,EC 321
2020-03-10 12:52:43.325,mijnomgeving,357518080171390,1583844763325,5.0,52.0321131,5.3033892,5.0,21704442.0,42.0,4.17,10.0,24.0,357518080171390.0,64.0,0.0,1583844772.0,827.0,10.42,,EC 202
2020-03-10 12:53:02.813,mijnomgeving,357518080494834,1583844782813,1.0,52.4257701,5.4206721,6.0,232218.0,-7.0,4.11,10.0,223.0,357518080494834.0,32.0,0.0,1583844765.0,1345.0,10.95,,EC 314
2020-03-10 12:53:03.414,mijnomgeving,357518080170889,1583844783414,8.0,52.0149149,4.295554,4.0,122418.0,-14.0,4.189999999999999,7.0,40.0,357518080170889.0,32.0,0.0,1583844784.0,1177.0,12.1,,EC 236
2020-03-10 12:53:18.252,mijnomgeving,357518080330764,1583844798252,21.0,51.8211718,4.6111943,6.0,53131.0,14.0,3.94,11.0,19.0,357518080330764.0,32.0,0.0,1583844797.0,337.0,11.48,,EC 244
2020-03-10 12:53:22.944,mijnomgeving,357518080332265,1583844802944,17.0,52.3925821,4.9374275999999995,5.0,46826.0,-39.0,3.71,9.0,42.0,357518080332265.0,32.0,0.0,1583844796.0,1527.0,10.42,,EC 221
2020-03-10 12:53:26.851,mijnomgeving,357518080495088,1583844806851,1.0,52.2261533,5.1741062,6.0,3675.0,33.0,3.9,24.0,58.0,357518080495088.0,32.0,0.0,1583844803.0,1.0,22.41,2.988,EC 321
2020-03-10 12:53:30.856,mijnomgeving,357518080495187,1583844810856,0.0,52.6352712,5.8235497,4.0,252018.0,3.0,4.24,11.0,21.0,357518080495187.0,32.0,0.0,1583844818.0,582.0,10.24,,EC 304
2020-03-10 12:54:26.362,mijnomgeving,357518080169006,1583844866362,3.0,,,,15312.0,,3.64,10.0,,357518080169006.0,32.0,,1583844864.0,775.0,11.3,,EC 213
2020-03-10 12:54:31.922,mijnomgeving,357518080495526,1583844871922,0.0,52.2261313,5.1747292,7.0,4518.0,15.0,4.15,9.0,0.0,357518080495526.0,32.0,0.0,1583844868.0,135.0,12.1,,EC 327
2020-03-10 12:54:34.894,mijnomgeving,357518080495146,1583844874894,0.0,52.3875059,5.3121227,6.0,26118.0,61.0,4.17,11.0,6.0,357518080495146.0,32.0,0.0,1583844871.0,1697.0,10.42,,EC 317
2020-03-10 12:54:35.935,mijnomgeving,357518080495088,1583844875935,1.0,52.2261944,5.174362,6.0,3744.0,-3.0,3.9,24.0,56.0,357518080495088.0,32.0,0.0,1583844872.0,2.0,22.5,2.988,EC 321
2020-03-10 12:54:39.381,mijnomgeving,357518080332257,1583844879381,2.0,51.898169,4.4233153,5.0,60312.0,-10.0,4.09,8.0,0.0,357518080332257.0,32.0,0.0,1583844732.0,530.0,9.89,,EC 240
2020-03-10 12:54:40.479,mijnomgeving,357518080200454,1583844880479,25.0,52.3312033,5.0624267,7.0,23517087.0,-3.0,3.89,8.0,219.0,357518080200454.0,16.0,0.0,1583844888.0,6201.0,9.63,,EC Prototype 002
2020-03-10 12:54:45.012,mijnomgeving,357518080166663,1583844885012,2.0,51.8983268,4.4233508,6.0,118811.0,12.0,4.12,9.0,0.0,357518080166663.0,32.0,0.0,1583844825.0,718.0,9.89,,EC 243
2020-03-10 12:54:51.149,mijnomgeving,357518080494875,1583844891149,4.0,52.6578921,5.6149673,5.0,55820.0,-12.0,4.2,9.0,0.0,357518080494875.0,32.0,0.0,1583844885.0,1866.0,10.33,,EC 311
2020-03-10 12:54:51.187,mijnomgeving,357518080495112,1583844891187,1.0,52.8373469,5.7137461,5.0,97218.0,-42.0,4.22,9.0,52.0,357518080495112.0,32.0,3.0,1583844890.0,1744.0,10.42,,EC 306
2020-03-10 12:55:17.418,mijnomgeving,357518080495070,1583844917418,0.0,52.2261254,5.1744199,5.0,927.0,2.0,4.03,22.0,250.0,357518080495070.0,32.0,0.0,1583844914.0,1.0,21.97,,EC 320
2020-03-10 12:55:28.235,mijnomgeving,357518080495088,1583844928235,1.0,52.2262767,5.1744197,6.0,3795.0,-17.0,3.9,24.0,197.0,357518080495088.0,32.0,0.0,1583844923.0,1.0,22.5,2.988,EC 321
2020-03-10 12:55:33.213,mijnomgeving,357518080494909,1583844933213,1.0,52.2262923,5.1750853,6.0,427518.0,42.0,4.17,8.0,49.0,357518080494909.0,32.0,0.0,1583844950.0,114.0,12.18,,EC 329
2020-03-10 12:56:20.373,mijnomgeving,357518080167000,1583844980373,4.0,52.1740449,5.0356586,4.0,130515.0,33.0,4.13,8.0,0.0,357518080167000.0,32.0,0.0,1583844983.0,617.0,9.45,,EC 228
2020-03-10 12:56:27.328,mijnomgeving,357518080495088,1583844987328,1.0,52.2261557,5.1741472,6.0,3855.0,21.0,3.9,24.0,202.0,357518080495088.0,32.0,0.0,1583844983.0,1.0,22.41,3.041,EC 321
2020-03-10 12:56:29.753,mijnomgeving,357518080203151,1583844989753,1.0,52.4207763,4.8600276000000004,7.0,21668435.0,13.0,4.17,8.0,30.0,357518080203151.0,16.0,3.0,1583844989.0,83.0,10.07,,EC Prototype 001
2020-03-10 12:56:40.296,mijnomgeving,357518080494768,1583845000296,7.0,52.4164652,5.2273206,5.0,140423.0,31.0,4.21,10.0,0.0,357518080494768.0,32.0,1.0,1583844999.0,1734.0,10.69,,EC 305
2020-03-10 12:56:50.537,mijnomgeving,357518080168917,1583845010537,1.0,52.3407486,4.9257483,4.0,21696365.0,8.0,4.01,9.0,0.0,357518080168917.0,16.0,0.0,1583845018.0,50.0,12.27,,EC 209
2020-03-10 12:56:51.083,mijnomgeving,357518080495203,1583845011083,15.0,52.2261416,5.1746747,6.0,175541.0,23.0,4.17,10.0,32.0,357518080495203.0,32.0,0.0,1583845014.0,128.0,12.54,,EC 324
2020-03-10 12:57:08.475,mijnomgeving,357518080497423,1583845028475,1.0,52.5229411,5.5902282,6.0,1818.0,-5.0,4.18,10.0,201.0,357518080497423.0,32.0,0.0,1583845024.0,2067.0,10.51,,EC 318
2020-03-10 12:57:37.573,mijnomgeving,357518080495088,1583845057573,2.0,52.2260597,5.1741597,5.0,3925.0,31.0,3.9,24.0,56.0,357518080495088.0,32.0,1.0,1583845053.0,1.0,22.5,2.988,EC 321
2020-03-10 12:57:57.554,mijnomgeving,357518080497639,1583845077554,1.0,52.6594234,5.6607838,5.0,45018.0,23.0,4.21,10.0,12.0,357518080497639.0,32.0,0.0,1583845076.0,2188.0,10.42,,EC 308
2020-03-10 12:58:11.854,mijnomgeving,357518080163405,1583845091854,3.0,52.373152,4.9161481,4.0,49514.0,16.0,4.14,8.0,0.0,357518080163405.0,32.0,0.0,1583845090.0,1652.0,9.8,,EC 226
2020-03-10 12:58:21.229,mijnomgeving,357518080165368,1583845101229,19.0,52.3397084,4.9108981,5.0,20656879.0,10.0,3.76,9.0,0.0,357518080165368.0,16.0,0.0,1583845116.0,1217.0,10.24,,EC 208
2020-03-10 12:58:27.605,mijnomgeving,357518080495088,1583845107605,1.0,52.2260326,5.1744275,6.0,3975.0,25.0,3.9,24.0,59.0,357518080495088.0,32.0,0.0,1583845103.0,1.0,22.5,2.988,EC 321
2020-03-10 12:58:31.986,mijnomgeving,357518080494776,1583845111986,1.0,52.2260785,5.1747814,6.0,1818.0,10.0,4.17,10.0,30.0,357518080494776.0,32.0,0.0,1583845107.0,137.0,12.1,,EC 330
2020-03-10 12:58:33.548,mijnomgeving,357518080497662,1583845113548,1.0,52.226219,5.1750063,5.0,3619.0,48.0,4.21,11.0,233.0,357518080497662.0,32.0,1.0,1583845109.0,140.0,12.36,,EC 328
2020-03-10 12:58:41.552,mijnomgeving,357518080495104,1583845121552,1.0,52.3375101,5.5374844,5.0,113418.0,39.0,4.13,12.0,7.0,357518080495104.0,32.0,0.0,1583845106.0,742.0,10.95,,EC 312
2020-03-10 12:58:44.553,mijnomgeving,357518080495682,1583845124553,1.0,52.5495547,5.5882132,6.0,73818.0,-39.0,4.2,10.0,16.0,357518080495682.0,32.0,0.0,1583845120.0,1718.0,10.77,,EC 316
2020-03-10 12:59:31.920,mijnomgeving,357518080166960,1583845171920,24.0,52.7138223,6.8788701,7.0,170134.0,14.0,3.96,11.0,15.0,357518080166960.0,32.0,0.0,1583845176.0,545.0,9.98,,EC 232
2020-03-10 12:59:37.678,mijnomgeving,357518080495088,1583845177678,1.0,52.2263363,5.1744079,6.0,4044.0,-6.0,3.9,24.0,200.0,357518080495088.0,32.0,0.0,1583845172.0,1.0,22.5,3.041,EC 321
2020-03-10 13:00:18.919,mijnomgeving,357518080495047,1583845218919,2.0,52.2263748,5.1754076,4.0,58519.0,84.0,4.17,10.0,47.0,357518080495047.0,32.0,0.0,1583845215.0,134.0,12.18,,EC 322
2020-03-10 13:00:21.877,mijnomgeving,357518080495120,1583845221877,1.0,52.3337477,5.3124012,7.0,2717.0,-7.0,4.18,10.0,0.0,357518080495120.0,32.0,0.0,1583845216.0,1500.0,10.07,,EC 303
2020-03-10 13:00:27.012,mijnomgeving,357518080495088,1583845227012,1.0,52.2263758,5.1752537,5.0,4095.0,-87.0,3.9,24.0,200.0,357518080495088.0,32.0,2.0,1583845223.0,0.0,22.5,2.988,EC 321
2020-03-10 13:01:03.258,mijnomgeving,357518080165475,1583845263258,3.0,52.3719917,4.9252851,5.0,13200348.0,-72.0,4.12,9.0,25.0,357518080165475.0,1.0,2.0,1583845280.0,1331.0,9.54,,EC 201
2020-03-10 13:01:15.070,mijnomgeving,357518080495153,1583845275070,1.0,52.5784213,5.756421,4.0,18918.0,97.0,4.189999999999999,10.0,19.0,357518080495153.0,32.0,1.0,1583845270.0,2578.0,10.16,,EC 313
2020-03-10 13:01:27.080,mijnomgeving,357518080495088,1583845287080,1.0,52.2264296,5.1748361,4.0,4155.0,-50.0,3.9,24.0,198.0,357518080495088.0,32.0,0.0,1583845283.0,0.0,22.41,2.988,EC 321
2020-03-10 13:01:34.621,mijnomgeving,357518080166580,1583845294621,4.0,52.3604047,4.8155088,4.0,28814.0,-3.0,4.05,9.0,211.0,357518080166580.0,32.0,0.0,1583845214.0,666.0,9.54,,EC 224
2020-03-10 13:01:40.084,mijnomgeving,357518080495534,1583845300084,1.0,52.5327348,5.593046,7.0,1818.0,-9.0,4.21,11.0,9.0,357518080495534.0,32.0,0.0,1583845296.0,2066.0,10.6,,EC 307
2020-03-10 13:01:47.101,mijnomgeving,357518080494826,1583845307101,1.0,52.2262302,5.1746847,5.0,3618.0,45.0,4.18,11.0,13.0,357518080494826.0,32.0,1.0,1583845299.0,132.0,11.92,,EC 323
2020-03-10 13:02:14.389,mijnomgeving,357518080497696,1583845334389,1.0,52.5171933,5.50952,7.0,54018.0,-1.0,4.17,10.0,37.0,357518080497696.0,32.0,0.0,1583845334.0,1031.0,10.24,,EC 319
2020-03-10 13:02:27.396,mijnomgeving,357518080495088,1583845347396,1.0,52.2263505,5.1744273,6.0,4215.0,-8.0,3.9,24.0,2.0,357518080495088.0,32.0,0.0,1583845343.0,0.0,22.5,2.988,EC 321
2020-03-10 13:02:27.582,mijnomgeving,357518080163249,1583845347582,4.0,,,,24314.0,,4.17,10.0,,357518080163249.0,32.0,,1583845345.0,438.0,10.95,,EC 212
2020-03-10 13:03:05.544,mijnomgeving,357518080166887,1583845385544,9.0,52.3701981,4.9009948,6.0,11934958.0,6.0,3.61,9.0,58.0,357518080166887.0,4.0,0.0,1583845383.0,36.0,1.0,,EC 200
2020-03-10 13:03:08.428,mijnomgeving,357518080494982,1583845388428,26.0,52.2260683,5.174623,5.0,3643.0,7.0,4.18,11.0,39.0,357518080494982.0,32.0,0.0,1583845385.0,134.0,12.1,,EC 326
2020-03-10 13:03:22.536,mijnomgeving,357518080495161,1583845402536,22.0,52.4996085,5.4529607,5.0,6455743.0,1.0,4.2,11.0,54.0,357518080495161.0,32.0,0.0,1583845400.0,908.0,10.16,,EC 315
2020-03-10 13:03:30.778,mijnomgeving,357518080163173,1583845410778,4.0,52.721909,6.8191767,7.0,35114.0,0.0,3.969999999999999,10.0,0.0,357518080163173.0,32.0,0.0,1583845409.0,500.0,9.63,,EC 231
2020-03-10 13:03:40.463,mijnomgeving,357518080495088,1583845420463,14.0,52.2263737,5.1740296,6.0,4288.0,63.0,3.89,24.0,244.0,357518080495088.0,32.0,0.0,1583845416.0,2.0,22.41,2.988,EC 321
2020-03-10 13:03:41.469,mijnomgeving,357518080166754,1583845421469,23.0,52.3538504,4.9248445,5.0,21074468.0,5.0,4.17,10.0,0.0,357518080166754.0,16.0,0.0,1583845431.0,1236.0,10.24,,EC 204
2020-03-10 13:04:13.587,mijnomgeving,357518080330582,1583845453587,12.0,52.3728744,4.9458152,5.0,9922.0,19.0,4.11,11.0,36.0,357518080330582.0,32.0,0.0,1583845450.0,1623.0,10.07,,EC 219
2020-03-10 13:04:29.543,mijnomgeving,357518080495021,1583845469543,115.0,53.1561461,7.0208321,5.0,48732.0,-28.0,3.93,15.0,29.0,357518080495021.0,32.0,1.0,1583845467.0,0.0,15.18,,EC 325
2020-03-10 13:04:37.208,mijnomgeving,357518080495088,1583845477208,1.0,52.226176,5.1740924,6.0,4344.0,55.0,3.9,24.0,201.0,357518080495088.0,32.0,0.0,1583845472.0,0.0,22.5,2.988,EC 321
2020-03-10 13:05:03.519,mijnomgeving,357518080164395,1583845503519,21.0,51.8982358,4.4230467,6.0,41431.0,15.0,4.04,9.0,0.0,357518080164395.0,32.0,0.0,1583845426.0,816.0,10.16,,EC 241
2020-03-10 13:05:29.638,mijnomgeving,357518080495088,1583845529638,1.0,52.2262493,5.1740789,6.0,4395.0,46.0,3.9,24.0,232.0,357518080495088.0,32.0,0.0,1583845523.0,0.0,22.5,2.988,EC 321
2020-03-10 13:06:25.895,mijnomgeving,357518080494859,1583845585895,1.0,52.5410347,5.588842,6.0,53118.0,9.0,4.17,10.0,6.0,357518080494859.0,32.0,0.0,1583845585.0,1816.0,10.42,,EC 302
2020-03-10 13:06:37.921,mijnomgeving,357518080495088,1583845597921,1.0,52.2263959,5.1739866,6.0,4464.0,63.0,3.9,24.0,0.0,357518080495088.0,32.0,0.0,1583845592.0,2.0,22.5,2.988,EC 321
2020-03-10 13:06:38.448,mijnomgeving,357518080494818,1583845598448,1.0,52.8094324,5.7452432,6.0,14419.0,19.0,4.22,10.0,252.0,357518080494818.0,32.0,0.0,1583845594.0,1637.0,10.51,,EC 309
2020-03-10 13:06:38.461,mijnomgeving,357518080328131,1583845598461,13.0,52.386834,4.9176061,5.0,71122.0,-12.0,3.8200000000000003,10.0,0.0,357518080328131.0,32.0,0.0,1583845599.0,50.0,12.18,,EC 230
2020-03-10 13:07:36.927,mijnomgeving,357518080495088,1583845656927,1.0,52.2262414,5.1741213,6.0,4524.0,53.0,3.9,24.0,7.0,357518080495088.0,32.0,0.0,1583845652.0,1.0,22.5,2.988,EC 321
2020-03-10 13:07:40.585,mijnomgeving,357518080171390,1583845660585,2.0,52.0318672,5.3037213,5.0,21705339.0,0.0,4.17,10.0,0.0,357518080171390.0,64.0,0.0,1583845669.0,827.0,10.42,,EC 202
2020-03-10 13:07:43.927,mijnomgeving,357518080494834,1583845663927,0.0,52.4263623,5.4210969,5.0,233117.0,-41.0,4.11,10.0,0.0,357518080494834.0,32.0,0.0,1583845664.0,1344.0,10.95,,EC 314
2020-03-10 13:07:46.042,mijnomgeving,357518080332257,1583845666042,2.0,51.8980609,4.4233906,5.0,61212.0,-43.0,4.09,9.0,51.0,357518080332257.0,32.0,0.0,1583845632.0,476.0,9.89,,EC 240
2020-03-10 13:08:13.359,mijnomgeving,357518080332265,1583845693359,7.0,52.3918254,4.9372804,4.0,47716.0,-11.0,3.7,9.0,13.0,357518080332265.0,32.0,0.0,1583845686.0,1525.0,10.42,,EC 221
2020-03-10 13:08:17.317,mijnomgeving,357518080170889,1583845697317,23.0,52.0145927,4.2953586999999995,5.0,123333.0,-13.0,4.189999999999999,7.0,0.0,357518080170889.0,32.0,0.0,1583845698.0,2618.0,12.36,,EC 236
2020-03-10 13:08:27.031,mijnomgeving,357518080495088,1583845707031,1.0,52.2263913,5.1740542,6.0,4575.0,68.0,3.9,24.0,248.0,357518080495088.0,32.0,0.0,1583845703.0,2.0,22.5,2.988,EC 321
2020-03-10 13:08:27.691,mijnomgeving,357518080330764,1583845707691,31.0,51.8210623,4.6111035000000005,8.0,54041.0,6.0,3.94,10.0,14.0,357518080330764.0,32.0,0.0,1583845707.0,341.0,11.57,,EC 244
2020-03-10 13:08:33.009,mijnomgeving,357518080495187,1583845713009,4.0,52.6340267,5.8229220999999995,4.0,252921.0,258.0,4.25,11.0,253.0,357518080495187.0,32.0,1.0,1583845721.0,578.0,10.33,,EC 304
2020-03-10 13:08:48.835,mijnomgeving,357518080166663,1583845728835,2.0,51.8981671,4.4233366,6.0,119711.0,-3.0,4.13,9.0,0.0,357518080166663.0,32.0,0.0,1583845725.0,631.0,9.89,,EC 243
2020-03-10 13:09:18.521,mijnomgeving,357518080200454,1583845758521,1.0,52.3312429,5.0624238,5.0,23517963.0,18.0,3.89,8.0,0.0,357518080200454.0,16.0,0.0,1583845764.0,6214.0,9.63,,EC Prototype 002
2020-03-10 13:09:27.475,mijnomgeving,357518080169006,1583845767475,4.0,,,,16213.0,,3.64,10.0,,357518080169006.0,32.0,,1583845765.0,775.0,11.3,,EC 213
2020-03-10 13:09:31.100,mijnomgeving,357518080495526,1583845771100,1.0,52.2260461,5.1746576,7.0,5418.0,23.0,4.15,9.0,24.0,357518080495526.0,32.0,0.0,1583845768.0,134.0,12.1,,EC 327
2020-03-10 13:09:36.095,mijnomgeving,357518080495088,1583845776095,1.0,52.226304999999996,5.1740487,6.0,4644.0,59.0,3.9,24.0,237.0,357518080495088.0,32.0,0.0,1583845772.0,1.0,22.5,2.988,EC 321
2020-03-10 13:09:51.581,mijnomgeving,357518080495112,1583845791581,1.0,52.8374372,5.7138106,5.0,98118.0,-18.0,4.22,9.0,200.0,357518080495112.0,32.0,0.0,1583845790.0,1743.0,10.42,,EC 306
2020-03-10 13:09:51.638,mijnomgeving,357518080495146,1583845791638,16.0,52.3869096,5.3122634,9.0,27033.0,-1.0,4.18,11.0,10.0,357518080495146.0,32.0,0.0,1583845787.0,1700.0,10.42,,EC 317
2020-03-10 13:09:51.785,mijnomgeving,357518080494875,1583845791785,1.0,52.6578932,5.6147276,5.0,56717.0,72.0,4.189999999999999,9.0,22.0,357518080494875.0,32.0,1.0,1583845782.0,1866.0,10.33,,EC 311
2020-03-10 13:10:08.086,mijnomgeving,357518080495070,1583845808086,0.0,52.2261245,5.1744331,5.0,1817.0,0.0,4.03,23.0,239.0,357518080495070.0,32.0,1.0,1583845804.0,1.0,21.97,,EC 320
2020-03-10 13:10:32.429,mijnomgeving,357518080494909,1583845832429,1.0,52.2261095,5.1746236,7.0,428418.0,21.0,4.17,8.0,34.0,357518080494909.0,32.0,1.0,1583845850.0,115.0,12.18,,EC 329
2020-03-10 13:10:35.432,mijnomgeving,357518080495088,1583845835432,1.0,52.2263852,5.1739904,6.0,4704.0,75.0,3.9,24.0,225.0,357518080495088.0,32.0,0.0,1583845832.0,1.0,22.5,2.988,EC 321
2020-03-10 13:11:18.596,mijnomgeving,357518080167000,1583845878596,2.0,52.1739522,5.0356207,4.0,131413.0,69.0,4.13,8.0,0.0,357518080167000.0,32.0,0.0,1583845881.0,616.0,9.45,,EC 228
2020-03-10 13:11:28.525,mijnomgeving,357518080495088,1583845888525,1.0,52.2262765,5.1741271,6.0,4755.0,50.0,3.9,24.0,226.0,357518080495088.0,32.0,0.0,1583845883.0,0.0,22.5,3.041,EC 321
2020-03-10 13:11:28.567,mijnomgeving,357518080495203,1583845888567,1.0,52.2261428,5.1747048,5.0,176418.0,30.0,4.17,10.0,18.0,357518080495203.0,32.0,0.0,1583845891.0,130.0,12.54,,EC 324
2020-03-10 13:11:38.769,mijnomgeving,357518080203151,1583845898769,6.0,52.4209901,4.8599636,4.0,21669340.0,30.0,4.16,8.0,16.0,357518080203151.0,16.0,1.0,1583845894.0,82.0,10.07,,EC Prototype 001
2020-03-10 13:11:45.531,mijnomgeving,357518080494768,1583845905531,12.0,52.4166765,5.2264535,5.0,141328.0,5.0,4.21,10.0,206.0,357518080494768.0,32.0,0.0,1583845904.0,1729.0,10.69,,EC 305
2020-03-10 13:11:51.329,mijnomgeving,357518080168917,1583845911329,1.0,52.3405336,4.9253488,5.0,21697265.0,-33.0,4.01,9.0,0.0,357518080168917.0,16.0,0.0,1583845918.0,53.0,12.27,,EC 209
2020-03-10 13:12:17.522,mijnomgeving,357518080497423,1583845937522,1.0,52.5230181,5.5902944,6.0,2718.0,-5.0,4.18,10.0,227.0,357518080497423.0,32.0,0.0,1583845924.0,2059.0,10.51,,EC 318
2020-03-10 13:12:26.519,mijnomgeving,357518080495088,1583845946519,1.0,52.2262529,5.1740736,6.0,4815.0,59.0,3.9,24.0,227.0,357518080495088.0,32.0,0.0,1583845943.0,0.0,22.5,2.988,EC 321
2020-03-10 13:12:57.588,mijnomgeving,357518080497639,1583845977588,1.0,52.6587692,5.6611563,5.0,45918.0,-35.0,4.21,10.0,8.0,357518080497639.0,32.0,0.0,1583845975.0,2189.0,10.42,,EC 308
2020-03-10 13:13:11.163,mijnomgeving,357518080163405,1583845991163,2.0,52.3730299,4.9160676,4.0,50413.0,15.0,4.14,8.0,0.0,357518080163405.0,32.0,0.0,1583845990.0,1657.0,9.8,,EC 226
2020-03-10 13:13:24.583,mijnomgeving,357518080495104,1583846004583,1.0,52.3375636,5.5375339,5.0,114318.0,43.0,4.13,11.0,17.0,357518080495104.0,32.0,0.0,1583846006.0,741.0,10.95,,EC 312
2020-03-10 13:13:26.314,mijnomgeving,357518080165368,1583846006314,24.0,52.3397171,4.9107477,5.0,20657784.0,20.0,3.77,9.0,35.0,357518080165368.0,16.0,0.0,1583846021.0,1219.0,10.24,,EC 208
2020-03-10 13:13:31.570,mijnomgeving,357518080494776,1583846011570,1.0,52.2261522,5.1746779,6.0,2718.0,7.0,4.17,10.0,35.0,357518080494776.0,32.0,0.0,1583846007.0,136.0,12.18,,EC 330
2020-03-10 13:13:36.629,mijnomgeving,357518080495088,1583846016629,1.0,52.2264548,5.1740232,5.0,4884.0,82.0,3.9,24.0,13.0,357518080495088.0,32.0,0.0,1583846012.0,0.0,22.41,2.988,EC 321
2020-03-10 13:13:53.581,mijnomgeving,357518080497662,1583846033581,21.0,52.2257566,5.1743527,5.0,4539.0,76.0,4.21,11.0,30.0,357518080497662.0,32.0,0.0,1583846029.0,136.0,12.36,,EC 328
2020-03-10 13:14:00.591,mijnomgeving,357518080495682,1583846040591,1.0,52.5497311,5.5882483,4.0,74719.0,-37.0,4.2,10.0,231.0,357518080495682.0,32.0,1.0,1583846021.0,1705.0,10.77,,EC 316
2020-03-10 13:14:22.765,mijnomgeving,357518080166960,1583846062765,15.0,52.7137955,6.8788799,6.0,171025.0,53.0,3.96,10.0,13.0,357518080166960.0,32.0,0.0,1583846067.0,543.0,9.98,,EC 232
2020-03-10 13:14:27.652,mijnomgeving,357518080495088,1583846067652,1.0,52.2263665,5.1740753,6.0,4935.0,72.0,3.9,24.0,3.0,357518080495088.0,32.0,0.0,1583846063.0,1.0,22.5,2.988,EC 321
2020-03-10 13:15:17.766,mijnomgeving,357518080166580,1583846117766,3.0,52.3602551,4.8157241,4.0,29713.0,-23.0,4.05,8.0,0.0,357518080166580.0,32.0,0.0,1583846113.0,665.0,9.54,,EC 224
2020-03-10 13:15:19.817,mijnomgeving,357518080495120,1583846119817,0.0,52.3337291,5.3126989,6.0,3617.0,-22.0,4.18,10.0,26.0,357518080495120.0,32.0,0.0,1583846116.0,1505.0,10.07,,EC 303
2020-03-10 13:15:27.834,mijnomgeving,357518080495088,1583846127834,1.0,52.2262788,5.1741551,6.0,4995.0,55.0,3.9,24.0,245.0,357518080495088.0,32.0,0.0,1583846123.0,0.0,22.5,2.988,EC 321
2020-03-10 13:15:40.879,mijnomgeving,357518080495047,1583846140879,25.0,52.2261837,5.1747102,6.0,59442.0,9.0,4.17,11.0,46.0,357518080495047.0,32.0,0.0,1583846138.0,132.0,12.27,,EC 322
2020-03-10 13:16:03.238,mijnomgeving,357518080165475,1583846163238,2.0,52.3720288,4.925541,5.0,13201247.0,13.0,4.12,9.0,0.0,357518080165475.0,1.0,0.0,1583846179.0,1337.0,9.45,,EC 201
2020-03-10 13:16:12.856,mijnomgeving,357518080495153,1583846172856,1.0,52.5782973,5.7566019,4.0,19818.0,143.0,4.2,10.0,17.0,357518080495153.0,32.0,2.0,1583846170.0,2576.0,10.16,,EC 313
2020-03-10 13:16:26.875,mijnomgeving,357518080495088,1583846186875,1.0,52.2263618,5.1740785,6.0,5055.0,77.0,3.9,24.0,254.0,357518080495088.0,32.0,0.0,1583846183.0,0.0,22.5,3.041,EC 321
2020-03-10 13:16:43.943,mijnomgeving,357518080494826,1583846203943,0.0,52.2259541,5.1745607,5.0,4518.0,-30.0,4.18,11.0,220.0,357518080494826.0,32.0,0.0,1583846198.0,131.0,11.92,,EC 323
2020-03-10 13:16:44.012,mijnomgeving,357518080495534,1583846204012,1.0,52.5326591,5.5930872,6.0,2718.0,-10.0,4.21,11.0,16.0,357518080495534.0,32.0,0.0,1583846196.0,2063.0,10.6,,EC 307
2020-03-10 13:17:15.931,mijnomgeving,357518080497696,1583846235931,1.0,52.5172865,5.5094750999999995,6.0,54918.0,0.0,4.17,10.0,46.0,357518080497696.0,32.0,0.0,1583846234.0,1032.0,10.24,,EC 319
2020-03-10 13:17:27.082,mijnomgeving,357518080163249,1583846247082,3.0,,,,25213.0,,4.17,11.0,,357518080163249.0,32.0,,1583846244.0,435.0,10.95,,EC 212
2020-03-10 13:17:27.918,mijnomgeving,357518080495088,1583846247918,1.0,52.2262425,5.1740656,5.0,5115.0,67.0,3.89,24.0,10.0,357518080495088.0,32.0,0.0,1583846243.0,2.0,22.5,2.988,EC 321
2020-03-10 13:17:42.951,mijnomgeving,357518080494982,1583846262951,1.0,52.2260967,5.1745442,5.0,4518.0,24.0,4.17,10.0,0.0,357518080494982.0,32.0,0.0,1583846260.0,134.0,12.18,,EC 326
2020-03-10 13:17:51.346,mijnomgeving,357518080495161,1583846271346,3.0,52.4996515,5.4528558,4.0,6456624.0,3.0,4.189999999999999,10.0,55.0,357518080495161.0,32.0,1.0,1583846281.0,909.0,10.16,,EC 315
2020-03-10 13:18:11.936,mijnomgeving,357518080166887,1583846291936,13.0,52.3699838,4.9010676,6.0,11935862.0,0.0,3.61,10.0,254.0,357518080166887.0,4.0,0.0,1583846287.0,37.0,13.24,,EC 200
2020-03-10 13:18:21.880,mijnomgeving,357518080166754,1583846301880,2.0,52.3537868,4.9248762,5.0,21075347.0,5.0,4.17,9.0,0.0,357518080166754.0,16.0,0.0,1583846310.0,1243.0,10.24,,EC 204
2020-03-10 13:18:27.000,mijnomgeving,357518080495088,1583846307000,1.0,52.2263986,5.1740676,5.0,5175.0,70.0,3.9,24.0,249.0,357518080495088.0,32.0,0.0,1583846303.0,0.0,22.5,3.041,EC 321
2020-03-10 13:18:31.863,mijnomgeving,357518080163173,1583846311863,5.0,52.7218497,6.8190736,7.0,36015.0,9.0,3.969999999999999,10.0,30.0,357518080163173.0,32.0,0.0,1583846310.0,501.0,9.63,,EC 231
2020-03-10 13:18:48.010,mijnomgeving,357518080495021,1583846328010,75.0,53.1563999,7.0210175,7.0,49592.0,-1.0,3.93,15.0,0.0,357518080495021.0,32.0,0.0,1583846327.0,0.0,15.09,,EC 325
2020-03-10 13:18:54.441,mijnomgeving,357518080164395,1583846334441,2.0,51.8981634,4.4230346,5.0,42312.0,18.0,4.04,9.0,205.0,357518080164395.0,32.0,1.0,1583846307.0,801.0,10.16,,EC 241
2020-03-10 13:19:06.200,mijnomgeving,357518080330582,1583846346200,5.0,52.3731406,4.9461316,5.0,10815.0,-9.0,4.11,10.0,17.0,357518080330582.0,32.0,1.0,1583846343.0,1611.0,10.07,,EC 219
2020-03-10 13:19:27.165,mijnomgeving,357518080495088,1583846367165,1.0,52.2264901,5.1739571,5.0,5235.0,96.0,3.9,24.0,211.0,357518080495088.0,32.0,0.0,1583846363.0,1.0,22.5,2.988,EC 321
2020-03-10 13:20:28.427,mijnomgeving,357518080495088,1583846428427,1.0,52.2264087,5.1739976,5.0,5295.0,87.0,3.89,24.0,248.0,357518080495088.0,32.0,0.0,1583846423.0,1.0,22.5,2.988,EC 321
2020-03-10 13:21:25.447,mijnomgeving,357518080494859,1583846485447,1.0,52.5410239,5.5888055,5.0,54018.0,5.0,4.17,10.0,23.0,357518080494859.0,32.0,0.0,1583846485.0,1814.0,10.42,,EC 302
2020-03-10 13:21:28.390,mijnomgeving,357518080495088,1583846488390,1.0,52.2264811,5.1739995,5.0,5355.0,84.0,3.9,24.0,211.0,357518080495088.0,32.0,0.0,1583846483.0,1.0,22.5,2.988,EC 321
2020-03-10 13:21:37.444,mijnomgeving,357518080494818,1583846497444,1.0,52.809194,5.7452122,5.0,15319.0,-15.0,4.22,10.0,35.0,357518080494818.0,32.0,0.0,1583846494.0,1640.0,10.51,,EC 309
2020-03-10 13:21:48.031,mijnomgeving,357518080328131,1583846508031,22.0,52.3867113,4.9176571,7.0,72032.0,-16.0,3.83,10.0,12.0,357518080328131.0,32.0,0.0,1583846509.0,45.0,12.18,,EC 230
2020-03-10 13:22:35.993,mijnomgeving,357518080495088,1583846555993,1.0,52.2263111,5.1741609,5.0,5424.0,56.0,3.9,24.0,242.0,357518080495088.0,32.0,0.0,1583846552.0,1.0,22.5,2.988,EC 321
2020-03-10 13:22:40.111,mijnomgeving,357518080332257,1583846560111,29.0,51.8981835,4.4233021,6.0,62139.0,-11.0,4.09,9.0,55.0,357518080332257.0,32.0,0.0,1583846559.0,462.0,9.89,,EC 240
2020-03-10 13:22:42.360,mijnomgeving,357518080171390,1583846562360,4.0,52.0318829,5.3034845,4.0,21706241.0,2.0,4.18,9.0,0.0,357518080171390.0,64.0,0.0,1583846571.0,828.0,10.51,,EC 202
2020-03-10 13:22:57.672,mijnomgeving,357518080170889,1583846577672,3.0,52.0147539,4.2952523,5.0,124213.0,0.0,4.189999999999999,7.0,244.0,357518080170889.0,32.0,0.0,1583846579.0,3185.0,12.71,,EC 236
2020-03-10 13:23:01.941,mijnomgeving,357518080330764,1583846581941,5.0,51.82101,4.611344,8.0,54915.0,26.0,3.94,10.0,201.0,357518080330764.0,32.0,5.0,1583846581.0,341.0,11.57,,EC 244
2020-03-10 13:23:12.963,mijnomgeving,357518080494834,1583846592963,0.0,52.4265404,5.421053,5.0,234017.0,-24.0,4.12,10.0,9.0,357518080494834.0,32.0,0.0,1583846564.0,1328.0,10.95,,EC 314
2020-03-10 13:23:18.540,mijnomgeving,357518080332265,1583846598540,13.0,52.3918512,4.9374215,4.0,48622.0,12.0,3.71,9.0,8.0,357518080332265.0,32.0,1.0,1583846592.0,1524.0,10.42,,EC 221
2020-03-10 13:23:27.017,mijnomgeving,357518080495088,1583846607017,1.0,52.2268007,5.1735572,5.0,5475.0,170.0,3.9,24.0,251.0,357518080495088.0,32.0,0.0,1583846603.0,1.0,22.5,2.988,EC 321
2020-03-10 13:23:27.158,mijnomgeving,357518080495187,1583846607158,0.0,52.6354564,5.8236082,4.0,253817.0,-14.0,4.25,11.0,20.0,357518080495187.0,32.0,0.0,1583846617.0,578.0,10.33,,EC 304
2020-03-10 13:23:47.893,mijnomgeving,357518080166663,1583846627893,2.0,51.8982305,4.4232905,6.0,120611.0,-5.0,4.12,9.0,0.0,357518080166663.0,32.0,0.0,1583846625.0,617.0,9.89,,EC 243
2020-03-10 13:24:15.886,mijnomgeving,357518080200454,1583846655886,1.0,52.3311822,5.0625589,5.0,23518863.0,1.0,3.9,8.0,4.0,357518080200454.0,16.0,0.0,1583846664.0,6249.0,9.63,,EC Prototype 002
2020-03-10 13:24:27.138,mijnomgeving,357518080495088,1583846667138,1.0,52.2264319,5.174074,6.0,5535.0,76.0,3.9,24.0,250.0,357518080495088.0,32.0,2.0,1583846663.0,2.0,22.5,2.988,EC 321
2020-03-10 13:24:28.245,mijnomgeving,357518080169006,1583846668245,5.0,,,,17114.0,,3.64,10.0,,357518080169006.0,32.0,,1583846666.0,765.0,11.39,,EC 213
2020-03-10 13:24:31.034,mijnomgeving,357518080495526,1583846671034,0.0,52.2260041,5.1746553,6.0,6318.0,23.0,4.15,9.0,8.0,357518080495526.0,32.0,0.0,1583846668.0,133.0,12.18,,EC 327
2020-03-10 13:24:34.011,mijnomgeving,357518080495146,1583846674011,1.0,52.3869905,5.3122848,8.0,27918.0,3.0,4.18,10.0,255.0,357518080495146.0,32.0,0.0,1583846672.0,1699.0,10.51,,EC 317
2020-03-10 13:24:49.743,mijnomgeving,357518080495112,1583846689743,1.0,52.837481,5.7142235,4.0,99018.0,6.0,4.22,9.0,58.0,357518080495112.0,32.0,0.0,1583846690.0,1749.0,10.33,,EC 306
2020-03-10 13:25:09.376,mijnomgeving,357518080494875,1583846709376,26.0,52.6575858,5.614655,5.0,57643.0,-35.0,4.189999999999999,10.0,22.0,357518080494875.0,32.0,0.0,1583846708.0,1868.0,10.33,,EC 311
2020-03-10 13:25:13.348,mijnomgeving,357518080495070,1583846713348,6.0,52.2261037,5.1744615,6.0,2723.0,-7.0,4.04,23.0,2.0,357518080495070.0,32.0,0.0,1583846710.0,1.0,21.97,,EC 320
2020-03-10 13:25:36.435,mijnomgeving,357518080495088,1583846736435,1.0,52.2262728,5.1742756,5.0,5604.0,34.0,3.9,24.0,223.0,357518080495088.0,32.0,1.0,1583846732.0,1.0,22.5,3.041,EC 321
2020-03-10 13:25:36.490,mijnomgeving,357518080494909,1583846736490,1.0,52.2263039,5.1749924,6.0,429318.0,-3.0,4.17,8.0,228.0,357518080494909.0,32.0,0.0,1583846750.0,116.0,12.27,,EC 329
2020-03-10 13:26:19.730,mijnomgeving,357518080167000,1583846779730,3.0,52.174283,5.0361686,4.0,132314.0,-21.0,4.13,8.0,0.0,357518080167000.0,32.0,0.0,1583846782.0,617.0,9.45,,EC 228
2020-03-10 13:26:27.538,mijnomgeving,357518080495088,1583846787538,1.0,52.226462,5.1741835,5.0,5655.0,58.0,3.9,24.0,250.0,357518080495088.0,32.0,3.0,1583846783.0,1.0,22.5,3.041,EC 321
2020-03-10 13:26:27.603,mijnomgeving,357518080495203,1583846787603,1.0,52.2267276,5.1747812,4.0,177318.0,-90.0,4.17,10.0,16.0,357518080495203.0,32.0,0.0,1583846791.0,131.0,12.54,,EC 324
2020-03-10 13:26:29.489,mijnomgeving,357518080494768,1583846789489,1.0,52.4160938,5.2270573,4.0,142217.0,-24.0,4.21,11.0,243.0,357518080494768.0,32.0,3.0,1583846793.0,1726.0,10.6,,EC 305
2020-03-10 13:26:31.305,mijnomgeving,357518080203151,1583846791305,3.0,52.4209232,4.8600774,4.0,21670238.0,13.0,4.16,9.0,5.0,357518080203151.0,16.0,0.0,1583846791.0,83.0,10.07,,EC Prototype 001
2020-03-10 13:27:11.790,mijnomgeving,357518080497423,1583846831790,0.0,52.5229826,5.5901155,5.0,3618.0,-7.0,4.18,10.0,0.0,357518080497423.0,32.0,0.0,1583846824.0,2050.0,10.6,,EC 318
2020-03-10 13:27:26.801,mijnomgeving,357518080495088,1583846846801,1.0,52.2261729,5.1743137,5.0,5715.0,22.0,3.9,24.0,4.0,357518080495088.0,32.0,0.0,1583846843.0,1.0,22.5,2.988,EC 321
2020-03-10 13:28:10.843,mijnomgeving,357518080497639,1583846890843,15.0,52.6591723,5.6608824,8.0,46832.0,-12.0,4.21,10.0,243.0,357518080497639.0,32.0,0.0,1583846890.0,2193.0,10.42,,EC 308
2020-03-10 13:28:12.252,mijnomgeving,357518080163405,1583846892252,3.0,52.3727596,4.9160333,5.0,51314.0,-31.0,4.14,8.0,5.0,357518080163405.0,32.0,0.0,1583846891.0,1665.0,9.8,,EC 226
2020-03-10 13:28:26.895,mijnomgeving,357518080495088,1583846906895,1.0,52.2262396,5.1743585,6.0,5775.0,16.0,3.9,24.0,254.0,357518080495088.0,32.0,0.0,1583846903.0,1.0,22.5,2.988,EC 321
2020-03-10 13:28:28.862,mijnomgeving,357518080495104,1583846908862,6.0,52.337369699999996,5.5375169,4.0,115223.0,-4.0,4.13,11.0,26.0,357518080495104.0,32.0,0.0,1583846911.0,741.0,10.95,,EC 312
2020-03-10 13:28:30.839,mijnomgeving,357518080494776,1583846910839,1.0,52.2264326,5.1749734,5.0,3618.0,-33.0,4.16,9.0,30.0,357518080494776.0,32.0,0.0,1583846907.0,137.0,12.18,,EC 330
2020-03-10 13:28:32.865,mijnomgeving,357518080497662,1583846912865,1.0,52.2261168,5.1747773,6.0,5419.0,37.0,4.21,11.0,58.0,357518080497662.0,32.0,1.0,1583846909.0,137.0,12.45,,EC 328
2020-03-10 13:28:35.748,mijnomgeving,357518080165368,1583846915748,20.0,52.3398204,4.9107389999999995,5.0,20658680.0,33.0,3.77,9.0,229.0,357518080165368.0,16.0,1.0,1583846917.0,1188.0,10.42,,EC 208
2020-03-10 13:28:52.930,mijnomgeving,357518080495682,1583846932930,11.0,52.5494636,5.5881685999999995,5.0,75628.0,-3.0,4.2,10.0,18.0,357518080495682.0,32.0,0.0,1583846930.0,1669.0,10.86,,EC 316
2020-03-10 13:29:13.012,mijnomgeving,357518080166960,1583846953012,5.0,52.7139662,6.8790884,5.0,171915.0,-5.0,3.969999999999999,11.0,3.0,357518080166960.0,32.0,1.0,1583846957.0,544.0,9.98,,EC 232
2020-03-10 13:29:26.991,mijnomgeving,357518080495088,1583846966991,1.0,52.2261788,5.1743071,6.0,5835.0,18.0,3.9,24.0,0.0,357518080495088.0,32.0,0.0,1583846963.0,1.0,22.5,2.988,EC 321
2020-03-10 13:30:16.032,mijnomgeving,357518080495047,1583847016032,1.0,52.226195,5.1746703,6.0,60318.0,11.0,4.17,10.0,23.0,357518080495047.0,32.0,0.0,1583847014.0,132.0,12.27,,EC 322
2020-03-10 13:30:17.082,mijnomgeving,357518080166580,1583847017082,5.0,52.3598648,4.8153695,4.0,30615.0,50.0,4.05,9.0,0.0,357518080166580.0,32.0,0.0,1583847015.0,662.0,9.63,,EC 224
2020-03-10 13:30:21.017,mijnomgeving,357518080495120,1583847021017,1.0,52.3338454,5.3124991999999995,6.0,4518.0,-29.0,4.189999999999999,10.0,13.0,357518080495120.0,32.0,0.0,1583847017.0,1502.0,10.07,,EC 303
2020-03-10 13:30:27.022,mijnomgeving,357518080495088,1583847027022,1.0,52.2261923,5.1744301,6.0,5895.0,12.0,3.9,24.0,3.0,357518080495088.0,32.0,0.0,1583847023.0,1.0,22.5,3.041,EC 321
2020-03-10 13:31:03.565,mijnomgeving,357518080165475,1583847063565,3.0,52.3721023,4.9253285,5.0,13202148.0,0.0,4.12,9.0,0.0,357518080165475.0,1.0,0.0,1583847080.0,1340.0,9.45,,EC 201
2020-03-10 13:31:35.686,mijnomgeving,357518080495153,1583847095686,24.0,52.5790494,5.7569597,4.0,20741.0,-29.0,4.2,11.0,30.0,357518080495153.0,32.0,0.0,1583847093.0,2581.0,10.16,,EC 313
2020-03-10 13:31:40.695,mijnomgeving,357518080495088,1583847100695,1.0,52.2261036,5.174384,5.0,5964.0,9.0,3.9,24.0,6.0,357518080495088.0,32.0,0.0,1583847092.0,1.0,22.5,2.988,EC 321
2020-03-10 13:31:40.803,mijnomgeving,357518080495534,1583847100803,1.0,52.5327765,5.5931022,6.0,3618.0,7.0,4.21,11.0,8.0,357518080495534.0,32.0,0.0,1583847096.0,2058.0,10.6,,EC 307
2020-03-10 13:31:43.108,mijnomgeving,357518080494826,1583847103108,0.0,52.2265268,5.1750001,4.0,5418.0,-1.0,4.18,11.0,27.0,357518080494826.0,32.0,6.0,1583847099.0,131.0,11.92,,EC 323
2020-03-10 13:32:17.726,mijnomgeving,357518080497696,1583847137726,1.0,52.5173092,5.5094346,6.0,55818.0,-5.0,4.17,10.0,227.0,357518080497696.0,32.0,0.0,1583847134.0,1028.0,10.33,,EC 319
2020-03-10 13:32:28.679,mijnomgeving,357518080163249,1583847148679,5.0,,,,26115.0,,4.17,11.0,,357518080163249.0,32.0,,1583847146.0,434.0,11.04,,EC 212
2020-03-10 13:32:28.741,mijnomgeving,357518080495088,1583847148741,1.0,52.2256447,5.1748378,5.0,6015.0,-57.0,3.9,24.0,251.0,357518080495088.0,32.0,0.0,1583847143.0,0.0,22.5,2.988,EC 321
2020-03-10 13:32:43.782,mijnomgeving,357518080494982,1583847163782,1.0,52.226093,5.1745697,5.0,5418.0,20.0,4.18,11.0,50.0,357518080494982.0,32.0,0.0,1583847160.0,133.0,12.18,,EC 326
2020-03-10 13:32:50.786,mijnomgeving,357518080495161,1583847170786,2.0,52.4997437,5.4529157,4.0,6457523.0,-5.0,4.189999999999999,10.0,8.0,357518080495161.0,32.0,0.0,1583847180.0,907.0,10.16,,EC 315
2020-03-10 13:33:11.831,mijnomgeving,357518080495021,1583847191831,29.0,53.1562577,7.0210211,5.0,50455.0,-49.0,3.93,14.0,0.0,357518080495021.0,32.0,0.0,1583847190.0,0.0,15.09,,EC 325
2020-03-10 13:33:23.012,mijnomgeving,357518080166754,1583847203012,4.0,52.3533603,4.9247329,5.0,21076249.0,81.0,4.17,10.0,7.0,357518080166754.0,16.0,0.0,1583847212.0,1242.0,10.24,,EC 204
2020-03-10 13:33:27.910,mijnomgeving,357518080495088,1583847207910,1.0,52.2263286,5.1742148,6.0,6075.0,32.0,3.9,24.0,1.0,357518080495088.0,32.0,1.0,1583847203.0,2.0,22.5,2.988,EC 321
2020-03-10 13:33:31.601,mijnomgeving,357518080163173,1583847211601,4.0,52.7218161,6.8191427000000004,7.0,36914.0,15.0,3.969999999999999,10.0,34.0,357518080163173.0,32.0,0.0,1583847209.0,501.0,9.63,,EC 231
2020-03-10 13:33:37.595,mijnomgeving,357518080164395,1583847217595,10.0,51.8980942,4.4231777,5.0,43220.0,-25.0,4.04,9.0,222.0,357518080164395.0,32.0,0.0,1583847215.0,792.0,10.16,,EC 241
2020-03-10 13:33:58.994,mijnomgeving,357518080166887,1583847238994,60.0,52.370029099999996,4.9009604,6.0,11936809.0,-1.0,3.61,10.0,0.0,357518080166887.0,4.0,0.0,1583847234.0,39.0,13.24,,EC 200
2020-03-10 13:34:27.968,mijnomgeving,357518080495088,1583847267968,1.0,52.2262326,5.1742805,6.0,6135.0,30.0,3.89,24.0,3.0,357518080495088.0,32.0,0.0,1583847263.0,1.0,22.5,2.988,EC 321
2020-03-10 13:34:31.622,mijnomgeving,357518080330582,1583847271622,31.0,52.3731342,4.9461358,7.0,11741.0,-15.0,4.11,11.0,36.0,357518080330582.0,32.0,0.0,1583847269.0,1551.0,10.16,,EC 219
2020-03-10 13:35:28.026,mijnomgeving,357518080495088,1583847328026,1.0,52.2261762,5.1744273,6.0,6195.0,16.0,3.9,24.0,20.0,357518080495088.0,32.0,0.0,1583847323.0,0.0,22.5,2.988,EC 321
2020-03-10 13:36:28.109,mijnomgeving,357518080494859,1583847388109,1.0,52.540958,5.5888171,5.0,54918.0,-12.0,4.17,10.0,0.0,357518080494859.0,32.0,0.0,1583847385.0,1814.0,10.42,,EC 302
2020-03-10 13:36:28.152,mijnomgeving,357518080495088,1583847388152,1.0,52.2261285,5.1743221,5.0,6255.0,13.0,3.9,24.0,223.0,357518080495088.0,32.0,0.0,1583847383.0,2.0,22.5,2.988,EC 321
2020-03-10 13:36:31.722,mijnomgeving,357518080328131,1583847391722,6.0,52.3866899,4.9179922,4.0,72916.0,-29.0,3.83,10.0,39.0,357518080328131.0,32.0,0.0,1583847393.0,46.0,12.18,,EC 230
2020-03-10 13:36:31.760,mijnomgeving,357518080168917,1583847391760,2.0,52.341069,4.9259749,5.0,21698166.0,97.0,4.02,9.0,17.0,357518080168917.0,16.0,1.0,1583846819.0,53.0,12.27,,EC 209
2020-03-10 13:36:37.513,mijnomgeving,357518080494818,1583847397513,1.0,52.8092772,5.7453029,4.0,16219.0,17.0,4.22,10.0,250.0,357518080494818.0,32.0,0.0,1583847394.0,1640.0,10.51,,EC 309
2020-03-10 13:37:11.961,mijnomgeving,357518080332257,1583847431961,0.0,51.898174,4.4232159,7.0,63010.0,-3.0,4.09,8.0,0.0,357518080332257.0,32.0,1.0,1583847430.0,461.0,9.89,,EC 240
2020-03-10 13:37:26.597,mijnomgeving,357518080495088,1583847446597,1.0,52.2262796,5.1743457,5.0,6315.0,15.0,3.89,24.0,227.0,357518080495088.0,32.0,0.0,1583847443.0,0.0,22.5,3.041,EC 321
2020-03-10 13:37:37.590,mijnomgeving,357518080494834,1583847457590,0.0,52.4253596,5.4206273,5.0,234917.0,-21.0,4.11,10.0,19.0,357518080494834.0,32.0,1.0,1583847464.0,1334.0,11.04,,EC 314
2020-03-10 13:37:40.267,mijnomgeving,357518080171390,1583847460267,2.0,52.0321816,5.3038408,4.0,21707139.0,-55.0,4.18,9.0,15.0,357518080171390.0,64.0,1.0,1583847469.0,830.0,10.51,,EC 202
2020-03-10 13:37:59.223,mijnomgeving,357518080170889,1583847479223,4.0,52.0147705,4.2951962,4.0,125114.0,10.0,4.189999999999999,7.0,0.0,357518080170889.0,32.0,0.0,1583847480.0,2052.0,12.8,,EC 236
2020-03-10 13:38:06.863,mijnomgeving,357518080330764,1583847486863,10.0,51.8210018,4.6115599,7.0,55820.0,39.0,3.94,10.0,203.0,357518080330764.0,32.0,0.0,1583847486.0,344.0,11.57,,EC 244
2020-03-10 13:38:21.367,mijnomgeving,357518080332265,1583847501367,17.0,52.3922158,4.9373688,7.0,49527.0,9.0,3.71,10.0,16.0,357518080332265.0,32.0,0.0,1583847496.0,1526.0,10.42,,EC 221
2020-03-10 13:38:26.687,mijnomgeving,357518080495088,1583847506687,1.0,52.2258199,5.1744894,4.0,6375.0,0.0,3.9,24.0,5.0,357518080495088.0,32.0,0.0,1583847503.0,1.0,22.5,2.988,EC 321
2020-03-10 13:38:26.729,mijnomgeving,357518080495187,1583847506729,2.0,52.6350002,5.8235404,4.0,254718.0,79.0,4.25,12.0,9.0,357518080495187.0,32.0,0.0,1583847518.0,578.0,10.33,,EC 304
2020-03-10 13:38:49.012,mijnomgeving,357518080166663,1583847529012,2.0,51.898227,4.4232073,5.0,121511.0,-6.0,4.12,8.0,30.0,357518080166663.0,32.0,0.0,1583847525.0,610.0,9.89,,EC 243
2020-03-10 13:39:17.046,mijnomgeving,357518080200454,1583847557046,2.0,52.3313908,5.0625069,6.0,23519764.0,-12.0,3.89,8.0,0.0,357518080200454.0,16.0,0.0,1583847565.0,6250.0,9.63,,EC Prototype 002
2020-03-10 13:39:28.704,mijnomgeving,357518080495088,1583847568704,1.0,52.2263139,5.1742445,5.0,6435.0,29.0,3.9,24.0,5.0,357518080495088.0,32.0,0.0,1583847563.0,0.0,22.5,2.988,EC 321
2020-03-10 13:39:31.665,mijnomgeving,357518080495526,1583847571665,0.0,52.2259172,5.1744855,4.0,7218.0,-1.0,4.15,10.0,35.0,357518080495526.0,32.0,2.0,1583847568.0,133.0,12.18,,EC 327
2020-03-10 13:39:34.681,mijnomgeving,357518080495146,1583847574681,1.0,52.3869192,5.3122233,6.0,28818.0,-5.0,4.18,10.0,0.0,357518080495146.0,32.0,0.0,1583847572.0,1699.0,10.51,,EC 317
2020-03-10 13:39:43.679,mijnomgeving,357518080494875,1583847583679,1.0,52.6572613,5.6144707,4.0,58518.0,33.0,4.2,9.0,25.0,357518080494875.0,32.0,5.0,1583847582.0,1870.0,10.33,,EC 311
2020-03-10 13:39:46.973,mijnomgeving,357518080169006,1583847586973,23.0,,,,18033.0,,3.64,10.0,,357518080169006.0,32.0,,1583847585.0,769.0,11.39,,EC 213
2020-03-10 13:39:49.397,mijnomgeving,357518080495112,1583847589397,1.0,52.8375174,5.7139685,4.0,99918.0,-7.0,4.22,9.0,208.0,357518080495112.0,32.0,0.0,1583847590.0,1741.0,10.33,,EC 306
2020-03-10 13:40:08.760,mijnomgeving,357518080495070,1583847608760,1.0,52.226097,5.1743869,5.0,3618.0,4.0,4.03,23.0,254.0,357518080495070.0,32.0,0.0,1583847605.0,1.0,21.97,,EC 320
2020-03-10 13:40:32.794,mijnomgeving,357518080494909,1583847632794,0.0,52.2260944,5.1745199,7.0,430217.0,21.0,4.17,8.0,28.0,357518080494909.0,32.0,0.0,1583847649.0,114.0,12.27,,EC 329
2020-03-10 13:40:35.741,mijnomgeving,357518080495088,1583847635741,1.0,52.2261853,5.1743896,6.0,6504.0,20.0,3.9,24.0,254.0,357518080495088.0,32.0,0.0,1583847632.0,1.0,22.5,2.988,EC 321
2020-03-10 13:41:19.564,mijnomgeving,357518080167000,1583847679564,3.0,52.1739288,5.0359335,4.0,133214.0,0.0,4.13,8.0,0.0,357518080167000.0,32.0,1.0,1583847682.0,619.0,9.45,,EC 228
2020-03-10 13:41:26.848,mijnomgeving,357518080495088,1583847686848,1.0,52.226263,5.1744022,5.0,6555.0,12.0,3.9,24.0,246.0,357518080495088.0,32.0,0.0,1583847683.0,1.0,22.41,3.041,EC 321
2020-03-10 13:41:34.074,mijnomgeving,357518080203151,1583847694074,7.0,52.4209067,4.8600819,4.0,21671141.0,9.0,4.17,9.0,0.0,357518080203151.0,16.0,0.0,1583847695.0,83.0,10.07,,EC Prototype 001
2020-03-10 13:41:39.837,mijnomgeving,357518080495203,1583847699837,1.0,52.2261735,5.174563,5.0,178227.0,25.0,4.17,10.0,6.0,357518080495203.0,32.0,0.0,1583847700.0,131.0,12.54,,EC 324
2020-03-10 13:41:39.899,mijnomgeving,357518080494768,1583847699899,7.0,52.4156341,5.2277003,4.0,143123.0,-219.0,4.21,10.0,241.0,357518080494768.0,32.0,3.0,1583847699.0,1710.0,10.6,,EC 305
2020-03-10 13:41:59.833,mijnomgeving,357518080168917,1583847719833,1.0,52.3407883,4.9254871,5.0,21699065.0,-18.0,4.01,10.0,0.0,357518080168917.0,16.0,0.0,1583847718.0,53.0,12.45,,EC 209
2020-03-10 13:42:09.909,mijnomgeving,357518080497423,1583847729909,1.0,52.5229954,5.5903522,5.0,4518.0,1.0,4.18,10.0,8.0,357518080497423.0,32.0,0.0,1583847724.0,2040.0,10.6,,EC 318
2020-03-10 13:42:35.905,mijnomgeving,357518080495088,1583847755905,1.0,52.2262043,5.1742605,5.0,6624.0,33.0,3.9,24.0,0.0,357518080495088.0,32.0,0.0,1583847752.0,1.0,22.41,3.041,EC 321
2020-03-10 13:42:56.912,mijnomgeving,357518080497639,1583847776912,1.0,52.6591792,5.6607671,8.0,47718.0,-19.0,4.22,10.0,227.0,357518080497639.0,32.0,0.0,1583847776.0,2193.0,10.42,,EC 308
2020-03-10 13:43:18.376,mijnomgeving,357518080163405,1583847798376,7.0,52.372439,4.9160234,4.0,52218.0,115.0,4.14,8.0,0.0,357518080163405.0,32.0,0.0,1583847795.0,1658.0,9.8,,EC 226
2020-03-10 13:43:24.984,mijnomgeving,357518080495104,1583847804984,0.0,52.3372657,5.5372704,4.0,116118.0,-32.0,4.13,12.0,22.0,357518080495104.0,32.0,0.0,1583847806.0,741.0,10.95,,EC 312
2020-03-10 13:43:25.487,mijnomgeving,357518080165368,1583847805487,18.0,52.3398241,4.9105976,4.0,20659578.0,-36.0,3.77,10.0,0.0,357518080165368.0,16.0,0.0,1583847814.0,1176.0,10.42,,EC 208
2020-03-10 13:43:35.945,mijnomgeving,357518080495088,1583847815945,1.0,52.2260543,5.17457,4.0,6684.0,-16.0,3.9,24.0,6.0,357518080495088.0,32.0,0.0,1583847812.0,1.0,22.5,3.041,EC 321
2020-03-10 13:43:42.937,mijnomgeving,357518080497662,1583847822937,1.0,52.2261364,5.1753227,5.0,6328.0,45.0,4.21,11.0,199.0,357518080497662.0,32.0,2.0,1583847818.0,137.0,12.45,,EC 328
2020-03-10 13:43:49.953,mijnomgeving,357518080494776,1583847829953,19.0,52.2264943,5.1751053,6.0,4536.0,-53.0,4.17,10.0,31.0,357518080494776.0,32.0,0.0,1583847825.0,136.0,12.18,,EC 330
2020-03-10 13:43:54.979,mijnomgeving,357518080495682,1583847834979,12.0,52.5493726,5.5881495,4.0,76530.0,-17.0,4.2,11.0,9.0,357518080495682.0,32.0,0.0,1583847832.0,1615.0,10.95,,EC 316
2020-03-10 13:44:30.786,mijnomgeving,357518080166960,1583847870786,23.0,52.7138133,6.8788285,4.0,172833.0,8.0,3.96,10.0,13.0,357518080166960.0,32.0,0.0,1583847875.0,544.0,10.07,,EC 232
2020-03-10 13:44:36.042,mijnomgeving,357518080495088,1583847876042,1.0,52.2263095,5.1743497,5.0,6744.0,7.0,3.89,24.0,246.0,357518080495088.0,32.0,0.0,1583847872.0,0.0,22.41,2.988,EC 321
2020-03-10 13:45:19.006,mijnomgeving,357518080495047,1583847919006,1.0,52.2261708,5.1746394,6.0,61218.0,8.0,4.17,10.0,3.0,357518080495047.0,32.0,1.0,1583847914.0,131.0,12.36,,EC 322
2020-03-10 13:45:19.598,mijnomgeving,357518080166580,1583847919598,7.0,52.3605308,4.8155722999999995,5.0,31517.0,-4.0,4.05,9.0,8.0,357518080166580.0,32.0,0.0,1583847917.0,664.0,9.63,,EC 224
2020-03-10 13:45:27.020,mijnomgeving,357518080495088,1583847927020,1.0,52.2261347,5.1744034,4.0,6795.0,4.0,3.89,24.0,3.0,357518080495088.0,32.0,0.0,1583847923.0,2.0,22.41,2.988,EC 321
2020-03-10 13:45:46.081,mijnomgeving,357518080495120,1583847946081,20.0,52.3337009,5.3125471,8.0,5437.0,2.0,4.18,11.0,234.0,357518080495120.0,32.0,0.0,1583847936.0,1506.0,10.07,,EC 303
2020-03-10 13:46:04.146,mijnomgeving,357518080165475,1583847964146,3.0,52.3719013,4.9251176,4.0,13203048.0,12.0,4.12,10.0,0.0,357518080165475.0,1.0,0.0,1583847980.0,1437.0,9.54,,EC 201
2020-03-10 13:46:16.086,mijnomgeving,357518080495153,1583847976086,1.0,52.578952,5.7568504,4.0,21618.0,-10.0,4.2,10.0,22.0,357518080495153.0,32.0,0.0,1583847970.0,2587.0,10.16,,EC 313
2020-03-10 13:46:36.098,mijnomgeving,357518080495088,1583847996098,1.0,52.2261774,5.1745242,5.0,6864.0,-9.0,3.89,24.0,8.0,357518080495088.0,32.0,0.0,1583847992.0,0.0,22.41,3.041,EC 321
2020-03-10 13:46:40.098,mijnomgeving,357518080495534,1583848000098,0.0,52.5326582,5.5930951,6.0,4518.0,-12.0,4.22,11.0,38.0,357518080495534.0,32.0,0.0,1583847996.0,2043.0,10.69,,EC 307
2020-03-10 13:46:42.087,mijnomgeving,357518080494826,1583848002087,0.0,52.2260353,5.1746349,5.0,6318.0,30.0,4.18,11.0,22.0,357518080494826.0,32.0,0.0,1583847999.0,131.0,11.92,,EC 323
2020-03-10 13:47:14.129,mijnomgeving,357518080497696,1583848034129,1.0,52.5175468,5.5093238,5.0,56718.0,-23.0,4.17,10.0,213.0,357518080497696.0,32.0,0.0,1583848034.0,1030.0,10.33,,EC 319
2020-03-10 13:47:26.214,mijnomgeving,357518080495088,1583848046214,1.0,52.2260933,5.1743860999999995,5.0,6915.0,17.0,3.9,24.0,0.0,357518080495088.0,32.0,0.0,1583848043.0,2.0,22.5,2.988,EC 321
2020-03-10 13:47:44.224,mijnomgeving,357518080494982,1583848064224,1.0,52.2260054,5.1745344,5.0,6318.0,33.0,4.17,10.0,38.0,357518080494982.0,32.0,0.0,1583848060.0,134.0,12.18,,EC 326
2020-03-10 13:47:51.737,mijnomgeving,357518080163249,1583848071737,25.0,,,,27035.0,,4.16,11.0,,357518080163249.0,32.0,,1583848066.0,431.0,11.04,,EC 212
2020-03-10 13:47:57.176,mijnomgeving,357518080495161,1583848077176,2.0,52.4999611,5.4528544,4.0,6458423.0,21.0,4.189999999999999,11.0,1.0,357518080495161.0,32.0,1.0,1583848080.0,905.0,10.16,,EC 315
2020-03-10 13:48:11.183,mijnomgeving,357518080495021,1583848091183,39.0,53.1564431,7.0210957,5.0,51356.0,-13.0,3.93,14.0,255.0,357518080495021.0,32.0,1.0,1583848091.0,0.0,15.09,,EC 325
2020-03-10 13:48:24.443,mijnomgeving,357518080166887,1583848104443,29.0,52.3703642,4.9009222999999995,7.0,11937678.0,18.0,3.62,10.0,9.0,357518080166887.0,4.0,0.0,1583848103.0,35.0,13.42,,EC 200
2020-03-10 13:48:30.469,mijnomgeving,357518080164395,1583848110469,4.0,51.898257,4.4231363,4.0,44113.0,15.0,4.04,9.0,227.0,357518080164395.0,32.0,0.0,1583848108.0,777.0,10.16,,EC 241
2020-03-10 13:48:33.788,mijnomgeving,357518080163173,1583848113788,7.0,52.7215882,6.8188931,6.0,37817.0,50.0,3.969999999999999,10.0,39.0,357518080163173.0,32.0,0.0,1583848112.0,504.0,9.72,,EC 231
2020-03-10 13:48:35.223,mijnomgeving,357518080495088,1583848115223,1.0,52.2262593,5.1743097,5.0,6984.0,20.0,3.9,24.0,2.0,357518080495088.0,32.0,0.0,1583848112.0,0.0,22.41,2.988,EC 321
2020-03-10 13:49:04.327,mijnomgeving,357518080330582,1583848144327,3.0,52.3731302,4.9460879,7.0,12613.0,-19.0,4.11,11.0,13.0,357518080330582.0,32.0,1.0,1583848141.0,1544.0,10.16,,EC 219
2020-03-10 13:49:27.347,mijnomgeving,357518080495088,1583848167347,1.0,52.2261289,5.1743851,6.0,7035.0,21.0,3.89,24.0,28.0,357518080495088.0,32.0,0.0,1583848163.0,1.0,22.41,2.988,EC 321
2020-03-10 13:50:27.426,mijnomgeving,357518080495088,1583848227426,1.0,52.2261534,5.1743956,5.0,7095.0,13.0,3.9,24.0,8.0,357518080495088.0,32.0,0.0,1583848223.0,1.0,22.41,2.988,EC 321
2020-03-10 13:51:25.467,mijnomgeving,357518080494859,1583848285467,1.0,52.5409688,5.5888558,5.0,55818.0,5.0,4.17,10.0,10.0,357518080494859.0,32.0,0.0,1583848285.0,1812.0,10.42,,EC 302
2020-03-10 13:51:37.481,mijnomgeving,357518080495088,1583848297481,1.0,52.2261614,5.1743831,6.0,7164.0,13.0,3.9,24.0,1.0,357518080495088.0,32.0,0.0,1583848292.0,0.0,22.41,2.988,EC 321
2020-03-10 13:51:37.513,mijnomgeving,357518080494818,1583848297513,1.0,52.8090445,5.7454225,4.0,17119.0,9.0,4.22,10.0,19.0,357518080494818.0,32.0,0.0,1583848294.0,1638.0,10.51,,EC 309
2020-03-10 13:51:57.812,mijnomgeving,357518080328131,1583848317812,32.0,52.3868051,4.9177697,10.0,73842.0,5.0,3.83,10.0,0.0,357518080328131.0,32.0,0.0,1583848319.0,46.0,12.27,,EC 230
2020-03-10 13:52:13.010,mijnomgeving,357518080332257,1583848333010,2.0,51.8982343,4.4234095,7.0,63912.0,-17.0,4.1,8.0,221.0,357518080332257.0,32.0,0.0,1583848332.0,501.0,9.89,,EC 240
2020-03-10 13:52:36.894,mijnomgeving,357518080494834,1583848356894,0.0,52.425643,5.4208122,5.0,235817.0,9.0,4.11,11.0,16.0,357518080494834.0,32.0,0.0,1583848364.0,1353.0,11.13,,EC 314
2020-03-10 13:52:36.928,mijnomgeving,357518080495088,1583848356928,1.0,52.2261001,5.174478,4.0,7224.0,-3.0,3.89,24.0,26.0,357518080495088.0,32.0,0.0,1583848352.0,2.0,22.41,2.988,EC 321
2020-03-10 13:52:40.429,mijnomgeving,357518080171390,1583848360429,2.0,52.0319637,5.3035586,4.0,21708039.0,-3.0,4.17,10.0,8.0,357518080171390.0,64.0,1.0,1583848369.0,828.0,10.51,,EC 202
2020-03-10 13:52:57.656,mijnomgeving,357518080170889,1583848377656,3.0,52.0145863,4.2953637,4.0,126013.0,-19.0,4.189999999999999,7.0,221.0,357518080170889.0,32.0,2.0,1583848379.0,1594.0,12.36,,EC 236
2020-03-10 13:53:02.865,mijnomgeving,357518080330764,1583848382865,6.0,51.8209631,4.610818,7.0,56716.0,-13.0,3.94,10.0,214.0,357518080330764.0,32.0,0.0,1583848382.0,342.0,11.57,,EC 244
2020-03-10 13:53:07.807,mijnomgeving,357518080332265,1583848387807,7.0,52.392243,4.9373943,6.0,50417.0,0.0,3.71,10.0,21.0,357518080332265.0,32.0,0.0,1583848386.0,1520.0,10.51,,EC 221
2020-03-10 13:53:27.057,mijnomgeving,357518080495187,1583848407057,1.0,52.635544,5.8235902,4.0,255617.0,-13.0,4.25,12.0,12.0,357518080495187.0,32.0,0.0,1583848417.0,569.0,10.33,,EC 304
2020-03-10 13:53:27.075,mijnomgeving,357518080495088,1583848407075,1.0,52.2261301,5.1744023,5.0,7275.0,5.0,3.9,24.0,55.0,357518080495088.0,32.0,0.0,1583848403.0,0.0,22.41,2.988,EC 321
2020-03-10 13:53:46.462,mijnomgeving,357518080166663,1583848426462,4.0,51.898174,4.4232396,5.0,122413.0,-4.0,4.12,9.0,214.0,357518080166663.0,32.0,0.0,1583848427.0,685.0,9.89,,EC 243
2020-03-10 13:54:16.183,mijnomgeving,357518080200454,1583848456183,1.0,52.3312951,5.0625023,5.0,23520663.0,10.0,3.89,8.0,210.0,357518080200454.0,16.0,0.0,1583848464.0,6236.0,9.63,,EC Prototype 002
2020-03-10 13:54:26.366,mijnomgeving,357518080169006,1583848466366,3.0,,,,18912.0,,3.64,10.0,,357518080169006.0,32.0,,1583848464.0,767.0,11.48,,EC 213
2020-03-10 13:54:27.133,mijnomgeving,357518080495088,1583848467133,1.0,52.2261061,5.1744231,5.0,7335.0,5.0,3.9,24.0,0.0,357518080495088.0,32.0,0.0,1583848463.0,0.0,22.41,2.988,EC 321
2020-03-10 13:54:31.106,mijnomgeving,357518080495526,1583848471106,1.0,52.2258026,5.174247,4.0,8118.0,6.0,4.16,10.0,35.0,357518080495526.0,32.0,0.0,1583848468.0,132.0,12.18,,EC 327
2020-03-10 13:54:34.069,mijnomgeving,357518080495146,1583848474069,1.0,52.3869611,5.3121692,6.0,29718.0,0.0,4.17,10.0,245.0,357518080495146.0,32.0,0.0,1583848472.0,1708.0,10.51,,EC 317
2020-03-10 13:54:50.090,mijnomgeving,357518080494875,1583848490090,7.0,52.6569248,5.6143866,4.0,59424.0,102.0,4.189999999999999,9.0,21.0,357518080494875.0,32.0,5.0,1583848489.0,1868.0,10.33,,EC 311
2020-03-10 13:55:09.267,mijnomgeving,357518080495070,1583848509267,1.0,52.2261377,5.174422,6.0,4518.0,1.0,4.04,23.0,1.0,357518080495070.0,32.0,0.0,1583848505.0,0.0,21.88,,EC 320
2020-03-10 13:55:11.269,mijnomgeving,357518080495112,1583848511269,23.0,52.8374732,5.713935,7.0,100840.0,-9.0,4.22,10.0,208.0,357518080495112.0,32.0,0.0,1583848512.0,1741.0,10.42,,EC 306
2020-03-10 13:55:34.315,mijnomgeving,357518080494909,1583848534315,0.0,52.2259959,5.1744783,7.0,431117.0,42.0,4.17,9.0,26.0,357518080494909.0,32.0,0.0,1583848549.0,113.0,12.36,,EC 329
2020-03-10 13:55:38.343,mijnomgeving,357518080495088,1583848538343,1.0,52.2260456,5.1744585,5.0,7404.0,3.0,3.89,24.0,6.0,357518080495088.0,32.0,0.0,1583848532.0,2.0,22.41,3.041,EC 321
2020-03-10 13:56:21.317,mijnomgeving,357518080167000,1583848581317,5.0,52.1737356,5.0360392,4.0,134116.0,45.0,4.13,8.0,9.0,357518080167000.0,32.0,0.0,1583848584.0,619.0,9.45,,EC 228
2020-03-10 13:56:26.662,mijnomgeving,357518080495088,1583848586662,1.0,52.2261591,5.1744166,5.0,7455.0,4.0,3.89,24.0,0.0,357518080495088.0,32.0,0.0,1583848583.0,0.0,22.41,2.988,EC 321
2020-03-10 13:56:26.690,mijnomgeving,357518080495203,1583848586690,1.0,52.2260666,5.1747309,5.0,179118.0,46.0,4.17,10.0,8.0,357518080495203.0,32.0,0.0,1583848591.0,128.0,12.62,,EC 324
2020-03-10 13:56:40.113,mijnomgeving,357518080203151,1583848600113,7.0,52.4209267,4.8598855,4.0,21672041.0,19.0,4.16,9.0,0.0,357518080203151.0,16.0,0.0,1583848595.0,83.0,10.07,,EC Prototype 001
2020-03-10 13:56:55.671,mijnomgeving,357518080494768,1583848615671,20.0,52.4167069,5.2265111,6.0,144037.0,-13.0,4.21,11.0,245.0,357518080494768.0,32.0,0.0,1583848612.0,1704.0,10.51,,EC 305
2020-03-10 13:57:05.348,mijnomgeving,357518080168917,1583848625348,2.0,52.3406568,4.9256191,5.0,21699966.0,-10.0,4.02,11.0,0.0,357518080168917.0,16.0,0.0,1583848619.0,48.0,13.07,,EC 209
2020-03-10 13:57:09.670,mijnomgeving,357518080497423,1583848629670,0.0,52.5228724,5.5912382,5.0,5417.0,39.0,4.18,10.0,207.0,357518080497423.0,32.0,3.0,1583848623.0,2041.0,10.6,,EC 318
2020-03-10 13:57:36.824,mijnomgeving,357518080495088,1583848656824,1.0,52.2261267,5.1744105,6.0,7524.0,0.0,3.9,24.0,18.0,357518080495088.0,32.0,0.0,1583848652.0,1.0,22.41,2.988,EC 321
2020-03-10 13:57:58.831,mijnomgeving,357518080497639,1583848678831,1.0,52.6591934,5.6608132,8.0,48618.0,-8.0,4.22,10.0,24.0,357518080497639.0,32.0,0.0,1583848676.0,2193.0,10.42,,EC 308
2020-03-10 13:58:13.066,mijnomgeving,357518080163405,1583848693066,4.0,52.3732116,4.9160161,4.0,53115.0,-56.0,4.14,8.0,0.0,357518080163405.0,32.0,0.0,1583848692.0,1658.0,9.8,,EC 226
2020-03-10 13:58:27.505,mijnomgeving,357518080165368,1583848707505,19.0,52.3400507,4.9109926999999995,5.0,20660479.0,-50.0,3.77,10.0,12.0,357518080165368.0,16.0,0.0,1583848716.0,1175.0,10.33,,EC 208
2020-03-10 13:58:27.853,mijnomgeving,357518080495104,1583848707853,6.0,52.337252,5.5373869,4.0,117022.0,12.0,4.13,12.0,20.0,357518080495104.0,32.0,0.0,1583848710.0,740.0,10.95,,EC 312
2020-03-10 13:58:30.821,mijnomgeving,357518080494776,1583848710821,1.0,52.2264712,5.1750289,7.0,5418.0,-50.0,4.17,10.0,26.0,357518080494776.0,32.0,0.0,1583848707.0,135.0,12.27,,EC 330
2020-03-10 13:58:32.806,mijnomgeving,357518080497662,1583848712806,1.0,52.2260314,5.1744659,5.0,7219.0,10.0,4.22,11.0,30.0,357518080497662.0,32.0,0.0,1583848709.0,138.0,12.54,,EC 328
2020-03-10 13:58:36.827,mijnomgeving,357518080495088,1583848716827,1.0,52.2260798,5.1743903,5.0,7584.0,9.0,3.89,24.0,0.0,357518080495088.0,32.0,0.0,1583848712.0,1.0,22.41,3.041,EC 321
2020-03-10 13:58:56.881,mijnomgeving,357518080495682,1583848736881,0.0,52.549598,5.5882119,4.0,77418.0,-31.0,4.2,10.0,0.0,357518080495682.0,32.0,0.0,1583848720.0,1618.0,11.04,,EC 316
2020-03-10 13:59:27.012,mijnomgeving,357518080495088,1583848767012,1.0,52.2261193,5.1743526,6.0,7635.0,11.0,3.89,24.0,0.0,357518080495088.0,32.0,0.0,1583848763.0,0.0,22.41,3.041,EC 321
2020-03-10 14:00:05.587,mijnomgeving,357518080166960,1583848805587,32.0,52.7136423,6.8788136,6.0,173767.0,50.0,3.96,10.0,4.0,357518080166960.0,32.0,0.0,1583848809.0,537.0,10.07,,EC 232
2020-03-10 14:00:15.018,mijnomgeving,357518080495047,1583848815018,1.0,52.2260972,5.1747568,5.0,62118.0,37.0,4.18,10.0,54.0,357518080495047.0,32.0,0.0,1583848814.0,132.0,12.45,,EC 322
2020-03-10 14:00:20.163,mijnomgeving,357518080495120,1583848820163,1.0,52.333736,5.3126022,7.0,6318.0,-1.0,4.189999999999999,10.0,8.0,357518080495120.0,32.0,0.0,1583848816.0,1504.0,10.07,,EC 303
2020-03-10 14:00:27.836,mijnomgeving,357518080495088,1583848827836,1.0,52.2261557,5.1744243,5.0,7695.0,7.0,3.89,24.0,0.0,357518080495088.0,32.0,0.0,1583848823.0,1.0,22.41,2.988,EC 321
2020-03-10 14:00:58.867,mijnomgeving,357518080166580,1583848858867,36.0,52.3603779,4.8155642,6.0,32446.0,3.0,4.05,9.0,48.0,357518080166580.0,32.0,0.0,1583848846.0,665.0,9.63,,EC 224
2020-03-10 14:01:13.239,mijnomgeving,357518080495153,1583848873239,1.0,52.5788357,5.756867,5.0,22518.0,0.0,4.2,10.0,12.0,357518080495153.0,32.0,0.0,1583848870.0,2586.0,10.24,,EC 313
2020-03-10 14:01:22.729,mijnomgeving,357518080165475,1583848882729,17.0,52.3722483,4.9252972,6.0,13203962.0,-53.0,4.12,10.0,4.0,357518080165475.0,1.0,0.0,1583848894.0,1341.0,9.54,,EC 201
2020-03-10 14:01:32.323,mijnomgeving,357518080495088,1583848892323,1.0,52.2261263,5.1743025,5.0,7755.0,29.0,3.9,24.0,251.0,357518080495088.0,32.0,0.0,1583848883.0,1.0,22.41,3.041,EC 321
2020-03-10 14:01:40.604,mijnomgeving,357518080495534,1583848900604,1.0,52.5326883,5.593075,5.0,5418.0,-20.0,4.22,11.0,203.0,357518080495534.0,32.0,0.0,1583848896.0,2040.0,10.69,,EC 307
2020-03-10 14:01:51.011,mijnomgeving,357518080494826,1583848911011,8.0,52.2262167,5.1746838,7.0,7225.0,7.0,4.18,12.0,27.0,357518080494826.0,32.0,0.0,1583848906.0,130.0,12.01,,EC 323
2020-03-10 14:02:17.057,mijnomgeving,357518080497696,1583848937057,1.0,52.5172385,5.5093955,5.0,57618.0,6.0,4.18,10.0,11.0,357518080497696.0,32.0,0.0,1583848934.0,1029.0,10.33,,EC 319
2020-03-10 14:02:27.057,mijnomgeving,357518080495088,1583848947057,1.0,52.2261327,5.1744044,5.0,7815.0,12.0,3.89,24.0,0.0,357518080495088.0,32.0,0.0,1583848943.0,1.0,22.41,3.041,EC 321
2020-03-10 14:02:40.565,mijnomgeving,357518080163249,1583848960565,4.0,,,,27914.0,,4.17,11.0,,357518080163249.0,32.0,,1583848945.0,431.0,11.04,,EC 212
2020-03-10 14:03:07.142,mijnomgeving,357518080494982,1583848987142,26.0,52.2261316,5.1747409,4.0,7243.0,0.0,4.18,11.0,33.0,357518080494982.0,32.0,0.0,1583848985.0,133.0,12.27,,EC 326
2020-03-10 14:03:10.101,mijnomgeving,357518080495161,1583848990101,22.0,52.499712099999996,5.452789,6.0,6459343.0,-4.0,4.189999999999999,10.0,228.0,357518080495161.0,32.0,0.0,1583849000.0,898.0,10.24,,EC 315
2020-03-10 14:03:12.098,mijnomgeving,357518080495021,1583848992098,40.0,53.156255,7.0211144,5.0,52257.0,-17.0,3.93,14.0,0.0,357518080495021.0,32.0,0.0,1583848992.0,0.0,15.09,,EC 325
2020-03-10 14:03:35.840,mijnomgeving,357518080164395,1583849015840,5.0,51.8983159,4.4231765,4.0,45014.0,0.0,4.04,9.0,0.0,357518080164395.0,32.0,0.0,1583849009.0,765.0,10.16,,EC 241
2020-03-10 14:03:38.274,mijnomgeving,357518080495088,1583849018274,1.0,52.2260472,5.1743613,5.0,7884.0,17.0,3.9,24.0,212.0,357518080495088.0,32.0,0.0,1583849012.0,1.0,22.41,2.988,EC 321
2020-03-10 14:03:47.391,mijnomgeving,357518080163173,1583849027391,21.0,52.7218063,6.8189164,5.0,38730.0,41.0,3.969999999999999,9.0,0.0,357518080163173.0,32.0,0.0,1583849025.0,504.0,9.72,,EC 231
2020-03-10 14:04:03.835,mijnomgeving,357518080330582,1583849043835,3.0,52.3731137,4.9460414,6.0,13513.0,-6.0,4.11,11.0,0.0,357518080330582.0,32.0,0.0,1583849041.0,1568.0,10.16,,EC 219
2020-03-10 14:04:37.284,mijnomgeving,357518080495088,1583849077284,1.0,52.2260954,5.1744011,5.0,7944.0,20.0,3.89,24.0,208.0,357518080495088.0,32.0,0.0,1583849072.0,0.0,22.41,2.988,EC 321
2020-03-10 14:05:00.859,mijnomgeving,357518080166754,1583849100859,4.0,52.3539058,4.9248047,5.0,21077149.0,-15.0,4.18,10.0,0.0,357518080166754.0,16.0,0.0,1583848112.0,1242.0,10.24,,EC 204
2020-03-10 14:05:11.333,mijnomgeving,357518080166754,1583849111333,23.0,52.353873,4.9248715,5.0,21078068.0,-13.0,4.17,11.0,0.0,357518080166754.0,16.0,0.0,1583849031.0,1231.0,10.24,,EC 204
2020-03-10 14:05:35.507,mijnomgeving,357518080495088,1583849135507,1.0,52.2261287,5.174389,5.0,8004.0,18.0,3.89,24.0,18.0,357518080495088.0,32.0,0.0,1583849132.0,0.0,22.41,2.988,EC 321
2020-03-10 14:06:25.727,mijnomgeving,357518080494859,1583849185727,1.0,52.5408247,5.5887716,4.0,56718.0,29.0,4.17,10.0,20.0,357518080494859.0,32.0,0.0,1583849185.0,1808.0,10.51,,EC 302
2020-03-10 14:06:27.633,mijnomgeving,357518080495088,1583849187633,1.0,52.226119,5.1743373,5.0,8055.0,19.0,3.89,24.0,7.0,357518080495088.0,32.0,0.0,1583849183.0,2.0,22.41,2.988,EC 321
2020-03-10 14:06:28.817,mijnomgeving,357518080328131,1583849188817,3.0,52.3868721,4.9177627,6.0,74713.0,36.0,3.83,10.0,0.0,357518080328131.0,32.0,0.0,1583849190.0,45.0,12.27,,EC 230
2020-03-10 14:06:52.143,mijnomgeving,357518080494818,1583849212143,12.0,52.8094728,5.7454344,5.0,18030.0,-49.0,4.22,10.0,0.0,357518080494818.0,32.0,0.0,1583849205.0,1636.0,10.51,,EC 309
2020-03-10 14:07:14.905,mijnomgeving,357518080332257,1583849234905,3.0,51.8982587,4.4232733,4.0,64813.0,-9.0,4.1,9.0,211.0,357518080332257.0,32.0,0.0,1583849233.0,504.0,9.89,,EC 240
2020-03-10 14:07:37.189,mijnomgeving,357518080495088,1583849257189,1.0,52.2261115,5.1743724,5.0,8124.0,16.0,3.89,24.0,209.0,357518080495088.0,32.0,0.0,1583849252.0,1.0,22.41,3.041,EC 321
2020-03-10 14:07:49.238,mijnomgeving,357518080494834,1583849269238,12.0,52.4257227,5.4207496,8.0,236730.0,-5.0,4.12,10.0,55.0,357518080494834.0,32.0,0.0,1583849277.0,1335.0,11.13,,EC 314
2020-03-10 14:08:00.065,mijnomgeving,357518080170889,1583849280065,5.0,52.0144733,4.2953843,4.0,126915.0,-16.0,4.189999999999999,8.0,15.0,357518080170889.0,32.0,1.0,1583849281.0,1604.0,12.36,,EC 236
2020-03-10 14:08:03.996,mijnomgeving,357518080330764,1583849283996,8.0,51.8209568,4.6113251,5.0,57617.0,11.0,3.94,10.0,225.0,357518080330764.0,32.0,0.0,1583849283.0,344.0,11.66,,EC 244
2020-03-10 14:08:08.450,mijnomgeving,357518080171390,1583849288450,30.0,52.0319355,5.3036587,8.0,21708967.0,-1.0,4.18,10.0,0.0,357518080171390.0,64.0,0.0,1583849297.0,830.0,10.51,,EC 202
2020-03-10 14:08:10.664,mijnomgeving,357518080332265,1583849290664,9.0,52.3923167,4.9376931,4.0,51319.0,-13.0,3.7,9.0,57.0,357518080332265.0,32.0,0.0,1583849289.0,1525.0,10.51,,EC 221
2020-03-10 14:08:26.387,mijnomgeving,357518080495088,1583849306387,1.0,52.2261751,5.1744088,4.0,8175.0,6.0,3.89,24.0,199.0,357518080495088.0,32.0,0.0,1583849303.0,0.0,22.41,2.988,EC 321
2020-03-10 14:08:40.437,mijnomgeving,357518080495187,1583849320437,14.0,52.6352125,5.8236112,6.0,256530.0,17.0,4.25,12.0,225.0,357518080495187.0,32.0,0.0,1583849330.0,564.0,10.42,,EC 304
2020-03-10 14:08:49.182,mijnomgeving,357518080166663,1583849329182,2.0,51.8980917,4.4232272,5.0,123311.0,25.0,4.12,9.0,0.0,357518080166663.0,32.0,0.0,1583849325.0,676.0,9.89,,EC 243
2020-03-10 14:09:19.297,mijnomgeving,357518080200454,1583849359297,4.0,52.3310945,5.0624548,4.0,23521566.0,5.0,3.89,9.0,0.0,357518080200454.0,16.0,0.0,1583849367.0,6273.0,9.63,,EC Prototype 002
2020-03-10 14:09:27.110,mijnomgeving,357518080495088,1583849367110,1.0,52.2261462,5.1745636,5.0,8235.0,-9.0,3.9,24.0,200.0,357518080495088.0,32.0,0.0,1583849363.0,1.0,22.41,2.988,EC 321
2020-03-10 14:09:27.481,mijnomgeving,357518080169006,1583849367481,4.0,,,,19813.0,,3.64,10.0,,357518080169006.0,32.0,,1583849365.0,773.0,11.48,,EC 213
2020-03-10 14:09:38.108,mijnomgeving,357518080495146,1583849378108,5.0,52.3869072,5.312155,4.0,30622.0,-14.0,4.17,11.0,7.0,357518080495146.0,32.0,0.0,1583849376.0,1710.0,10.51,,EC 317
2020-03-10 14:09:44.089,mijnomgeving,357518080494875,1583849384089,1.0,52.6579069,5.6149918,5.0,60318.0,-9.0,4.2,9.0,19.0,357518080494875.0,32.0,2.0,1583849383.0,1869.0,10.33,,EC 311
2020-03-10 14:09:49.591,mijnomgeving,357518080495112,1583849389591,1.0,52.8374546,5.7139775,7.0,101718.0,-11.0,4.22,9.0,219.0,357518080495112.0,32.0,0.0,1583849390.0,1721.0,10.33,,EC 306
2020-03-10 14:09:49.675,mijnomgeving,357518080495526,1583849389675,18.0,52.2262335,5.1747267,8.0,9036.0,3.0,4.16,10.0,209.0,357518080495526.0,32.0,0.0,1583849386.0,134.0,12.27,,EC 327
2020-03-10 14:10:20.565,mijnomgeving,357518080495070,1583849420565,1.0,52.2261115,5.1743643,4.0,5427.0,11.0,4.04,23.0,211.0,357518080495070.0,32.0,0.0,1583849414.0,1.0,21.88,,EC 320
2020-03-10 14:10:27.519,mijnomgeving,357518080495088,1583849427519,0.0,52.2261239,5.1743522,5.0,8294.0,11.0,3.89,24.0,207.0,357518080495088.0,32.0,0.0,1583849422.0,1.0,22.41,2.988,EC 321
2020-03-10 14:10:52.658,mijnomgeving,357518080494909,1583849452658,21.0,52.2260507,5.1744471,5.0,432038.0,46.0,4.17,9.0,26.0,357518080494909.0,32.0,0.0,1583849470.0,114.0,12.36,,EC 329
2020-03-10 14:11:35.668,mijnomgeving,357518080495088,1583849495668,1.0,52.2261333,5.174324,4.0,8364.0,9.0,3.9,24.0,0.0,357518080495088.0,32.0,0.0,1583849492.0,0.0,22.41,3.041,EC 321
2020-03-10 14:11:38.430,mijnomgeving,357518080167000,1583849498430,22.0,52.1739548,5.0359521,7.0,135033.0,-2.0,4.14,8.0,0.0,357518080167000.0,32.0,0.0,1583849501.0,618.0,9.45,,EC 228
2020-03-10 14:11:40.610,mijnomgeving,357518080495203,1583849500610,15.0,52.2260987,5.174732,8.0,180032.0,27.0,4.17,10.0,228.0,357518080495203.0,32.0,0.0,1583849505.0,129.0,12.62,,EC 324
2020-03-10 14:11:41.606,mijnomgeving,357518080494768,1583849501606,1.0,52.4166664,5.2266221,6.0,144918.0,-4.0,4.21,10.0,237.0,357518080494768.0,32.0,0.0,1583849493.0,1691.0,10.51,,EC 305
2020-03-10 14:11:50.184,mijnomgeving,357518080203151,1583849510184,22.0,52.4207945,4.859849,6.0,21672956.0,20.0,4.16,9.0,0.0,357518080203151.0,16.0,0.0,1583849510.0,82.0,10.07,,EC Prototype 001
2020-03-10 14:12:07.529,mijnomgeving,357518080497423,1583849527529,1.0,52.5229798,5.5902128,4.0,6318.0,-12.0,4.18,10.0,206.0,357518080497423.0,32.0,0.0,1583849524.0,2032.0,10.69,,EC 318
2020-03-10 14:12:15.740,mijnomgeving,357518080168917,1583849535740,4.0,52.3407585,4.9257223,5.0,21700877.0,-6.0,4.01,10.0,4.0,357518080168917.0,16.0,0.0,1583849530.0,49.0,13.07,,EC 209
2020-03-10 14:12:36.648,mijnomgeving,357518080495088,1583849556648,1.0,52.2261082,5.1744107,5.0,8424.0,5.0,3.9,24.0,238.0,357518080495088.0,32.0,0.0,1583849552.0,0.0,22.41,2.988,EC 321
2020-03-10 14:12:57.619,mijnomgeving,357518080497639,1583849577619,1.0,52.6592152,5.6608083,7.0,49518.0,-23.0,4.22,10.0,217.0,357518080497639.0,32.0,0.0,1583849576.0,2188.0,10.51,,EC 308
2020-03-10 14:13:33.060,mijnomgeving,357518080165368,1583849613060,31.0,52.3400032,4.9106416,5.0,20661391.0,-39.0,3.77,10.0,235.0,357518080165368.0,16.0,0.0,1583849628.0,1184.0,10.42,,EC 208
2020-03-10 14:13:33.716,mijnomgeving,357518080495088,1583849613716,1.0,52.2261195,5.1744191,5.0,8475.0,1.0,3.89,24.0,206.0,357518080495088.0,32.0,0.0,1583849603.0,1.0,22.41,2.988,EC 321
2020-03-10 14:13:40.414,mijnomgeving,357518080163405,1583849620414,31.0,52.3729233,4.9159807,7.0,54042.0,-8.0,4.14,8.0,21.0,357518080163405.0,32.0,0.0,1583849619.0,1653.0,9.89,,EC 226
2020-03-10 14:13:45.732,mijnomgeving,357518080495104,1583849625732,17.0,52.3374289,5.5374549,8.0,117933.0,-13.0,4.13,12.0,249.0,357518080495104.0,32.0,0.0,1583849621.0,736.0,11.04,,EC 312
2020-03-10 14:13:51.725,mijnomgeving,357518080495682,1583849631725,10.0,52.5493808,5.5882188,5.0,78327.0,9.0,4.2,11.0,8.0,357518080495682.0,32.0,0.0,1583849629.0,1649.0,11.04,,EC 316
2020-03-10 14:13:57.798,mijnomgeving,357518080494776,1583849637798,27.0,52.2262392,5.1746633,10.0,6344.0,3.0,4.17,10.0,36.0,357518080494776.0,32.0,0.0,1583849633.0,136.0,12.27,,EC 330
2020-03-10 14:14:14.893,mijnomgeving,357518080497662,1583849654893,25.0,52.2261832,5.1747026,9.0,8152.0,8.0,4.21,11.0,5.0,357518080497662.0,32.0,0.0,1583849642.0,136.0,12.54,,EC 328
2020-03-10 14:14:27.178,mijnomgeving,357518080495088,1583849667178,1.0,52.22615,5.1743288,5.0,8535.0,15.0,3.89,24.0,33.0,357518080495088.0,32.0,0.0,1583849663.0,1.0,22.41,2.988,EC 321
2020-03-10 14:14:45.251,mijnomgeving,357518080166960,1583849685251,35.0,52.7138846,6.8789228,4.0,174645.0,4.0,3.96,10.0,15.0,357518080166960.0,32.0,0.0,1583849687.0,542.0,10.07,,EC 232
2020-03-10 14:15:15.243,mijnomgeving,357518080495047,1583849715243,1.0,52.2261499,5.1747329,5.0,63018.0,10.0,4.17,10.0,21.0,357518080495047.0,32.0,0.0,1583849714.0,131.0,12.45,,EC 322
2020-03-10 14:15:16.150,mijnomgeving,357518080166580,1583849716150,4.0,52.3603194,4.8151531,5.0,33314.0,22.0,4.05,9.0,202.0,357518080166580.0,32.0,0.0,1583849714.0,666.0,9.63,,EC 224
2020-03-10 14:15:20.228,mijnomgeving,357518080495120,1583849720228,1.0,52.3337873,5.3126219,8.0,7218.0,0.0,4.189999999999999,10.0,42.0,357518080495120.0,32.0,0.0,1583849717.0,1499.0,10.16,,EC 303
2020-03-10 14:15:26.254,mijnomgeving,357518080495088,1583849726254,0.0,52.2261353,5.17438,5.0,8594.0,8.0,3.89,24.0,205.0,357518080495088.0,32.0,0.0,1583849722.0,1.0,22.41,3.041,EC 321
2020-03-10 14:16:05.001,mijnomgeving,357518080165475,1583849765001,4.0,52.3723647,4.9252784,6.0,13204849.0,-68.0,4.12,10.0,12.0,357518080165475.0,1.0,0.0,1583849781.0,1272.0,9.54,,EC 201
2020-03-10 14:16:12.401,mijnomgeving,357518080495153,1583849772401,1.0,52.5787175,5.7568031,4.0,23418.0,24.0,4.2,10.0,12.0,357518080495153.0,32.0,0.0,1583849770.0,2575.0,10.24,,EC 313
2020-03-10 14:16:27.430,mijnomgeving,357518080495088,1583849787430,0.0,52.2261016,5.1743958,5.0,8654.0,0.0,3.89,24.0,207.0,357518080495088.0,32.0,0.0,1583849782.0,1.0,22.41,2.988,EC 321
2020-03-10 14:16:41.451,mijnomgeving,357518080494826,1583849801451,1.0,52.2262524,5.1747603,7.0,8118.0,-16.0,4.18,11.0,238.0,357518080494826.0,32.0,0.0,1583849799.0,132.0,12.01,,EC 323
2020-03-10 14:16:41.524,mijnomgeving,357518080495534,1583849801524,0.0,52.532674,5.5931332000000005,5.0,6317.0,-2.0,4.21,11.0,0.0,357518080495534.0,32.0,0.0,1583849795.0,2024.0,10.77,,EC 307
2020-03-10 14:17:14.483,mijnomgeving,357518080497696,1583849834483,1.0,52.5172451,5.5094411999999995,5.0,58518.0,-6.0,4.17,10.0,4.0,357518080497696.0,32.0,0.0,1583849834.0,1027.0,10.33,,EC 319
2020-03-10 14:17:36.529,mijnomgeving,357518080495088,1583849856529,1.0,52.2261273,5.1743414,5.0,8724.0,16.0,3.89,24.0,200.0,357518080495088.0,32.0,0.0,1583849852.0,0.0,22.41,3.041,EC 321
2020-03-10 14:17:44.220,mijnomgeving,357518080494982,1583849864220,1.0,52.2262098,5.1746489,5.0,8118.0,12.0,4.18,11.0,15.0,357518080494982.0,32.0,0.0,1583849860.0,134.0,12.27,,EC 326
2020-03-10 14:17:52.536,mijnomgeving,357518080495161,1583849872536,1.0,52.4996735,5.4527655,5.0,6460222.0,-24.0,4.2,10.0,229.0,357518080495161.0,32.0,0.0,1583849879.0,895.0,10.24,,EC 315
2020-03-10 14:18:25.670,mijnomgeving,357518080495088,1583849905670,0.0,52.2260766,5.1744951,5.0,8774.0,-1.0,3.9,24.0,1.0,357518080495088.0,32.0,0.0,1583849902.0,2.0,22.41,3.041,EC 321
2020-03-10 14:18:30.589,mijnomgeving,357518080163173,1583849910589,4.0,52.7217955,6.8192034,5.0,39614.0,35.0,3.969999999999999,8.0,44.0,357518080163173.0,32.0,0.0,1583849909.0,507.0,9.72,,EC 231
2020-03-10 14:18:30.750,mijnomgeving,357518080164395,1583849910750,4.0,51.898138,4.4234577,4.0,45913.0,-22.0,4.04,9.0,15.0,357518080164395.0,32.0,0.0,1583849908.0,745.0,10.16,,EC 241
2020-03-10 14:18:31.040,mijnomgeving,357518080163249,1583849911040,3.0,,,,28813.0,,4.17,11.0,,357518080163249.0,32.0,,1583849844.0,423.0,11.13,,EC 212
2020-03-10 14:18:31.163,mijnomgeving,357518080166754,1583849911163,2.0,52.3537822,4.9249012,5.0,21078947.0,3.0,4.17,10.0,0.0,357518080166754.0,16.0,0.0,1583849910.0,1228.0,10.33,,EC 204
2020-03-10 14:18:35.636,mijnomgeving,357518080495021,1583849915636,63.0,53.1565927,7.0210715,5.0,53180.0,-2.0,3.93,14.0,7.0,357518080495021.0,32.0,4.0,1583849915.0,0.0,15.09,,EC 325
2020-03-10 14:19:13.460,mijnomgeving,357518080330582,1583849953460,5.0,52.3730104,4.9457324,5.0,14415.0,53.0,4.11,11.0,0.0,357518080330582.0,32.0,0.0,1583849943.0,1591.0,10.07,,EC 219
2020-03-10 14:19:27.070,mijnomgeving,357518080495088,1583849967070,0.0,52.2261028,5.1743274,5.0,8834.0,15.0,3.89,24.0,0.0,357518080495088.0,32.0,0.0,1583849962.0,0.0,22.41,2.988,EC 321
2020-03-10 14:20:27.157,mijnomgeving,357518080495088,1583850027157,1.0,52.2260595,5.1743859,5.0,8895.0,16.0,3.89,24.0,0.0,357518080495088.0,32.0,0.0,1583850023.0,1.0,22.41,2.988,EC 321
2020-03-10 14:20:35.648,mijnomgeving,357518080166887,1583850035648,44.0,52.3700216,4.9010432999999995,7.0,11938593.0,12.0,3.62,10.0,12.0,357518080166887.0,4.0,0.0,1583849018.0,39.0,13.33,,EC 200
2020-03-10 14:20:37.167,mijnomgeving,357518080166887,1583850037167,9.0,52.3701667,4.9009903999999995,7.0,11939458.0,7.0,3.61,10.0,6.0,357518080166887.0,4.0,0.0,1583849883.0,38.0,13.42,,EC 200
2020-03-10 14:21:26.303,mijnomgeving,357518080494859,1583850086303,0.0,52.5407696,5.5888414,4.0,57618.0,35.0,4.18,10.0,6.0,357518080494859.0,32.0,0.0,1583850085.0,1805.0,10.51,,EC 302
2020-03-10 14:21:27.312,mijnomgeving,357518080495088,1583850087312,1.0,52.2259921,5.1743876,5.0,8955.0,9.0,3.89,24.0,213.0,357518080495088.0,32.0,0.0,1583850083.0,2.0,22.41,3.041,EC 321
2020-03-10 14:21:29.665,mijnomgeving,357518080328131,1583850089665,4.0,52.386669,4.9176957,7.0,75614.0,-4.0,3.83,9.0,3.0,357518080328131.0,32.0,0.0,1583850091.0,46.0,12.27,,EC 230
2020-03-10 14:21:49.770,mijnomgeving,357518080494818,1583850109770,12.0,52.8092047,5.7451716,5.0,18930.0,15.0,4.22,10.0,10.0,357518080494818.0,32.0,0.0,1583850105.0,1624.0,10.6,,EC 309
2020-03-10 14:22:13.893,mijnomgeving,357518080332257,1583850133893,2.0,51.898317,4.4232114,6.0,65712.0,17.0,4.09,9.0,0.0,357518080332257.0,32.0,0.0,1583850132.0,509.0,9.89,,EC 240
2020-03-10 14:22:36.413,mijnomgeving,357518080495088,1583850156413,1.0,52.22617,5.1744596,5.0,9024.0,-1.0,3.9,24.0,0.0,357518080495088.0,32.0,0.0,1583850152.0,2.0,22.41,3.041,EC 321
2020-03-10 14:22:39.460,mijnomgeving,357518080171390,1583850159460,1.0,52.0319514,5.3035834,7.0,21709838.0,-33.0,4.18,10.0,0.0,357518080171390.0,64.0,0.0,1583850168.0,830.0,10.51,,EC 202
2020-03-10 14:22:58.259,mijnomgeving,357518080170889,1583850178259,3.0,52.0153315,4.2961395,4.0,127813.0,12.0,4.189999999999999,8.0,25.0,357518080170889.0,32.0,1.0,1583850179.0,1520.0,12.01,,EC 236
2020-03-10 14:22:59.406,mijnomgeving,357518080494834,1583850179406,0.0,52.42569,5.4206939,7.0,237618.0,18.0,4.12,10.0,0.0,357518080494834.0,32.0,0.0,1583850165.0,1317.0,11.13,,EC 314
2020-03-10 14:23:03.182,mijnomgeving,357518080330764,1583850183182,7.0,51.8211095,4.6099345,5.0,58516.0,-2.0,3.94,10.0,226.0,357518080330764.0,32.0,2.0,1583850182.0,344.0,11.66,,EC 244
2020-03-10 14:23:22.076,mijnomgeving,357518080332265,1583850202076,17.0,52.3922198,4.9372979,6.0,52227.0,26.0,3.71,10.0,32.0,357518080332265.0,32.0,0.0,1583850197.0,1520.0,10.51,,EC 221
2020-03-10 14:23:35.500,mijnomgeving,357518080495088,1583850215500,1.0,52.226115,5.1743216,5.0,9075.0,23.0,3.89,24.0,5.0,357518080495088.0,32.0,0.0,1583850203.0,1.0,22.41,2.988,EC 321
2020-03-10 14:23:35.531,mijnomgeving,357518080495187,1583850215531,1.0,52.6351558,5.8235933,6.0,257417.0,15.0,4.25,12.0,241.0,357518080495187.0,32.0,0.0,1583850217.0,554.0,10.42,,EC 304
2020-03-10 14:23:50.288,mijnomgeving,357518080166663,1583850230288,2.0,51.8982401,4.4233896999999995,4.0,124211.0,1.0,4.12,10.0,18.0,357518080166663.0,32.0,0.0,1583850225.0,702.0,9.89,,EC 243
2020-03-10 14:24:16.816,mijnomgeving,357518080200454,1583850256816,2.0,52.3310312,5.0626241,4.0,23522464.0,-35.0,3.89,8.0,0.0,357518080200454.0,16.0,0.0,1583850265.0,6270.0,9.63,,EC Prototype 002
2020-03-10 14:24:26.345,mijnomgeving,357518080169006,1583850266345,3.0,,,,20712.0,,3.64,11.0,,357518080169006.0,32.0,,1583850264.0,772.0,11.48,,EC 213
2020-03-10 14:24:26.581,mijnomgeving,357518080495088,1583850266581,0.0,52.2261144,5.1744162,5.0,9134.0,-6.0,3.89,24.0,0.0,357518080495088.0,32.0,0.0,1583850262.0,2.0,22.41,3.041,EC 321
2020-03-10 14:24:30.753,mijnomgeving,357518080495526,1583850270753,1.0,52.2262194,5.1746944,7.0,9918.0,2.0,4.15,10.0,216.0,357518080495526.0,32.0,0.0,1583850268.0,133.0,12.27,,EC 327
2020-03-10 14:24:48.858,mijnomgeving,357518080495112,1583850288858,0.0,52.8374396,5.7140218,7.0,102617.0,-14.0,4.22,9.0,209.0,357518080495112.0,32.0,0.0,1583850289.0,1718.0,10.42,,EC 306
2020-03-10 14:24:48.903,mijnomgeving,357518080494875,1583850288903,5.0,52.65767,5.6148925,4.0,61222.0,10.0,4.189999999999999,9.0,15.0,357518080494875.0,32.0,0.0,1583850287.0,1867.0,10.33,,EC 311
2020-03-10 14:24:49.017,mijnomgeving,357518080495146,1583850289017,16.0,52.3870188,5.3123211,6.0,31533.0,-19.0,4.17,11.0,31.0,357518080495146.0,32.0,0.0,1583850287.0,1719.0,10.6,,EC 317
2020-03-10 14:25:16.829,mijnomgeving,357518080495070,1583850316829,1.0,52.2261325,5.1743392,4.0,6327.0,17.0,4.04,23.0,0.0,357518080495070.0,32.0,0.0,1583850314.0,1.0,21.97,,EC 320
2020-03-10 14:25:25.873,mijnomgeving,357518080495088,1583850325873,0.0,52.2261307,5.1743469,5.0,9194.0,15.0,3.89,24.0,245.0,357518080495088.0,32.0,0.0,1583850322.0,1.0,22.41,3.041,EC 321
2020-03-10 14:25:47.965,mijnomgeving,357518080494909,1583850347965,0.0,52.2259964,5.1744011,5.0,432933.0,56.0,4.17,9.0,51.0,357518080494909.0,32.0,0.0,1583850365.0,112.0,12.36,,EC 329
2020-03-10 14:26:17.469,mijnomgeving,357518080167000,1583850377469,1.0,52.1739257,5.0358664,5.0,135912.0,-29.0,4.13,8.0,0.0,357518080167000.0,32.0,0.0,1583850380.0,616.0,9.45,,EC 228
2020-03-10 14:26:26.117,mijnomgeving,357518080495088,1583850386117,0.0,52.2261631,5.174365,5.0,9254.0,12.0,3.9,24.0,198.0,357518080495088.0,32.0,0.0,1583850382.0,2.0,22.41,2.988,EC 321
2020-03-10 14:26:27.028,mijnomgeving,357518080495203,1583850387028,1.0,52.2261053,5.1746784,8.0,180918.0,24.0,4.17,10.0,9.0,357518080495203.0,32.0,0.0,1583850391.0,132.0,12.62,,EC 324
2020-03-10 14:26:33.032,mijnomgeving,357518080494768,1583850393032,1.0,52.4165965,5.2266432,6.0,145818.0,-17.0,4.21,10.0,232.0,357518080494768.0,32.0,0.0,1583850394.0,1677.0,10.51,,EC 305
2020-03-10 14:26:39.519,mijnomgeving,357518080203151,1583850399519,5.0,52.4208204,4.8597677,6.0,21673839.0,46.0,4.16,9.0,26.0,357518080203151.0,16.0,0.0,1583850393.0,83.0,10.07,,EC Prototype 001
2020-03-10 14:27:04.871,mijnomgeving,357518080168917,1583850424871,4.0,52.340673699999996,4.925606,4.0,21701768.0,19.0,4.01,10.0,4.0,357518080168917.0,16.0,0.0,1583850421.0,47.0,13.07,,EC 209
2020-03-10 14:27:17.289,mijnomgeving,357518080497423,1583850437289,1.0,52.5229002,5.5902427,4.0,7218.0,4.0,4.17,10.0,224.0,357518080497423.0,32.0,0.0,1583850423.0,2027.0,10.69,,EC 318
2020-03-10 14:27:26.257,mijnomgeving,357518080495088,1583850446257,0.0,52.2260073,5.1744759,5.0,9315.0,4.0,3.89,24.0,43.0,357518080495088.0,32.0,0.0,1583850442.0,1.0,22.41,2.988,EC 321
2020-03-10 14:27:57.492,mijnomgeving,357518080497639,1583850477492,1.0,52.6591894,5.6607825,7.0,50418.0,-18.0,4.21,10.0,9.0,357518080497639.0,32.0,0.0,1583850476.0,2187.0,10.51,,EC 308
2020-03-10 14:28:09.598,mijnomgeving,357518080163405,1583850489598,1.0,52.3728968,4.9159803,6.0,54912.0,-3.0,4.14,9.0,0.0,357518080163405.0,32.0,0.0,1583850489.0,1649.0,9.89,,EC 226
2020-03-10 14:28:25.628,mijnomgeving,357518080495104,1583850505628,1.0,52.3374009,5.5374124,8.0,118817.0,-27.0,4.13,11.0,241.0,357518080495104.0,32.0,0.0,1583850505.0,729.0,11.04,,EC 312
2020-03-10 14:28:27.573,mijnomgeving,357518080495088,1583850507573,1.0,52.2261714,5.1743868,5.0,9375.0,9.0,3.9,24.0,7.0,357518080495088.0,32.0,0.0,1583850503.0,0.0,22.41,3.041,EC 321
2020-03-10 14:28:31.567,mijnomgeving,357518080494776,1583850511567,1.0,52.2261964,5.1747866,10.0,7218.0,4.0,4.17,10.0,16.0,357518080494776.0,32.0,0.0,1583850507.0,138.0,12.27,,EC 330
2020-03-10 14:28:32.556,mijnomgeving,357518080497662,1583850512556,1.0,52.226196,5.1746577,9.0,9019.0,8.0,4.21,11.0,246.0,357518080497662.0,32.0,0.0,1583850509.0,138.0,12.54,,EC 328
2020-03-10 14:28:34.169,mijnomgeving,357518080165368,1583850514169,32.0,52.3398601,4.9107814,8.0,20662292.0,-9.0,3.77,10.0,245.0,357518080165368.0,16.0,0.0,1583850529.0,1192.0,10.42,,EC 208
2020-03-10 14:29:01.358,mijnomgeving,357518080495682,1583850541358,5.0,52.5487488,5.5874277,5.0,79222.0,-4.0,4.2,10.0,200.0,357518080495682.0,32.0,0.0,1583850524.0,1626.0,11.04,,EC 316
2020-03-10 14:29:29.040,mijnomgeving,357518080166960,1583850569040,21.0,52.713877600000004,6.8790036,5.0,175531.0,24.0,3.969999999999999,10.0,0.0,357518080166960.0,32.0,0.0,1583850573.0,544.0,10.07,,EC 232
2020-03-10 14:29:35.746,mijnomgeving,357518080495088,1583850575746,0.0,52.2261151,5.1744556,5.0,9444.0,0.0,3.9,24.0,237.0,357518080495088.0,32.0,0.0,1583850571.0,2.0,22.41,2.988,EC 321
2020-03-10 14:30:14.657,mijnomgeving,357518080166580,1583850614657,3.0,52.3603991,4.8156255,6.0,34212.0,-9.0,4.05,9.0,199.0,357518080166580.0,32.0,0.0,1583850612.0,664.0,9.63,,EC 224
2020-03-10 14:30:20.322,mijnomgeving,357518080495120,1583850620322,0.0,52.3337851,5.312647,7.0,8118.0,-5.0,4.189999999999999,10.0,36.0,357518080495120.0,32.0,0.0,1583850617.0,1502.0,10.16,,EC 303
2020-03-10 14:30:24.280,mijnomgeving,357518080495047,1583850624280,1.0,52.2261227,5.1747753,5.0,63927.0,21.0,4.17,11.0,0.0,357518080495047.0,32.0,0.0,1583850623.0,132.0,12.36,,EC 322
2020-03-10 14:30:25.348,mijnomgeving,357518080495088,1583850625348,0.0,52.226147,5.1743467,5.0,9494.0,9.0,3.9,24.0,226.0,357518080495088.0,32.0,0.0,1583850622.0,1.0,22.32,2.988,EC 321
2020-03-10 14:31:12.739,mijnomgeving,357518080495153,1583850672739,1.0,52.578823,5.7568961,4.0,24318.0,-6.0,4.2,10.0,2.0,357518080495153.0,32.0,0.0,1583850670.0,2581.0,10.24,,EC 313
2020-03-10 14:31:28.791,mijnomgeving,357518080495088,1583850688791,0.0,52.2261169,5.1744032,5.0,9554.0,9.0,3.9,24.0,46.0,357518080495088.0,32.0,0.0,1583850682.0,2.0,22.41,2.988,EC 321
2020-03-10 14:31:41.754,mijnomgeving,357518080495534,1583850701754,0.0,52.5327412,5.5930741,5.0,7217.0,0.0,4.22,11.0,250.0,357518080495534.0,32.0,0.0,1583850695.0,2018.0,10.77,,EC 307
2020-03-10 14:31:43.014,mijnomgeving,357518080494826,1583850703014,1.0,52.2261352,5.1746815,7.0,9018.0,14.0,4.18,11.0,14.0,357518080494826.0,32.0,0.0,1583850699.0,131.0,12.1,,EC 323
2020-03-10 14:32:14.996,mijnomgeving,357518080497696,1583850734996,1.0,52.5172623,5.509326,5.0,59418.0,-10.0,4.17,10.0,7.0,357518080497696.0,32.0,0.0,1583850734.0,1028.0,10.33,,EC 319
2020-03-10 14:32:26.289,mijnomgeving,357518080495088,1583850746289,1.0,52.2261446,5.1744288,5.0,9615.0,4.0,3.89,24.0,10.0,357518080495088.0,32.0,0.0,1583850743.0,1.0,22.41,3.041,EC 321
2020-03-10 14:32:32.546,mijnomgeving,357518080165475,1583850752546,3.0,52.3722041,4.9252242,6.0,13205749.0,-40.0,4.12,10.0,35.0,357518080165475.0,1.0,0.0,1583850680.0,1257.0,9.63,,EC 201
2020-03-10 14:32:32.664,mijnomgeving,357518080163249,1583850752664,3.0,,,,29713.0,,4.16,11.0,,357518080163249.0,32.0,,1583850744.0,422.0,11.13,,EC 212
2020-03-10 14:32:39.234,mijnomgeving,357518080495021,1583850759234,7.0,53.1564321,7.0210236,5.0,54024.0,-31.0,3.93,13.0,0.0,357518080495021.0,32.0,0.0,1583850759.0,0.0,15.09,,EC 325
2020-03-10 14:32:43.234,mijnomgeving,357518080494982,1583850763234,1.0,52.2262049,5.1746141,5.0,9018.0,3.0,4.17,11.0,244.0,357518080494982.0,32.0,0.0,1583850760.0,134.0,12.27,,EC 326
2020-03-10 14:32:53.278,mijnomgeving,357518080495161,1583850773278,5.0,52.4999272,5.4525453,6.0,6461126.0,27.0,4.2,10.0,252.0,357518080495161.0,32.0,2.0,1583850783.0,889.0,10.24,,EC 315
2020-03-10 14:33:02.014,mijnomgeving,357518080166887,1583850782014,4.0,52.3701282,4.9009877,7.0,11940353.0,6.0,3.61,11.0,29.0,357518080166887.0,4.0,0.0,1583850778.0,37.0,13.33,,EC 200
2020-03-10 14:33:29.817,mijnomgeving,357518080163173,1583850809817,3.0,52.7217116,6.8186857,5.0,40513.0,48.0,3.969999999999999,8.0,45.0,357518080163173.0,32.0,0.0,1583850808.0,509.0,9.72,,EC 231
2020-03-10 14:33:35.388,mijnomgeving,357518080495088,1583850815388,0.0,52.2260301,5.1744704,5.0,9684.0,6.0,3.89,24.0,253.0,357518080495088.0,32.0,0.0,1583850811.0,1.0,22.41,2.988,EC 321
2020-03-10 14:33:51.418,mijnomgeving,357518080164395,1583850831418,21.0,51.8982131,4.4233312,7.0,46831.0,-3.0,4.04,9.0,0.0,357518080164395.0,32.0,0.0,1583850826.0,740.0,10.16,,EC 241
2020-03-10 14:34:04.650,mijnomgeving,357518080330582,1583850844650,4.0,52.3731297,4.9457617,6.0,15314.0,25.0,4.11,11.0,212.0,357518080330582.0,32.0,0.0,1583850842.0,1607.0,10.07,,EC 219
2020-03-10 14:34:27.643,mijnomgeving,357518080495088,1583850867643,0.0,52.226136,5.1743606,5.0,9734.0,11.0,3.89,24.0,211.0,357518080495088.0,32.0,0.0,1583850862.0,1.0,22.41,2.988,EC 321
2020-03-10 14:35:27.839,mijnomgeving,357518080495088,1583850927839,1.0,52.2260989,5.1743795,5.0,9795.0,14.0,3.89,24.0,47.0,357518080495088.0,32.0,0.0,1583850923.0,2.0,22.32,2.988,EC 321
2020-03-10 14:36:30.800,mijnomgeving,357518080328131,1583850990800,5.0,52.3867077,4.9177377,8.0,76515.0,0.0,3.83,10.0,248.0,357518080328131.0,32.0,0.0,1583850992.0,42.0,12.36,,EC 230
2020-03-10 14:36:34.516,mijnomgeving,357518080495088,1583850994516,0.0,52.2261289,5.1743315,4.0,9864.0,6.0,3.9,24.0,238.0,357518080495088.0,32.0,0.0,1583850991.0,0.0,22.41,2.988,EC 321
2020-03-10 14:36:35.431,mijnomgeving,357518080494859,1583850995431,11.0,52.5412233,5.588833,4.0,58528.0,-57.0,4.17,10.0,5.0,357518080494859.0,32.0,0.0,1583850995.0,1800.0,10.51,,EC 302
2020-03-10 14:36:38.443,mijnomgeving,357518080494818,1583850998443,0.0,52.8091069,5.7451868,6.0,19818.0,3.0,4.22,9.0,240.0,357518080494818.0,32.0,0.0,1583850993.0,1615.0,10.69,,EC 309
2020-03-10 14:37:13.548,mijnomgeving,357518080332257,1583851033548,2.0,51.8981929,4.4233875,5.0,66612.0,-23.0,4.1,9.0,0.0,357518080332257.0,32.0,0.0,1583851032.0,510.0,9.89,,EC 240
2020-03-10 14:37:37.540,mijnomgeving,357518080495088,1583851057540,1.0,52.2259618,5.1741783,5.0,9925.0,50.0,3.89,24.0,12.0,357518080495088.0,32.0,0.0,1583851052.0,1.0,22.32,2.988,EC 321
2020-03-10 14:37:39.279,mijnomgeving,357518080171390,1583851059279,1.0,52.0316715,5.3033944,5.0,21710738.0,4.0,4.17,10.0,0.0,357518080171390.0,64.0,0.0,1583851068.0,829.0,10.6,,EC 202
2020-03-10 14:38:05.825,mijnomgeving,357518080332265,1583851085825,4.0,52.391931,4.9369803999999995,4.0,53114.0,27.0,3.71,10.0,2.0,357518080332265.0,32.0,0.0,1583851084.0,1519.0,10.51,,EC 221
2020-03-10 14:38:09.562,mijnomgeving,357518080494834,1583851089562,0.0,52.4257465,5.4205795,6.0,238518.0,25.0,4.12,10.0,58.0,357518080494834.0,32.0,0.0,1583851065.0,1316.0,11.13,,EC 314
2020-03-10 14:38:18.595,mijnomgeving,357518080330764,1583851098595,22.0,51.8210859,4.6109044,7.0,59431.0,-7.0,3.94,10.0,203.0,357518080330764.0,32.0,0.0,1583851097.0,341.0,11.66,,EC 244
2020-03-10 14:38:25.642,mijnomgeving,357518080170889,1583851105642,31.0,52.014567,4.2954348,9.0,128741.0,14.0,4.189999999999999,8.0,29.0,357518080170889.0,32.0,0.0,1583851107.0,1564.0,12.27,,EC 236
2020-03-10 14:38:29.609,mijnomgeving,357518080495088,1583851109609,0.0,52.2261254,5.1740655,4.0,9974.0,44.0,3.9,24.0,43.0,357518080495088.0,32.0,1.0,1583851102.0,2.0,22.41,2.988,EC 321
2020-03-10 14:38:29.674,mijnomgeving,357518080495187,1583851109674,1.0,52.6352857,5.8235174,6.0,258318.0,-13.0,4.25,12.0,231.0,357518080495187.0,32.0,1.0,1583851117.0,548.0,10.51,,EC 304
2020-03-10 14:38:45.354,mijnomgeving,357518080166663,1583851125354,3.0,51.8981826,4.4233087,4.0,125113.0,0.0,4.12,10.0,0.0,357518080166663.0,32.0,0.0,1583851126.0,690.0,9.89,,EC 243
2020-03-10 14:39:15.695,mijnomgeving,357518080200454,1583851155695,1.0,52.3311179,5.062562,4.0,23523363.0,-30.0,3.89,9.0,247.0,357518080200454.0,16.0,0.0,1583851164.0,6306.0,9.63,,EC Prototype 002
2020-03-10 14:39:25.698,mijnomgeving,357518080495088,1583851165698,0.0,52.2260052,5.1744501,5.0,10034.0,1.0,3.89,24.0,39.0,357518080495088.0,32.0,0.0,1583851162.0,1.0,22.41,2.988,EC 321
2020-03-10 14:39:26.687,mijnomgeving,357518080169006,1583851166687,3.0,,,,21613.0,,3.64,10.0,,357518080169006.0,32.0,,1583851164.0,771.0,11.48,,EC 213
2020-03-10 14:39:30.720,mijnomgeving,357518080495526,1583851170720,1.0,52.2260183,5.1745909,7.0,10818.0,24.0,4.15,10.0,22.0,357518080495526.0,32.0,0.0,1583851168.0,131.0,12.27,,EC 327
2020-03-10 14:39:38.740,mijnomgeving,357518080495146,1583851178740,3.0,52.3876973,5.3126382,5.0,32420.0,-89.0,4.18,11.0,18.0,357518080495146.0,32.0,2.0,1583851174.0,1716.0,10.6,,EC 317
2020-03-10 14:39:46.725,mijnomgeving,357518080494875,1583851186725,1.0,52.6575346,5.6150188,5.0,62118.0,-20.0,4.2,9.0,9.0,357518080494875.0,32.0,2.0,1583851183.0,1866.0,10.33,,EC 311
2020-03-10 14:39:48.391,mijnomgeving,357518080495112,1583851188391,1.0,52.8374807,5.7139942,6.0,103518.0,-8.0,4.22,9.0,19.0,357518080495112.0,32.0,0.0,1583851190.0,1709.0,10.51,,EC 306
2020-03-10 14:40:16.758,mijnomgeving,357518080495070,1583851216758,1.0,52.226326,5.1745882,4.0,7227.0,-30.0,4.03,23.0,38.0,357518080495070.0,32.0,0.0,1583851214.0,1.0,21.88,,EC 320
2020-03-10 14:40:24.767,mijnomgeving,357518080495088,1583851224767,0.0,52.2262403,5.1742556,5.0,10094.0,16.0,3.89,24.0,26.0,357518080495088.0,32.0,0.0,1583851222.0,2.0,22.41,2.988,EC 321
2020-03-10 14:40:58.540,mijnomgeving,357518080494909,1583851258540,26.0,52.2262084,5.1746123,8.0,433843.0,9.0,4.17,9.0,220.0,357518080494909.0,32.0,0.0,1583851275.0,111.0,12.36,,EC 329
2020-03-10 14:41:18.304,mijnomgeving,357518080167000,1583851278304,2.0,52.1739304,5.0359849,6.0,136813.0,-16.0,4.13,8.0,54.0,357518080167000.0,32.0,0.0,1583851281.0,618.0,9.45,,EC 228
2020-03-10 14:41:25.917,mijnomgeving,357518080495088,1583851285917,0.0,52.2261861,5.1745593,4.0,10154.0,-8.0,3.89,24.0,9.0,357518080495088.0,32.0,0.0,1583851282.0,3.0,22.41,2.988,EC 321
2020-03-10 14:41:29.187,mijnomgeving,357518080203151,1583851289187,3.0,52.4208395,4.8598175999999995,5.0,21674737.0,25.0,4.16,9.0,0.0,357518080203151.0,16.0,0.0,1583851291.0,83.0,10.16,,EC Prototype 001
2020-03-10 14:41:35.916,mijnomgeving,357518080495203,1583851295916,1.0,52.2261566,5.1746477,8.0,181827.0,20.0,4.18,10.0,228.0,357518080495203.0,32.0,0.0,1583851300.0,130.0,12.71,,EC 324
2020-03-10 14:41:42.964,mijnomgeving,357518080494768,1583851302964,1.0,52.4164919,5.2267317,6.0,146718.0,-2.0,4.21,10.0,234.0,357518080494768.0,32.0,0.0,1583851294.0,1667.0,10.42,,EC 305
2020-03-10 14:41:55.088,mijnomgeving,357518080168917,1583851315088,4.0,52.3405591,4.9256507,4.0,21702668.0,4.0,4.02,10.0,6.0,357518080168917.0,16.0,1.0,1583851321.0,45.0,13.33,,EC 209
2020-03-10 14:42:06.942,mijnomgeving,357518080497423,1583851326942,1.0,52.5229746,5.5902002,4.0,8118.0,-9.0,4.18,10.0,208.0,357518080497423.0,32.0,0.0,1583851324.0,2025.0,10.69,,EC 318
2020-03-10 14:42:26.052,mijnomgeving,357518080495088,1583851346052,0.0,52.2260779,5.1743257,4.0,10214.0,10.0,3.89,24.0,36.0,357518080495088.0,32.0,0.0,1583851342.0,0.0,22.32,2.988,EC 321
2020-03-10 14:42:57.027,mijnomgeving,357518080497639,1583851377027,1.0,52.6591945,5.6607036,7.0,51318.0,-17.0,4.22,11.0,253.0,357518080497639.0,32.0,0.0,1583851376.0,2186.0,10.51,,EC 308
2020-03-10 14:43:11.565,mijnomgeving,357518080163405,1583851391565,3.0,52.3733967,4.9157581,6.0,55814.0,18.0,4.13,8.0,0.0,357518080163405.0,32.0,0.0,1583851391.0,1653.0,9.89,,EC 226
2020-03-10 14:43:24.832,mijnomgeving,357518080165368,1583851404832,18.0,52.3398375,4.9108526,5.0,20663178.0,-20.0,3.77,10.0,0.0,357518080165368.0,16.0,0.0,1583851415.0,1202.0,10.33,,EC 208
2020-03-10 14:43:25.152,mijnomgeving,357518080495104,1583851405152,1.0,52.337427,5.5374501,8.0,119717.0,-4.0,4.13,12.0,12.0,357518080495104.0,32.0,0.0,1583851405.0,731.0,11.04,,EC 312
2020-03-10 14:43:32.205,mijnomgeving,357518080494776,1583851412205,1.0,52.2262073,5.1746564,9.0,8118.0,10.0,4.17,10.0,19.0,357518080494776.0,32.0,0.0,1583851407.0,138.0,12.27,,EC 330
2020-03-10 14:43:35.154,mijnomgeving,357518080495088,1583851415154,7.0,52.2262316,5.1747984,4.0,10281.0,-43.0,3.89,24.0,0.0,357518080495088.0,32.0,0.0,1583851409.0,0.0,22.32,2.988,EC 321
2020-03-10 14:43:35.186,mijnomgeving,357518080497662,1583851415186,1.0,52.2262542,5.1746324,8.0,9919.0,9.0,4.21,11.0,245.0,357518080497662.0,32.0,0.0,1583851409.0,138.0,12.54,,EC 328
2020-03-10 14:43:58.352,mijnomgeving,357518080495682,1583851438352,12.0,52.5495604,5.5884581,4.0,80129.0,23.0,4.2,10.0,23.0,357518080495682.0,32.0,0.0,1583851431.0,1702.0,10.95,,EC 316
2020-03-10 14:44:15.743,mijnomgeving,357518080166960,1583851455743,8.0,52.7138948,6.8789271,6.0,176418.0,11.0,3.96,10.0,0.0,357518080166960.0,32.0,0.0,1583851460.0,543.0,10.07,,EC 232
2020-03-10 14:44:25.550,mijnomgeving,357518080495088,1583851465550,0.0,52.2262295,5.1742537,5.0,10334.0,19.0,3.89,24.0,30.0,357518080495088.0,32.0,1.0,1583851462.0,1.0,22.32,2.988,EC 321
2020-03-10 14:45:14.337,mijnomgeving,357518080166580,1583851514337,3.0,52.3604223,4.8156718,5.0,35112.0,-10.0,4.05,9.0,38.0,357518080166580.0,32.0,0.0,1583851512.0,663.0,9.63,,EC 224
2020-03-10 14:45:14.572,mijnomgeving,357518080495047,1583851514572,1.0,52.2262461,5.1746761,5.0,64818.0,7.0,4.18,10.0,23.0,357518080495047.0,32.0,0.0,1583851514.0,130.0,12.45,,EC 322
2020-03-10 14:45:25.637,mijnomgeving,357518080495088,1583851525637,0.0,52.226125,5.1744757,4.0,10394.0,2.0,3.89,24.0,42.0,357518080495088.0,32.0,0.0,1583851522.0,2.0,22.32,3.041,EC 321
2020-03-10 14:45:40.658,mijnomgeving,357518080495120,1583851540658,1.0,52.3338328,5.3126469,7.0,9018.0,-21.0,4.189999999999999,10.0,21.0,357518080495120.0,32.0,0.0,1583851517.0,1503.0,10.16,,EC 303
2020-03-10 14:46:05.273,mijnomgeving,357518080165475,1583851565273,4.0,52.3720328,4.9253418,5.0,13206650.0,-45.0,4.12,10.0,232.0,357518080165475.0,1.0,0.0,1583851582.0,1260.0,9.63,,EC 201
2020-03-10 14:46:11.681,mijnomgeving,357518080495153,1583851571681,0.0,52.5786647,5.7569613,4.0,25217.0,10.0,4.2,10.0,11.0,357518080495153.0,32.0,0.0,1583851569.0,2574.0,10.24,,EC 313
2020-03-10 14:46:34.143,mijnomgeving,357518080495088,1583851594143,0.0,52.2261165,5.1744281,5.0,10464.0,-2.0,3.9,24.0,0.0,357518080495088.0,32.0,1.0,1583851592.0,0.0,22.32,3.041,EC 321
2020-03-10 14:46:43.103,mijnomgeving,357518080495534,1583851603103,1.0,52.5327068,5.5931313,5.0,8118.0,-7.0,4.22,11.0,250.0,357518080495534.0,32.0,0.0,1583851596.0,2007.0,10.77,,EC 307
2020-03-10 14:47:15.128,mijnomgeving,357518080497696,1583851635128,1.0,52.5172063,5.5094588,5.0,60318.0,2.0,4.17,10.0,17.0,357518080497696.0,32.0,0.0,1583851634.0,1029.0,10.33,,EC 319
2020-03-10 14:47:26.135,mijnomgeving,357518080495088,1583851646135,0.0,52.2261851,5.1743354,5.0,10514.0,16.0,3.89,24.0,247.0,357518080495088.0,32.0,0.0,1583851642.0,2.0,22.32,2.988,EC 321
2020-03-10 14:47:31.625,mijnomgeving,357518080163249,1583851651625,4.0,,,,30614.0,,4.17,11.0,,357518080163249.0,32.0,,1583851645.0,419.0,11.13,,EC 212
2020-03-10 14:47:43.191,mijnomgeving,357518080494982,1583851663191,1.0,52.2261767,5.1747706,5.0,9918.0,17.0,4.18,11.0,238.0,357518080494982.0,32.0,0.0,1583851660.0,133.0,12.27,,EC 326
2020-03-10 14:47:48.120,mijnomgeving,357518080494826,1583851668120,0.0,52.2261663,5.1746208,7.0,41.0,20.0,4.189999999999999,13.0,8.0,357518080494826.0,32.0,0.0,1583851664.0,125.0,12.1,,EC 323
2020-03-10 14:47:56.122,mijnomgeving,357518080495161,1583851676122,1.0,52.499779,5.4527102,6.0,6462022.0,10.0,4.2,10.0,250.0,357518080495161.0,32.0,0.0,1583851679.0,891.0,10.24,,EC 315
2020-03-10 14:48:08.623,mijnomgeving,357518080166887,1583851688623,13.0,52.370143,4.9010255,7.0,11941262.0,13.0,3.62,10.0,1.0,357518080166887.0,4.0,0.0,1583851687.0,38.0,13.42,,EC 200
2020-03-10 14:48:26.522,mijnomgeving,357518080495088,1583851706522,0.0,52.2264042,5.1739957,5.0,10574.0,26.0,3.89,24.0,242.0,357518080495088.0,32.0,0.0,1583851702.0,2.0,22.32,3.041,EC 321
2020-03-10 14:48:29.613,mijnomgeving,357518080163173,1583851709613,3.0,52.7218695,6.8192501,4.0,41413.0,27.0,3.96,9.0,44.0,357518080163173.0,32.0,0.0,1583851708.0,508.0,9.72,,EC 231
2020-03-10 14:48:35.089,mijnomgeving,357518080164395,1583851715089,3.0,51.8981394,4.4232047,5.0,47712.0,0.0,4.04,9.0,0.0,357518080164395.0,32.0,0.0,1583851707.0,741.0,10.16,,EC 241
2020-03-10 14:48:55.785,mijnomgeving,357518080495021,1583851735785,82.0,53.1563982,7.0209201,4.0,54999.0,35.0,3.93,14.0,222.0,357518080495021.0,32.0,1.0,1583851734.0,0.0,15.09,,EC 325
2020-03-10 14:49:09.113,mijnomgeving,357518080330582,1583851749113,8.0,52.3729555,4.9459102,4.0,16218.0,50.0,4.11,12.0,14.0,357518080330582.0,32.0,0.0,1583851746.0,1598.0,10.07,,EC 219
2020-03-10 14:49:25.813,mijnomgeving,357518080495088,1583851765813,0.0,52.2258754,5.1746546,5.0,10634.0,-15.0,3.89,24.0,3.0,357518080495088.0,32.0,0.0,1583851762.0,1.0,22.32,2.988,EC 321
2020-03-10 14:49:54.989,mijnomgeving,357518080166754,1583851794989,1.0,52.3538412,4.9248246,5.0,21079846.0,2.0,4.17,11.0,0.0,357518080166754.0,16.0,0.0,1583850809.0,1232.0,10.33,,EC 204
2020-03-10 14:50:08.564,mijnomgeving,357518080166754,1583851808564,2.0,52.3538723,4.924743,5.0,21080747.0,0.0,4.17,11.0,252.0,357518080166754.0,16.0,0.0,1583851710.0,1235.0,10.33,,EC 204
2020-03-10 14:50:26.706,mijnomgeving,357518080495088,1583851826706,0.0,52.2263346,5.1743507,4.0,10695.0,2.0,3.89,24.0,41.0,357518080495088.0,32.0,0.0,1583851823.0,0.0,22.32,3.041,EC 321
2020-03-10 14:51:25.744,mijnomgeving,357518080495088,1583851885744,0.0,52.2261615,5.1743743,4.0,10754.0,9.0,3.89,24.0,247.0,357518080495088.0,32.0,0.0,1583851882.0,0.0,22.32,2.988,EC 321
2020-03-10 14:51:28.045,mijnomgeving,357518080494859,1583851888045,3.0,52.5407176,5.5888957,4.0,59420.0,33.0,4.17,10.0,6.0,357518080494859.0,32.0,0.0,1583851887.0,1800.0,10.51,,EC 302
2020-03-10 14:51:29.639,mijnomgeving,357518080328131,1583851889639,4.0,52.3867541,4.9177656,5.0,77414.0,24.0,3.83,10.0,0.0,357518080328131.0,32.0,0.0,1583851891.0,45.0,12.36,,EC 230
2020-03-10 14:51:36.728,mijnomgeving,357518080494818,1583851896728,1.0,52.809154,5.7451984,5.0,20718.0,26.0,4.22,10.0,15.0,357518080494818.0,32.0,0.0,1583851893.0,1620.0,10.69,,EC 309
2020-03-10 14:52:18.346,mijnomgeving,357518080332257,1583851938346,2.0,51.8982899,4.4231918,6.0,67512.0,20.0,4.09,9.0,206.0,357518080332257.0,32.0,0.0,1583851932.0,509.0,9.89,,EC 240
2020-03-10 14:52:36.874,mijnomgeving,357518080495088,1583851956874,0.0,52.2262635,5.1741254,4.0,10824.0,15.0,3.89,24.0,245.0,357518080495088.0,32.0,0.0,1583851952.0,2.0,22.32,2.988,EC 321
2020-03-10 14:52:40.425,mijnomgeving,357518080171390,1583851960425,2.0,52.031979,5.3035523,7.0,21711639.0,34.0,4.17,10.0,255.0,357518080171390.0,64.0,0.0,1583851969.0,834.0,10.6,,EC 202
2020-03-10 14:52:40.859,mijnomgeving,357518080494834,1583851960859,1.0,52.4257296,5.4208933,5.0,239418.0,-37.0,4.11,10.0,233.0,357518080494834.0,32.0,0.0,1583851965.0,1331.0,11.13,,EC 314
2020-03-10 14:52:55.759,mijnomgeving,357518080170889,1583851975759,1.0,52.0145323,4.2956549,7.0,129611.0,-10.0,4.189999999999999,7.0,234.0,357518080170889.0,32.0,1.0,1583851977.0,1508.0,12.27,,EC 236
2020-03-10 14:52:59.664,mijnomgeving,357518080330764,1583851979664,4.0,51.8210241,4.6112415,7.0,60313.0,-8.0,3.94,10.0,198.0,357518080330764.0,32.0,4.0,1583851979.0,341.0,11.74,,EC 244
2020-03-10 14:53:08.392,mijnomgeving,357518080332265,1583851988392,4.0,52.3919309,4.9369705,4.0,54014.0,34.0,3.71,10.0,21.0,357518080332265.0,32.0,0.0,1583851984.0,1516.0,10.51,,EC 221
2020-03-10 14:53:25.982,mijnomgeving,357518080495088,1583852005982,0.0,52.2260528,5.1744563,5.0,10874.0,15.0,3.89,24.0,250.0,357518080495088.0,32.0,0.0,1583852002.0,3.0,22.32,2.988,EC 321
2020-03-10 14:53:26.924,mijnomgeving,357518080495187,1583852006924,1.0,52.6349918,5.8238544,5.0,259218.0,33.0,4.25,11.0,0.0,357518080495187.0,32.0,0.0,1583852018.0,539.0,10.51,,EC 304
2020-03-10 14:53:44.415,mijnomgeving,357518080166663,1583852024415,2.0,51.8980622,4.4233334,5.0,126012.0,24.0,4.12,9.0,0.0,357518080166663.0,32.0,0.0,1583852026.0,683.0,9.89,,EC 243
2020-03-10 14:54:26.034,mijnomgeving,357518080495088,1583852066034,0.0,52.2260957,5.1744483,4.0,10934.0,11.0,3.89,24.0,252.0,357518080495088.0,32.0,0.0,1583852062.0,1.0,22.32,3.041,EC 321
2020-03-10 14:54:26.449,mijnomgeving,357518080169006,1583852066449,3.0,,,,22513.0,,3.64,10.0,,357518080169006.0,32.0,,1583852065.0,769.0,11.57,,EC 213
2020-03-10 14:54:28.667,mijnomgeving,357518080200454,1583852068667,14.0,52.3309816,5.062767,4.0,23524276.0,-81.0,3.89,9.0,245.0,357518080200454.0,16.0,2.0,1583852077.0,6315.0,9.63,,EC Prototype 002
2020-03-10 14:54:30.987,mijnomgeving,357518080495526,1583852070987,1.0,52.2261466,5.1745429,7.0,11718.0,28.0,4.16,9.0,19.0,357518080495526.0,32.0,0.0,1583852068.0,133.0,12.27,,EC 327
2020-03-10 14:54:39.220,mijnomgeving,357518080495146,1583852079220,4.0,52.3871846,5.3121636,5.0,33321.0,-1.0,4.18,11.0,5.0,357518080495146.0,32.0,0.0,1583852075.0,1718.0,10.6,,EC 317
2020-03-10 14:54:48.012,mijnomgeving,357518080495112,1583852088012,0.0,52.8373302,5.714168,6.0,104417.0,3.0,4.22,9.0,231.0,357518080495112.0,32.0,2.0,1583852089.0,1705.0,10.51,,EC 306
2020-03-10 14:54:58.022,mijnomgeving,357518080494875,1583852098022,13.0,52.657677,5.614783,5.0,63030.0,-16.0,4.189999999999999,10.0,18.0,357518080494875.0,32.0,0.0,1583852095.0,1869.0,10.33,,EC 311
2020-03-10 14:55:08.026,mijnomgeving,357518080495070,1583852108026,1.0,52.2258799,5.1741684,4.0,8118.0,69.0,4.04,23.0,35.0,357518080495070.0,32.0,1.0,1583852105.0,1.0,21.88,,EC 320
2020-03-10 14:55:33.120,mijnomgeving,357518080494909,1583852133120,1.0,52.2261764,5.1746929,8.0,434718.0,15.0,4.17,9.0,4.0,357518080494909.0,32.0,0.0,1583852150.0,111.0,12.36,,EC 329
2020-03-10 14:55:35.078,mijnomgeving,357518080495088,1583852135078,0.0,52.2261535,5.1743376,4.0,11004.0,13.0,3.89,24.0,33.0,357518080495088.0,32.0,1.0,1583852132.0,2.0,22.32,2.988,EC 321
2020-03-10 14:56:18.414,mijnomgeving,357518080167000,1583852178414,2.0,52.1740046,5.0358044,6.0,137713.0,-5.0,4.13,8.0,240.0,357518080167000.0,32.0,0.0,1583852181.0,618.0,9.45,,EC 228
2020-03-10 14:56:26.161,mijnomgeving,357518080495088,1583852186161,0.0,52.2260244,5.1744283,5.0,11055.0,30.0,3.89,24.0,228.0,357518080495088.0,32.0,0.0,1583852183.0,0.0,22.32,2.988,EC 321
2020-03-10 14:56:27.139,mijnomgeving,357518080495203,1583852187139,1.0,52.2261877,5.1746815999999995,7.0,182718.0,22.0,4.17,10.0,219.0,357518080495203.0,32.0,0.0,1583852191.0,130.0,12.71,,EC 324
2020-03-10 14:56:31.244,mijnomgeving,357518080203151,1583852191244,4.0,52.4210128,4.8601738,5.0,21675638.0,-8.0,4.16,9.0,0.0,357518080203151.0,16.0,0.0,1583852192.0,84.0,10.16,,EC Prototype 001
2020-03-10 14:56:56.168,mijnomgeving,357518080494768,1583852216168,1.0,52.4165711,5.2267875,5.0,147618.0,19.0,4.22,10.0,230.0,357518080494768.0,32.0,3.0,1583852194.0,1662.0,10.42,,EC 305
2020-03-10 14:57:01.502,mijnomgeving,357518080168917,1583852221502,2.0,52.3408504,4.9255233,5.0,21703576.0,-13.0,4.01,10.0,251.0,357518080168917.0,16.0,0.0,1583852228.0,50.0,13.42,,EC 209
2020-03-10 14:57:09.240,mijnomgeving,357518080497423,1583852229240,1.0,52.5230792,5.590056,4.0,9018.0,-31.0,4.18,10.0,9.0,357518080497423.0,32.0,0.0,1583852224.0,2016.0,10.77,,EC 318
2020-03-10 14:57:25.287,mijnomgeving,357518080495088,1583852245287,0.0,52.2260267,5.1742166,5.0,11114.0,40.0,3.89,24.0,22.0,357518080495088.0,32.0,0.0,1583852242.0,1.0,22.32,3.041,EC 321
2020-03-10 14:57:56.280,mijnomgeving,357518080497639,1583852276280,1.0,52.6591864,5.6609072,6.0,52218.0,-5.0,4.22,10.0,253.0,357518080497639.0,32.0,0.0,1583852276.0,2185.0,10.51,,EC 308
2020-03-10 14:58:11.751,mijnomgeving,357518080163405,1583852291751,3.0,52.3730045,4.9158625,4.0,56714.0,2.0,4.14,8.0,0.0,357518080163405.0,32.0,0.0,1583852291.0,1650.0,9.89,,EC 226
2020-03-10 14:58:26.425,mijnomgeving,357518080495104,1583852306425,1.0,52.3373118,5.5374848,7.0,120617.0,-16.0,4.13,12.0,5.0,357518080495104.0,32.0,0.0,1583852305.0,726.0,11.04,,EC 312
2020-03-10 14:58:33.398,mijnomgeving,357518080494776,1583852313398,1.0,52.2261669,5.1746981,8.0,9018.0,14.0,4.17,10.0,2.0,357518080494776.0,32.0,0.0,1583852307.0,136.0,12.36,,EC 330
2020-03-10 14:58:33.447,mijnomgeving,357518080497662,1583852313447,1.0,52.2262552,5.1747323,7.0,10819.0,31.0,4.21,11.0,9.0,357518080497662.0,32.0,0.0,1583852309.0,140.0,12.54,,EC 328
2020-03-10 14:58:49.464,mijnomgeving,357518080495088,1583852329464,14.0,52.2263195,5.1745317,4.0,11198.0,-24.0,3.89,24.0,33.0,357518080495088.0,32.0,0.0,1583852326.0,1.0,22.32,2.988,EC 321
2020-03-10 14:58:50.357,mijnomgeving,357518080495682,1583852330357,9.0,52.5495613,5.5884845,4.0,81025.0,2.0,4.2,10.0,30.0,357518080495682.0,32.0,1.0,1583852327.0,1674.0,11.04,,EC 316
2020-03-10 14:59:27.723,mijnomgeving,357518080166960,1583852367723,20.0,52.7140808,6.8787094,5.0,177330.0,9.0,3.96,10.0,242.0,357518080166960.0,32.0,2.0,1583852372.0,545.0,10.16,,EC 232
2020-03-10 14:59:29.428,mijnomgeving,357518080495088,1583852369428,0.0,52.2261573,5.1745041,6.0,11234.0,-6.0,3.89,24.0,42.0,357518080495088.0,32.0,0.0,1583852362.0,2.0,22.32,3.041,EC 321
2020-03-10 15:00:14.747,mijnomgeving,357518080495047,1583852414747,1.0,52.2262374,5.1745972,4.0,65718.0,14.0,4.17,10.0,31.0,357518080495047.0,32.0,0.0,1583852414.0,130.0,12.45,,EC 322
2020-03-10 15:00:21.664,mijnomgeving,357518080166580,1583852421664,6.0,52.3605001,4.8158907,5.0,36015.0,-9.0,4.05,9.0,47.0,357518080166580.0,32.0,0.0,1583852415.0,663.0,9.63,,EC 224
2020-03-10 15:00:21.709,mijnomgeving,357518080495120,1583852421709,1.0,52.3337748,5.3126713,7.0,9918.0,-16.0,4.189999999999999,10.0,24.0,357518080495120.0,32.0,0.0,1583852417.0,1505.0,10.16,,EC 303
2020-03-10 15:00:26.752,mijnomgeving,357518080495088,1583852426752,0.0,52.2261216,5.174281,7.0,11295.0,20.0,3.89,24.0,216.0,357518080495088.0,32.0,0.0,1583852423.0,0.0,22.32,3.041,EC 321
2020-03-10 15:01:04.300,mijnomgeving,357518080165475,1583852464300,3.0,52.3719945,4.9252609,5.0,13207549.0,-11.0,4.12,10.0,255.0,357518080165475.0,1.0,7.0,1583852481.0,1406.0,9.63,,EC 201
2020-03-10 15:01:18.922,mijnomgeving,357518080495153,1583852478922,7.0,52.5790861,5.7567287,4.0,26124.0,-9.0,4.2,10.0,249.0,357518080495153.0,32.0,0.0,1583852476.0,2586.0,10.24,,EC 313
2020-03-10 15:01:35.947,mijnomgeving,357518080495088,1583852495947,0.0,52.226132,5.1743484,7.0,11364.0,19.0,3.89,24.0,1.0,357518080495088.0,32.0,0.0,1583852492.0,2.0,22.32,2.988,EC 321
2020-03-10 15:01:41.947,mijnomgeving,357518080495534,1583852501947,1.0,52.5326784,5.5931689,4.0,9018.0,-8.0,4.22,11.0,0.0,357518080495534.0,32.0,0.0,1583852495.0,2000.0,10.77,,EC 307
2020-03-10 15:02:13.365,mijnomgeving,357518080497696,1583852533365,0.0,52.5172401,5.5094157,4.0,61217.0,1.0,4.18,10.0,254.0,357518080497696.0,32.0,0.0,1583852533.0,1029.0,10.33,,EC 319
2020-03-10 15:02:25.382,mijnomgeving,357518080494826,1583852545382,1.0,52.226157,5.1746589,6.0,918.0,22.0,4.18,12.0,0.0,357518080494826.0,32.0,0.0,1583852541.0,129.0,12.1,,EC 323
2020-03-10 15:02:25.407,mijnomgeving,357518080495088,1583852545407,0.0,52.2261278,5.1743545,7.0,11414.0,10.0,3.89,24.0,59.0,357518080495088.0,32.0,0.0,1583852542.0,1.0,22.32,3.041,EC 321
2020-03-10 15:02:26.177,mijnomgeving,357518080163249,1583852546177,4.0,,,,31513.0,,4.17,11.0,,357518080163249.0,32.0,,1583852544.0,422.0,11.13,,EC 212
2020-03-10 15:02:42.416,mijnomgeving,357518080494982,1583852562416,1.0,52.2262702,5.1746435,4.0,10818.0,25.0,4.18,11.0,54.0,357518080494982.0,32.0,0.0,1583852560.0,132.0,12.36,,EC 326
2020-03-10 15:02:59.396,mijnomgeving,357518080495161,1583852579396,1.0,52.4998123,5.4526404,6.0,6462922.0,4.0,4.2,10.0,240.0,357518080495161.0,32.0,4.0,1583852579.0,888.0,10.24,,EC 315
2020-03-10 15:03:09.441,mijnomgeving,357518080495021,1583852589441,36.0,53.1563852,7.0212982,5.0,55853.0,8.0,3.93,14.0,50.0,357518080495021.0,32.0,1.0,1583852588.0,0.0,15.09,,EC 325
2020-03-10 15:03:24.635,mijnomgeving,357518080166754,1583852604635,4.0,52.354011,4.9248325,4.0,21081648.0,5.0,4.17,11.0,251.0,357518080166754.0,16.0,1.0,1583852611.0,1236.0,10.33,,EC 204
2020-03-10 15:03:25.489,mijnomgeving,357518080495088,1583852605489,0.0,52.2261304,5.1742359,7.0,11475.0,20.0,3.89,24.0,57.0,357518080495088.0,32.0,0.0,1583852603.0,2.0,22.32,3.041,EC 321
2020-03-10 15:03:29.776,mijnomgeving,357518080163173,1583852609776,3.0,52.7219033,6.8191980999999995,4.0,42313.0,35.0,3.969999999999999,9.0,0.0,357518080163173.0,32.0,0.0,1583852608.0,507.0,9.8,,EC 231
2020-03-10 15:03:32.408,mijnomgeving,357518080164395,1583852612408,6.0,51.8984924,4.4233602,5.0,48615.0,59.0,4.04,10.0,11.0,357518080164395.0,32.0,0.0,1583852610.0,737.0,10.16,,EC 241
2020-03-10 15:04:26.086,mijnomgeving,357518080495088,1583852666086,0.0,52.2261546,5.1743399,6.0,11534.0,18.0,3.89,24.0,15.0,357518080495088.0,32.0,0.0,1583852662.0,1.0,22.32,3.041,EC 321
2020-03-10 15:04:34.499,mijnomgeving,357518080330582,1583852674499,33.0,52.373112,4.946146,6.0,17143.0,0.0,4.11,12.0,9.0,357518080330582.0,32.0,0.0,1583852671.0,1607.0,10.16,,EC 219
2020-03-10 15:05:26.173,mijnomgeving,357518080495088,1583852726173,0.0,52.2260871,5.174271,6.0,11595.0,22.0,3.89,24.0,47.0,357518080495088.0,32.0,0.0,1583852722.0,2.0,22.32,2.988,EC 321
2020-03-10 15:06:30.825,mijnomgeving,357518080328131,1583852790825,5.0,52.3868525,4.9179174,4.0,78315.0,26.0,3.83,10.0,57.0,357518080328131.0,32.0,1.0,1583852792.0,46.0,12.36,,EC 230
2020-03-10 15:06:35.388,mijnomgeving,357518080495088,1583852795388,0.0,52.226115,5.1743649,6.0,11664.0,17.0,3.89,24.0,197.0,357518080495088.0,32.0,0.0,1583852792.0,0.0,22.32,2.988,EC 321
2020-03-10 15:06:37.371,mijnomgeving,357518080494818,1583852797371,1.0,52.8090765,5.7450468,5.0,21618.0,64.0,4.22,10.0,15.0,357518080494818.0,32.0,0.0,1583852793.0,1610.0,10.77,,EC 309
2020-03-10 15:06:41.344,mijnomgeving,357518080494859,1583852801344,15.0,52.5409725,5.5888033,8.0,60333.0,-5.0,4.17,10.0,254.0,357518080494859.0,32.0,0.0,1583852800.0,1791.0,10.6,,EC 302
2020-03-10 15:07:18.446,mijnomgeving,357518080332257,1583852838446,2.0,51.8982262,4.4233057,6.0,68412.0,-11.0,4.09,9.0,39.0,357518080332257.0,32.0,0.0,1583852832.0,515.0,9.89,,EC 240
2020-03-10 15:07:26.452,mijnomgeving,357518080495088,1583852846452,0.0,52.2261446,5.1743422,7.0,11715.0,15.0,3.89,24.0,209.0,357518080495088.0,32.0,0.0,1583852842.0,1.0,22.32,3.041,EC 321
2020-03-10 15:07:39.338,mijnomgeving,357518080171390,1583852859338,1.0,52.0320375,5.3035521,5.0,21712538.0,-17.0,4.17,10.0,246.0,357518080171390.0,64.0,0.0,1583852868.0,831.0,10.6,,EC 202
2020-03-10 15:07:42.524,mijnomgeving,357518080165368,1583852862524,18.0,52.3399406,4.9107237999999995,6.0,20664078.0,-3.0,3.77,10.0,0.0,357518080165368.0,16.0,0.0,1583852315.0,1219.0,10.33,,EC 208
2020-03-10 15:07:56.539,mijnomgeving,357518080170889,1583852876539,2.0,52.0145737,4.2956687,7.0,130512.0,9.0,4.189999999999999,8.0,0.0,357518080170889.0,32.0,0.0,1583852878.0,1604.0,12.27,,EC 236
2020-03-10 15:08:00.769,mijnomgeving,357518080330764,1583852880769,5.0,51.8210368,4.6108787,7.0,61214.0,-21.0,3.94,10.0,200.0,357518080330764.0,32.0,0.0,1583852880.0,339.0,11.74,,EC 244
2020-03-10 15:08:04.176,mijnomgeving,357518080332265,1583852884176,3.0,52.3921122,4.9370821,4.0,54913.0,17.0,3.7,10.0,2.0,357518080332265.0,32.0,0.0,1583852883.0,1516.0,10.6,,EC 221
2020-03-10 15:08:27.497,mijnomgeving,357518080495088,1583852907497,0.0,52.2261245,5.1743609,6.0,11774.0,12.0,3.89,24.0,57.0,357518080495088.0,32.0,0.0,1583852902.0,1.0,22.32,2.988,EC 321
2020-03-10 15:08:27.572,mijnomgeving,357518080494834,1583852907572,0.0,52.4257075,5.4208543,5.0,240318.0,0.0,4.11,10.0,235.0,357518080494834.0,32.0,0.0,1583852865.0,1335.0,11.21,,EC 314
2020-03-10 15:08:49.397,mijnomgeving,357518080166663,1583852929397,7.0,51.8985178,4.423131,4.0,126917.0,-18.0,4.12,10.0,4.0,357518080166663.0,32.0,0.0,1583852931.0,691.0,9.89,,EC 243
2020-03-10 15:08:53.476,mijnomgeving,357518080495187,1583852933476,1.0,52.6352386,5.8235947,5.0,260143.0,5.0,4.25,12.0,238.0,357518080495187.0,32.0,0.0,1583852943.0,530.0,10.51,,EC 304
2020-03-10 15:09:17.630,mijnomgeving,357518080200454,1583852957630,3.0,52.3311451,5.0624583,4.0,23525165.0,-49.0,3.89,9.0,0.0,357518080200454.0,16.0,0.0,1583852966.0,6349.0,9.63,,EC Prototype 002
2020-03-10 15:09:26.563,mijnomgeving,357518080495088,1583852966563,0.0,52.2260894,5.1742501,6.0,11834.0,27.0,3.89,24.0,9.0,357518080495088.0,32.0,0.0,1583852962.0,2.0,22.32,3.041,EC 321
2020-03-10 15:09:33.775,mijnomgeving,357518080495526,1583852973775,1.0,52.2262419,5.1746398,6.0,12618.0,18.0,4.16,10.0,0.0,357518080495526.0,32.0,0.0,1583852968.0,135.0,12.27,,EC 327
2020-03-10 15:09:35.268,mijnomgeving,357518080495146,1583852975268,1.0,52.3869767,5.3120899,5.0,34218.0,11.0,4.17,10.0,23.0,357518080495146.0,32.0,0.0,1583852972.0,1724.0,10.6,,EC 317
2020-03-10 15:09:47.002,mijnomgeving,357518080169006,1583852987002,23.0,,,,23433.0,,3.64,11.0,,357518080169006.0,32.0,,1583852985.0,766.0,11.57,,EC 213
2020-03-10 15:09:47.061,mijnomgeving,357518080495112,1583852987061,0.0,52.8374728,5.7140159,6.0,105317.0,-3.0,4.22,10.0,222.0,357518080495112.0,32.0,0.0,1583852989.0,1720.0,10.51,,EC 306
2020-03-10 15:09:51.275,mijnomgeving,357518080494875,1583852991275,8.0,52.6579976,5.6148536,4.0,63925.0,-22.0,4.2,10.0,246.0,357518080494875.0,32.0,4.0,1583852990.0,1874.0,10.42,,EC 311
2020-03-10 15:10:17.132,mijnomgeving,357518080495070,1583853017132,1.0,52.2261249,5.1741811,4.0,9027.0,38.0,4.04,22.0,26.0,357518080495070.0,32.0,0.0,1583853014.0,1.0,21.88,,EC 320
2020-03-10 15:10:26.115,mijnomgeving,357518080495088,1583853026115,0.0,52.2260542,5.1743158,7.0,11895.0,16.0,3.89,24.0,50.0,357518080495088.0,32.0,0.0,1583853022.0,0.0,22.41,3.041,EC 321
2020-03-10 15:10:32.113,mijnomgeving,357518080494909,1583853032113,1.0,52.2262079,5.1746784,8.0,435618.0,13.0,4.17,9.0,2.0,357518080494909.0,32.0,0.0,1583853050.0,111.0,12.36,,EC 329
2020-03-10 15:11:20.527,mijnomgeving,357518080167000,1583853080527,4.0,52.173804,5.0360398,5.0,138615.0,-24.0,4.13,8.0,0.0,357518080167000.0,32.0,0.0,1583853083.0,619.0,9.45,,EC 228
2020-03-10 15:11:27.249,mijnomgeving,357518080495088,1583853087249,0.0,52.2262072,5.1746331,5.0,11954.0,-11.0,3.89,24.0,198.0,357518080495088.0,32.0,0.0,1583853082.0,1.0,22.32,2.988,EC 321
2020-03-10 15:11:27.294,mijnomgeving,357518080495203,1583853087294,1.0,52.2259567,5.1748618,6.0,183618.0,19.0,4.17,10.0,10.0,357518080495203.0,32.0,0.0,1583853091.0,132.0,12.71,,EC 324
2020-03-10 15:11:32.328,mijnomgeving,357518080203151,1583853092328,4.0,52.4210396,4.8604953,4.0,21676538.0,7.0,4.16,10.0,0.0,357518080203151.0,16.0,0.0,1583853092.0,84.0,10.16,,EC Prototype 001
2020-03-10 15:11:55.879,mijnomgeving,357518080168917,1583853115879,6.0,52.3321506,4.9373789,4.0,21704470.0,-426.0,4.02,11.0,4.0,357518080168917.0,16.0,0.0,1583853123.0,44.0,13.51,,EC 209
2020-03-10 15:12:00.138,mijnomgeving,357518080494768,1583853120138,30.0,52.4166778,5.2266753,7.0,148547.0,6.0,4.21,11.0,200.0,357518080494768.0,32.0,0.0,1583853123.0,1663.0,10.42,,EC 305
2020-03-10 15:12:26.498,mijnomgeving,357518080495088,1583853146498,0.0,52.22612,5.1742617,6.0,12015.0,13.0,3.89,24.0,49.0,357518080495088.0,32.0,0.0,1583853142.0,1.0,22.32,2.988,EC 321
2020-03-10 15:12:31.467,mijnomgeving,357518080497423,1583853151467,13.0,52.5232139,5.5904212,7.0,9930.0,-9.0,4.18,10.0,12.0,357518080497423.0,32.0,0.0,1583853136.0,2017.0,10.77,,EC 318
2020-03-10 15:12:59.737,mijnomgeving,357518080497639,1583853179737,1.0,52.6592147,5.6606271,6.0,53118.0,-19.0,4.21,11.0,54.0,357518080497639.0,32.0,0.0,1583853176.0,2183.0,10.51,,EC 308
2020-03-10 15:13:12.522,mijnomgeving,357518080163405,1583853192522,3.0,52.3729075,4.9158205,5.0,57614.0,-10.0,4.14,9.0,0.0,357518080163405.0,32.0,0.0,1583853191.0,1653.0,9.89,,EC 226
2020-03-10 15:13:23.767,mijnomgeving,357518080495104,1583853203767,1.0,52.337383,5.53744,7.0,121517.0,-6.0,4.13,12.0,28.0,357518080495104.0,32.0,0.0,1583853205.0,726.0,11.04,,EC 312
2020-03-10 15:13:25.743,mijnomgeving,357518080495088,1583853205743,0.0,52.2261634,5.1744775,5.0,12074.0,-9.0,3.89,24.0,57.0,357518080495088.0,32.0,0.0,1583853202.0,2.0,22.32,3.041,EC 321
2020-03-10 15:13:27.154,mijnomgeving,357518080165368,1583853207154,19.0,52.3398597,4.9107372,6.0,20664979.0,0.0,3.77,11.0,0.0,357518080165368.0,16.0,0.0,1583853216.0,1216.0,10.42,,EC 208
2020-03-10 15:13:31.767,mijnomgeving,357518080494776,1583853211767,1.0,52.2260766,5.1746964,8.0,9919.0,12.0,4.17,10.0,12.0,357518080494776.0,32.0,0.0,1583853207.0,137.0,12.36,,EC 330
2020-03-10 15:13:35.763,mijnomgeving,357518080497662,1583853215763,1.0,52.2261313,5.1746301,7.0,11719.0,9.0,4.21,11.0,219.0,357518080497662.0,32.0,0.0,1583853209.0,137.0,12.54,,EC 328
2020-03-10 15:13:56.852,mijnomgeving,357518080495682,1583853236852,15.0,52.5495372,5.5886065,4.0,81931.0,50.0,4.2,11.0,215.0,357518080495682.0,32.0,1.0,1583853233.0,1562.0,11.04,,EC 316
2020-03-10 15:14:26.941,mijnomgeving,357518080495088,1583853266941,0.0,52.2260949,5.1743319,7.0,12135.0,14.0,3.89,24.0,55.0,357518080495088.0,32.0,0.0,1583853262.0,1.0,22.41,3.041,EC 321
2020-03-10 15:14:47.538,mijnomgeving,357518080166960,1583853287538,39.0,52.7143226,6.878932,6.0,178249.0,-32.0,3.96,10.0,246.0,357518080166960.0,32.0,0.0,1583853291.0,545.0,10.16,,EC 232
2020-03-10 15:15:15.240,mijnomgeving,357518080495047,1583853315240,1.0,52.2261922,5.1747086,4.0,66618.0,1.0,4.17,10.0,2.0,357518080495047.0,32.0,0.0,1583853314.0,132.0,12.45,,EC 322
2020-03-10 15:15:15.370,mijnomgeving,357518080166580,1583853315370,4.0,52.3606776,4.8162677,5.0,36913.0,-65.0,4.05,9.0,0.0,357518080166580.0,32.0,0.0,1583853313.0,664.0,9.63,,EC 224
2020-03-10 15:15:20.085,mijnomgeving,357518080495120,1583853320085,1.0,52.3338403,5.3126535,6.0,10818.0,-14.0,4.189999999999999,10.0,49.0,357518080495120.0,32.0,0.0,1583853317.0,1502.0,10.24,,EC 303
2020-03-10 15:15:26.108,mijnomgeving,357518080495088,1583853326108,0.0,52.2260642,5.1743041,6.0,12194.0,21.0,3.89,24.0,46.0,357518080495088.0,32.0,0.0,1583853322.0,1.0,22.32,2.988,EC 321
2020-03-10 15:16:04.263,mijnomgeving,357518080165475,1583853364263,3.0,52.3719324,4.9252127,5.0,13208449.0,-29.0,4.12,10.0,220.0,357518080165475.0,1.0,0.0,1583853381.0,1297.0,9.54,,EC 201
2020-03-10 15:16:16.177,mijnomgeving,357518080495153,1583853376177,0.0,52.5792304,5.7566756,4.0,27017.0,-8.0,4.2,10.0,49.0,357518080495153.0,32.0,0.0,1583853369.0,2584.0,10.24,,EC 313
2020-03-10 15:16:25.481,mijnomgeving,357518080495088,1583853385481,0.0,52.2261382,5.1744322,6.0,12254.0,3.0,3.89,24.0,45.0,357518080495088.0,32.0,0.0,1583853382.0,2.0,22.32,2.988,EC 321
2020-03-10 15:16:39.217,mijnomgeving,357518080495534,1583853399217,1.0,52.5326434,5.5932282,4.0,9918.0,-18.0,4.21,11.0,253.0,357518080495534.0,32.0,0.0,1583853396.0,1993.0,10.77,,EC 307
2020-03-10 15:17:13.229,mijnomgeving,357518080497696,1583853433229,0.0,52.5173142,5.5095202,4.0,62117.0,8.0,4.17,10.0,222.0,357518080497696.0,32.0,0.0,1583853433.0,1029.0,10.33,,EC 319
2020-03-10 15:17:25.243,mijnomgeving,357518080494826,1583853445243,1.0,52.2261964,5.1746012,6.0,1818.0,16.0,4.18,12.0,8.0,357518080494826.0,32.0,0.0,1583853441.0,130.0,12.1,,EC 323
2020-03-10 15:17:26.214,mijnomgeving,357518080495088,1583853446214,0.0,52.2261021,5.1743235,7.0,12315.0,10.0,3.9,24.0,33.0,357518080495088.0,32.0,0.0,1583853443.0,1.0,22.32,3.041,EC 321
2020-03-10 15:17:51.800,mijnomgeving,357518080495161,1583853471800,3.0,52.4995915,5.4529594,6.0,6463823.0,-5.0,4.2,10.0,252.0,357518080495161.0,32.0,1.0,1583853480.0,889.0,10.24,,EC 315
2020-03-10 15:17:53.389,mijnomgeving,357518080494982,1583853473389,1.0,52.2259319,5.1748371,4.0,11727.0,8.0,4.18,11.0,47.0,357518080494982.0,32.0,0.0,1583853469.0,132.0,12.36,,EC 326
2020-03-10 15:18:00.482,mijnomgeving,357518080163249,1583853480482,25.0,,,,32435.0,,4.17,12.0,,357518080163249.0,32.0,,1583853466.0,420.0,11.21,,EC 212
2020-03-10 15:18:29.216,mijnomgeving,357518080164395,1583853509216,3.0,51.8982202,4.4233139,5.0,49512.0,-7.0,4.04,9.0,13.0,357518080164395.0,32.0,0.0,1583853507.0,734.0,10.16,,EC 241
2020-03-10 15:18:30.573,mijnomgeving,357518080163173,1583853510573,4.0,52.7221088,6.8193144,4.0,43214.0,22.0,3.96,8.0,17.0,357518080163173.0,32.0,0.0,1583853509.0,509.0,9.8,,EC 231
2020-03-10 15:18:34.372,mijnomgeving,357518080495088,1583853514372,0.0,52.2261013,5.1743795,5.0,12384.0,8.0,3.89,24.0,200.0,357518080495088.0,32.0,0.0,1583853512.0,2.0,22.32,3.041,EC 321
2020-03-10 15:18:41.088,mijnomgeving,357518080166754,1583853521088,5.0,52.3540365,4.9246897,4.0,21082566.0,-9.0,4.18,11.0,246.0,357518080166754.0,16.0,0.0,1583853529.0,1228.0,10.42,,EC 204
2020-03-10 15:18:43.360,mijnomgeving,357518080495021,1583853523360,62.0,53.1566711,7.0209286,6.0,56789.0,-29.0,3.93,14.0,0.0,357518080495021.0,32.0,3.0,1583853524.0,0.0,15.0,,EC 325
2020-03-10 15:19:02.801,mijnomgeving,357518080330582,1583853542801,2.0,52.3730945,4.9460609,5.0,18012.0,-5.0,4.11,12.0,0.0,357518080330582.0,32.0,0.0,1583853540.0,1535.0,10.16,,EC 219
2020-03-10 15:19:31.581,mijnomgeving,357518080495088,1583853571581,0.0,52.2261049,5.1744476,6.0,12435.0,6.0,3.89,24.0,47.0,357518080495088.0,32.0,0.0,1583853563.0,1.0,22.41,2.988,EC 321
2020-03-10 15:20:25.690,mijnomgeving,357518080495088,1583853625690,0.0,52.2261235,5.1743497,6.0,12495.0,4.0,3.89,24.0,246.0,357518080495088.0,32.0,0.0,1583853623.0,2.0,22.41,2.988,EC 321
2020-03-10 15:20:28.141,mijnomgeving,357518080166887,1583853628141,32.0,52.3701235,4.901021,7.0,11942181.0,11.0,3.61,10.0,0.0,357518080166887.0,4.0,0.0,1583852606.0,38.0,13.33,,EC 200
2020-03-10 15:20:29.150,mijnomgeving,357518080166887,1583853629150,5.0,52.3702144,4.9009643,6.0,11943054.0,13.0,3.61,11.0,0.0,357518080166887.0,4.0,0.0,1583853479.0,41.0,13.24,,EC 200
2020-03-10 15:21:29.804,mijnomgeving,357518080494859,1583853689804,1.0,52.5409686,5.5888122,8.0,61218.0,-9.0,4.18,10.0,218.0,357518080494859.0,32.0,0.0,1583853685.0,1787.0,10.6,,EC 302
2020-03-10 15:21:29.820,mijnomgeving,357518080495088,1583853689820,0.0,52.2261383,5.1744304,6.0,12555.0,3.0,3.89,24.0,199.0,357518080495088.0,32.0,0.0,1583853683.0,1.0,22.32,2.988,EC 321
2020-03-10 15:21:30.887,mijnomgeving,357518080328131,1583853690887,5.0,52.3867773,4.917623,4.0,79215.0,-7.0,3.8200000000000003,10.0,0.0,357518080328131.0,32.0,0.0,1583853692.0,45.0,12.36,,EC 230
2020-03-10 15:21:36.757,mijnomgeving,357518080494818,1583853696757,1.0,52.8092351,5.7450747,5.0,22519.0,51.0,4.22,10.0,244.0,357518080494818.0,32.0,0.0,1583853693.0,1613.0,10.77,,EC 309
2020-03-10 15:22:16.505,mijnomgeving,357518080332257,1583853736505,1.0,51.8985638,4.4233635,6.0,69311.0,-9.0,4.1,9.0,16.0,357518080332257.0,32.0,0.0,1583853731.0,515.0,9.89,,EC 240
2020-03-10 15:22:25.866,mijnomgeving,357518080495088,1583853745866,0.0,52.2261427,5.174333,6.0,12615.0,18.0,3.89,24.0,56.0,357518080495088.0,32.0,0.0,1583853742.0,1.0,22.32,2.988,EC 321
2020-03-10 15:22:37.872,mijnomgeving,357518080494834,1583853757872,0.0,52.4258734,5.4201984,5.0,241218.0,65.0,4.11,10.0,239.0,357518080494834.0,32.0,0.0,1583853765.0,1339.0,11.21,,EC 314
2020-03-10 15:22:39.489,mijnomgeving,357518080171390,1583853759489,1.0,52.0318414,5.3038015,5.0,21713438.0,-22.0,4.17,10.0,0.0,357518080171390.0,64.0,0.0,1583853768.0,834.0,10.6,,EC 202
2020-03-10 15:22:56.680,mijnomgeving,357518080170889,1583853776680,2.0,52.0146231,4.2955082,7.0,131412.0,5.0,4.189999999999999,8.0,0.0,357518080170889.0,32.0,0.0,1583853778.0,1519.0,12.45,,EC 236
2020-03-10 15:23:03.205,mijnomgeving,357518080330764,1583853783205,7.0,51.821023,4.6109207,6.0,62117.0,-23.0,3.94,10.0,199.0,357518080330764.0,32.0,0.0,1583853782.0,336.0,11.74,,EC 244
2020-03-10 15:23:04.259,mijnomgeving,357518080332265,1583853784259,3.0,52.3916255,4.9368887,4.0,55813.0,42.0,3.7,10.0,23.0,357518080332265.0,32.0,1.0,1583853783.0,1517.0,10.6,,EC 221
2020-03-10 15:23:25.932,mijnomgeving,357518080495088,1583853805932,0.0,52.2260579,5.1742436,6.0,12675.0,21.0,3.89,24.0,41.0,357518080495088.0,32.0,0.0,1583853803.0,1.0,22.32,3.041,EC 321
2020-03-10 15:23:27.887,mijnomgeving,357518080495187,1583853807887,1.0,52.6352716,5.8234207,5.0,261018.0,-14.0,4.25,12.0,255.0,357518080495187.0,32.0,0.0,1583853818.0,530.0,10.51,,EC 304
2020-03-10 15:23:45.267,mijnomgeving,357518080166663,1583853825267,3.0,51.8983482,4.4232783,4.0,127813.0,-1.0,4.12,10.0,0.0,357518080166663.0,32.0,0.0,1583853827.0,708.0,9.89,,EC 243
2020-03-10 15:24:22.776,mijnomgeving,357518080200454,1583853862776,8.0,52.33109,5.0628104,4.0,23526070.0,-88.0,3.89,8.0,240.0,357518080200454.0,16.0,0.0,1583853871.0,6349.0,9.63,,EC Prototype 002
2020-03-10 15:24:26.344,mijnomgeving,357518080169006,1583853866344,3.0,,,,24313.0,,3.64,11.0,,357518080169006.0,32.0,,1583853865.0,763.0,11.57,,EC 213
2020-03-10 15:24:27.966,mijnomgeving,357518080495088,1583853867966,0.0,52.226125,5.1744088,6.0,12735.0,22.0,3.89,24.0,48.0,357518080495088.0,32.0,0.0,1583853863.0,0.0,22.32,2.988,EC 321
2020-03-10 15:24:30.961,mijnomgeving,357518080495526,1583853870961,0.0,52.225968,5.174518,5.0,13518.0,33.0,4.16,10.0,13.0,357518080495526.0,32.0,1.0,1583853868.0,135.0,12.27,,EC 327
2020-03-10 15:24:48.048,mijnomgeving,357518080495146,1583853888048,8.0,52.3866033,5.3117698,5.0,35125.0,26.0,4.18,11.0,31.0,357518080495146.0,32.0,0.0,1583853879.0,1712.0,10.6,,EC 317
2020-03-10 15:24:48.118,mijnomgeving,357518080495112,1583853888118,0.0,52.8374523,5.7140299,4.0,106217.0,3.0,4.22,9.0,53.0,357518080495112.0,32.0,0.0,1583853889.0,1725.0,10.51,,EC 306
2020-03-10 15:24:53.037,mijnomgeving,357518080494875,1583853893037,6.0,52.657811,5.6144443,4.0,64823.0,27.0,4.2,10.0,229.0,357518080494875.0,32.0,5.0,1583853888.0,1890.0,10.33,,EC 311
2020-03-10 15:25:10.049,mijnomgeving,357518080495070,1583853910049,3.0,52.225185,5.1741265,4.0,9920.0,122.0,4.04,23.0,21.0,357518080495070.0,32.0,1.0,1583853907.0,1.0,21.97,,EC 320
2020-03-10 15:25:26.165,mijnomgeving,357518080495088,1583853926165,0.0,52.2260891,5.1742135,7.0,12795.0,39.0,3.89,24.0,45.0,357518080495088.0,32.0,0.0,1583853923.0,1.0,22.32,2.988,EC 321
2020-03-10 15:25:32.142,mijnomgeving,357518080494909,1583853932142,1.0,52.226306,5.1746523,8.0,436518.0,18.0,4.17,9.0,8.0,357518080494909.0,32.0,0.0,1583853950.0,111.0,12.45,,EC 329
2020-03-10 15:26:18.421,mijnomgeving,357518080167000,1583853978421,2.0,52.1740017,5.0358431,5.0,139513.0,14.0,4.13,9.0,0.0,357518080167000.0,32.0,0.0,1583853981.0,616.0,9.54,,EC 228
2020-03-10 15:26:28.228,mijnomgeving,357518080495088,1583853988228,0.0,52.2261003,5.1742196,7.0,12855.0,21.0,3.89,24.0,218.0,357518080495088.0,32.0,0.0,1583853982.0,2.0,22.32,3.041,EC 321
2020-03-10 15:26:28.320,mijnomgeving,357518080495203,1583853988320,1.0,52.2260599,5.1746459,7.0,184518.0,37.0,4.18,10.0,30.0,357518080495203.0,32.0,0.0,1583853991.0,131.0,12.71,,EC 324
2020-03-10 15:26:29.556,mijnomgeving,357518080203151,1583853989556,3.0,52.4208546,4.8600208,5.0,21677437.0,23.0,4.16,9.0,210.0,357518080203151.0,16.0,0.0,1583853991.0,84.0,10.16,,EC Prototype 001
2020-03-10 15:26:38.247,mijnomgeving,357518080494768,1583853998247,1.0,52.4166484,5.2265548,7.0,149418.0,-12.0,4.21,10.0,34.0,357518080494768.0,32.0,0.0,1583853994.0,1655.0,10.42,,EC 305
2020-03-10 15:27:10.516,mijnomgeving,357518080168917,1583854030516,21.0,52.3406564,4.9255939,6.0,21705386.0,6.0,4.01,11.0,250.0,357518080168917.0,16.0,0.0,1583854039.0,31.0,13.51,,EC 209
2020-03-10 15:27:12.265,mijnomgeving,357518080497423,1583854032265,0.0,52.5229893,5.5902985,8.0,10818.0,-9.0,4.18,10.0,197.0,357518080497423.0,32.0,0.0,1583854024.0,2012.0,10.77,,EC 318
2020-03-10 15:27:26.414,mijnomgeving,357518080495088,1583854046414,0.0,52.2260405,5.1742626,5.0,12915.0,40.0,3.89,24.0,41.0,357518080495088.0,32.0,0.0,1583854043.0,2.0,22.32,2.988,EC 321
2020-03-10 15:27:36.640,mijnomgeving,357518080497423,1583854056640,0.0,52.5229893,5.5902985,8.0,10818.0,-9.0,4.18,10.0,197.0,357518080497423.0,32.0,0.0,1583854024.0,2012.0,10.77,,EC 318
2020-03-10 15:27:58.458,mijnomgeving,357518080497639,1583854078458,1.0,52.6592064,5.6608645,6.0,54018.0,-3.0,4.22,11.0,53.0,357518080497639.0,32.0,0.0,1583854076.0,2181.0,10.51,,EC 308
2020-03-10 15:28:10.555,mijnomgeving,357518080163405,1583854090555,1.0,52.3729089,4.9163324,4.0,58512.0,25.0,4.13,9.0,0.0,357518080163405.0,32.0,0.0,1583854089.0,1655.0,9.89,,EC 226
2020-03-10 15:28:23.780,mijnomgeving,357518080495104,1583854103780,0.0,52.3374877,5.5375057,6.0,122417.0,9.0,4.13,12.0,12.0,357518080495104.0,32.0,0.0,1583854105.0,725.0,11.04,,EC 312
2020-03-10 15:28:30.760,mijnomgeving,357518080494776,1583854110760,0.0,52.2262724,5.1745585,7.0,10818.0,38.0,4.17,10.0,241.0,357518080494776.0,32.0,0.0,1583854107.0,136.0,12.36,,EC 330
2020-03-10 15:28:31.615,mijnomgeving,357518080165368,1583854111615,19.0,52.3398503,4.9113627,5.0,20665879.0,57.0,3.77,10.0,52.0,357518080165368.0,16.0,0.0,1583854116.0,1189.0,10.42,,EC 208
2020-03-10 15:28:34.741,mijnomgeving,357518080497662,1583854114741,1.0,52.2262517,5.1747253,7.0,12619.0,25.0,4.21,11.0,251.0,357518080497662.0,32.0,0.0,1583854109.0,138.0,12.54,,EC 328
2020-03-10 15:28:35.788,mijnomgeving,357518080495088,1583854115788,0.0,52.2262608,5.1745411,5.0,12984.0,5.0,3.89,24.0,41.0,357518080495088.0,32.0,0.0,1583854112.0,1.0,22.32,3.041,EC 321
2020-03-10 15:29:02.845,mijnomgeving,357518080495682,1583854142845,25.0,52.5494765,5.5882489,5.0,82841.0,0.0,4.2,11.0,254.0,357518080495682.0,32.0,0.0,1583854143.0,1534.0,11.3,,EC 316
2020-03-10 15:29:25.835,mijnomgeving,357518080166960,1583854165835,18.0,52.7140633,6.8788878,8.0,179128.0,4.0,3.96,10.0,0.0,357518080166960.0,32.0,0.0,1583854170.0,544.0,10.16,,EC 232
2020-03-10 15:29:28.896,mijnomgeving,357518080495021,1583854168896,112.0,53.156629,7.0209019,6.0,152.0,-20.0,3.95,15.0,247.0,357518080495021.0,32.0,2.0,1583854162.0,0.0,15.18,,EC 325
2020-03-10 15:29:35.886,mijnomgeving,357518080495088,1583854175886,0.0,52.226125,5.1742313,6.0,13044.0,40.0,3.89,24.0,35.0,357518080495088.0,32.0,0.0,1583854172.0,0.0,22.32,2.988,EC 321
2020-03-10 15:30:21.001,mijnomgeving,357518080495120,1583854221001,0.0,52.3337846,5.312661,6.0,11718.0,-6.0,4.189999999999999,10.0,24.0,357518080495120.0,32.0,0.0,1583854217.0,1504.0,10.24,,EC 303
2020-03-10 15:30:23.626,mijnomgeving,357518080166580,1583854223626,12.0,52.3608908,4.816698,5.0,37821.0,-120.0,4.05,10.0,40.0,357518080166580.0,32.0,0.0,1583854221.0,662.0,9.63,,EC 224
2020-03-10 15:30:25.981,mijnomgeving,357518080495088,1583854225981,0.0,52.2260527,5.1741862,6.0,13095.0,49.0,3.89,24.0,40.0,357518080495088.0,32.0,0.0,1583854223.0,0.0,22.32,2.988,EC 321
2020-03-10 15:30:39.069,mijnomgeving,357518080495047,1583854239069,23.0,52.2261282,5.17469,6.0,67541.0,17.0,4.18,12.0,248.0,357518080495047.0,32.0,0.0,1583854237.0,132.0,12.45,,EC 322
2020-03-10 15:31:07.400,mijnomgeving,357518080165475,1583854267400,6.0,52.3718921,4.9252521,5.0,13209352.0,12.0,4.12,10.0,209.0,357518080165475.0,1.0,0.0,1583854284.0,1335.0,9.54,,EC 201
2020-03-10 15:31:21.110,mijnomgeving,357518080495153,1583854281110,8.0,52.5786547,5.7570847,4.0,27925.0,-6.0,4.2,10.0,247.0,357518080495153.0,32.0,0.0,1583854276.0,2572.0,10.33,,EC 313
2020-03-10 15:31:32.124,mijnomgeving,357518080495088,1583854292124,3.0,52.2260553,5.1740268,5.0,13158.0,65.0,3.89,24.0,47.0,357518080495088.0,32.0,0.0,1583854286.0,1.0,22.32,2.988,EC 321
2020-03-10 15:31:52.140,mijnomgeving,357518080495534,1583854312140,11.0,52.5326804,5.5930899,7.0,10828.0,-4.0,4.22,12.0,244.0,357518080495534.0,32.0,0.0,1583854306.0,1989.0,10.77,,EC 307
2020-03-10 15:32:25.203,mijnomgeving,357518080494826,1583854345203,1.0,52.2262191,5.1742672,6.0,2718.0,35.0,4.18,12.0,254.0,357518080494826.0,32.0,0.0,1583854341.0,130.0,12.1,,EC 323
2020-03-10 15:32:26.508,mijnomgeving,357518080163249,1583854346508,4.0,,,,33313.0,,4.17,12.0,,357518080163249.0,32.0,,1583854344.0,415.0,11.21,,EC 212
2020-03-10 15:32:36.162,mijnomgeving,357518080495088,1583854356162,0.0,52.2262125,5.1742786,6.0,13224.0,48.0,3.89,24.0,47.0,357518080495088.0,32.0,2.0,1583854352.0,1.0,22.41,3.041,EC 321
2020-03-10 15:32:41.363,mijnomgeving,357518080497696,1583854361363,24.0,52.5171056,5.5093813,4.0,63041.0,-24.0,4.17,11.0,56.0,357518080497696.0,32.0,0.0,1583854357.0,1029.0,10.33,,EC 319
2020-03-10 15:32:49.165,mijnomgeving,357518080494982,1583854369165,7.0,52.2257955,5.1748654,6.0,12624.0,39.0,4.18,11.0,2.0,357518080494982.0,32.0,0.0,1583854366.0,134.0,12.36,,EC 326
2020-03-10 15:32:51.150,mijnomgeving,357518080495161,1583854371150,3.0,52.4996844,5.4528478,4.0,6464723.0,1.0,4.2,10.0,44.0,357518080495161.0,32.0,1.0,1583854380.0,891.0,10.24,,EC 315
2020-03-10 15:33:10.647,mijnomgeving,357518080166887,1583854390647,8.0,52.3701265,4.9010291,6.0,11943957.0,11.0,3.61,11.0,7.0,357518080166887.0,4.0,0.0,1583854382.0,40.0,13.42,,EC 200
2020-03-10 15:33:27.224,mijnomgeving,357518080495088,1583854407224,0.0,52.2262885,5.1746931,4.0,13275.0,-8.0,3.9,24.0,46.0,357518080495088.0,32.0,2.0,1583854403.0,1.0,22.41,2.988,EC 321
2020-03-10 15:33:38.456,mijnomgeving,357518080164395,1583854418456,5.0,51.8982326,4.423527,5.0,50414.0,73.0,4.04,9.0,19.0,357518080164395.0,32.0,0.0,1583854409.0,738.0,10.16,,EC 241
2020-03-10 15:33:42.203,mijnomgeving,357518080166754,1583854422203,24.0,52.3538234,4.9248525999999995,6.0,21083468.0,0.0,4.17,11.0,0.0,357518080166754.0,16.0,0.0,1583854431.0,1233.0,10.42,,EC 204
2020-03-10 15:33:56.691,mijnomgeving,357518080163173,1583854436691,30.0,52.7218171,6.8191878,8.0,44140.0,11.0,3.96,8.0,0.0,357518080163173.0,32.0,0.0,1583854435.0,508.0,9.8,,EC 231
2020-03-10 15:34:04.165,mijnomgeving,357518080330582,1583854444165,3.0,52.3733162,4.9460428,5.0,18913.0,-21.0,4.11,11.0,9.0,357518080330582.0,32.0,3.0,1583854441.0,1554.0,10.16,,EC 219
2020-03-10 15:34:26.320,mijnomgeving,357518080495088,1583854466320,0.0,52.2260892,5.1741551,4.0,13335.0,47.0,3.89,24.0,45.0,357518080495088.0,32.0,1.0,1583854463.0,0.0,22.32,2.988,EC 321
2020-03-10 15:35:34.611,mijnomgeving,357518080495088,1583854534611,0.0,52.2262817,5.1743009,5.0,13404.0,37.0,3.89,24.0,40.0,357518080495088.0,32.0,0.0,1583854532.0,1.0,22.41,2.988,EC 321
2020-03-10 15:36:26.945,mijnomgeving,357518080494859,1583854586945,0.0,52.5409589,5.588784,7.0,62118.0,-11.0,4.17,10.0,253.0,357518080494859.0,32.0,0.0,1583854585.0,1786.0,10.6,,EC 302
2020-03-10 15:36:28.843,mijnomgeving,357518080328131,1583854588843,3.0,52.3867589,4.9175732,4.0,80113.0,0.0,3.83,10.0,59.0,357518080328131.0,32.0,0.0,1583854590.0,46.0,12.45,,EC 230
2020-03-10 15:36:35.027,mijnomgeving,357518080495088,1583854595027,0.0,52.226275,5.1744223,4.0,13464.0,17.0,3.89,24.0,42.0,357518080495088.0,32.0,0.0,1583854592.0,0.0,22.41,2.988,EC 321
2020-03-10 15:36:49.068,mijnomgeving,357518080494818,1583854609068,12.0,52.8091248,5.7453595,6.0,23430.0,-4.0,4.22,10.0,21.0,357518080494818.0,32.0,0.0,1583854605.0,1605.0,10.77,,EC 309
2020-03-10 15:37:12.381,mijnomgeving,357518080332257,1583854632381,1.0,51.8985258,4.4233396,6.0,70211.0,-6.0,4.09,9.0,10.0,357518080332257.0,32.0,0.0,1583854631.0,520.0,9.89,,EC 240
2020-03-10 15:37:35.153,mijnomgeving,357518080495088,1583854655153,1.0,52.2261272,5.1742326,5.0,13524.0,37.0,3.89,24.0,211.0,357518080495088.0,32.0,0.0,1583854652.0,1.0,22.41,2.988,EC 321
2020-03-10 15:37:38.352,mijnomgeving,357518080171390,1583854658352,1.0,52.0318543,5.3036305,6.0,21714337.0,6.0,4.17,10.0,7.0,357518080171390.0,64.0,0.0,1583854667.0,836.0,10.6,,EC 202
2020-03-10 15:37:56.563,mijnomgeving,357518080170889,1583854676563,2.0,52.0146131,4.2955815,7.0,132312.0,2.0,4.189999999999999,8.0,252.0,357518080170889.0,32.0,0.0,1583854678.0,1251.0,12.89,,EC 236
2020-03-10 15:38:06.253,mijnomgeving,357518080330764,1583854686253,10.0,51.8210091,4.6105432,5.0,63020.0,-55.0,3.94,10.0,204.0,357518080330764.0,32.0,0.0,1583854686.0,336.0,11.74,,EC 244
2020-03-10 15:38:16.443,mijnomgeving,357518080494834,1583854696443,13.0,52.4258297,5.4207698,5.0,242131.0,15.0,4.11,10.0,220.0,357518080494834.0,32.0,0.0,1583854678.0,1334.0,11.21,,EC 314
2020-03-10 15:38:26.448,mijnomgeving,357518080495088,1583854706448,1.0,52.2260024,5.1740905999999995,5.0,13575.0,62.0,3.89,24.0,205.0,357518080495088.0,32.0,0.0,1583854703.0,2.0,22.41,2.988,EC 321
2020-03-10 15:38:27.426,mijnomgeving,357518080495187,1583854707426,1.0,52.6349638,5.823361,4.0,261918.0,-13.0,4.25,12.0,253.0,357518080495187.0,32.0,0.0,1583854718.0,520.0,10.6,,EC 304
2020-03-10 15:38:33.312,mijnomgeving,357518080332265,1583854713312,31.0,52.3922963,4.9375941999999995,5.0,56741.0,8.0,3.7,10.0,0.0,357518080332265.0,32.0,0.0,1583854711.0,1514.0,10.6,,EC 221
2020-03-10 15:38:46.375,mijnomgeving,357518080166663,1583854726375,4.0,51.8990051,4.4231319,4.0,128714.0,-22.0,4.12,10.0,13.0,357518080166663.0,32.0,0.0,1583854728.0,710.0,9.89,,EC 243
2020-03-10 15:39:26.224,mijnomgeving,357518080169006,1583854766224,3.0,,,,25213.0,,3.64,11.0,,357518080169006.0,32.0,,1583854765.0,766.0,11.57,,EC 213
2020-03-10 15:39:26.637,mijnomgeving,357518080495088,1583854766637,1.0,52.2261425,5.1741845,6.0,13635.0,55.0,3.89,24.0,40.0,357518080495088.0,32.0,0.0,1583854763.0,0.0,22.32,2.988,EC 321
2020-03-10 15:39:41.140,mijnomgeving,357518080200454,1583854781140,26.0,52.3311889,5.0624242,4.0,23526988.0,3.0,3.89,9.0,3.0,357518080200454.0,16.0,0.0,1583854789.0,6340.0,9.63,,EC Prototype 002
2020-03-10 15:39:49.326,mijnomgeving,357518080495112,1583854789326,0.0,52.8374903,5.7141377,4.0,107117.0,1.0,4.22,10.0,56.0,357518080495112.0,32.0,0.0,1583854789.0,1735.0,10.51,,EC 306
2020-03-10 15:39:49.629,mijnomgeving,357518080495526,1583854789629,19.0,52.226341,5.174578,5.0,14436.0,8.0,4.16,10.0,7.0,357518080495526.0,32.0,0.0,1583854786.0,135.0,12.36,,EC 327
2020-03-10 15:40:00.641,mijnomgeving,357518080495146,1583854800641,24.0,52.3869936,5.3122367,5.0,36041.0,-16.0,4.18,11.0,213.0,357518080495146.0,32.0,0.0,1583854795.0,1704.0,10.69,,EC 317
2020-03-10 15:40:10.643,mijnomgeving,357518080494875,1583854810643,27.0,52.6579998,5.6147321,4.0,65744.0,0.0,4.2,10.0,15.0,357518080494875.0,32.0,0.0,1583854809.0,1899.0,10.33,,EC 311
2020-03-10 15:40:27.699,mijnomgeving,357518080495088,1583854827699,1.0,52.2260456,5.1742393,5.0,13695.0,50.0,3.89,24.0,0.0,357518080495088.0,32.0,0.0,1583854823.0,0.0,22.41,3.041,EC 321
2020-03-10 15:40:32.729,mijnomgeving,357518080495070,1583854832729,12.0,52.2261941,5.1744814,6.0,10838.0,29.0,4.03,23.0,242.0,357518080495070.0,32.0,0.0,1583854825.0,2.0,21.97,,EC 320
2020-03-10 15:40:32.799,mijnomgeving,357518080494909,1583854832799,1.0,52.2262293,5.1746849,8.0,437418.0,11.0,4.17,9.0,14.0,357518080494909.0,32.0,0.0,1583854850.0,111.0,12.45,,EC 329
2020-03-10 15:41:20.540,mijnomgeving,357518080167000,1583854880540,4.0,52.1739691,5.035788,4.0,140415.0,25.0,4.13,8.0,0.0,357518080167000.0,32.0,0.0,1583854883.0,616.0,9.54,,EC 228
2020-03-10 15:41:25.894,mijnomgeving,357518080495088,1583854885894,1.0,52.2263253,5.1745167,4.0,13755.0,8.0,3.89,24.0,37.0,357518080495088.0,32.0,2.0,1583854883.0,3.0,22.41,2.988,EC 321
2020-03-10 15:41:28.788,mijnomgeving,357518080495203,1583854888788,1.0,52.2259433,5.1749218,4.0,185418.0,-10.0,4.17,10.0,246.0,357518080495203.0,32.0,3.0,1583854891.0,129.0,12.71,,EC 324
2020-03-10 15:41:40.798,mijnomgeving,357518080494768,1583854900798,1.0,52.4168013,5.2266019,6.0,150318.0,-15.0,4.21,11.0,0.0,357518080494768.0,32.0,0.0,1583854894.0,1666.0,10.42,,EC 305
2020-03-10 15:41:59.959,mijnomgeving,357518080203151,1583854919959,33.0,52.4208184,4.8605141,7.0,21678367.0,-16.0,4.15,9.0,207.0,357518080203151.0,16.0,0.0,1583854921.0,85.0,10.16,,EC Prototype 001
2020-03-10 15:41:59.981,mijnomgeving,357518080168917,1583854919981,1.0,52.3408191,4.9257364,5.0,21706275.0,3.0,4.01,10.0,0.0,357518080168917.0,16.0,0.0,1583854928.0,18.0,13.51,,EC 209
2020-03-10 15:42:08.881,mijnomgeving,357518080497423,1583854928881,0.0,52.5229746,5.5903416,6.0,11718.0,-3.0,4.18,11.0,203.0,357518080497423.0,32.0,0.0,1583854924.0,2003.0,10.86,,EC 318
2020-03-10 15:42:34.964,mijnomgeving,357518080495021,1583854954964,23.0,53.1564033,7.0210175,4.0,940.0,-34.0,3.93,14.0,241.0,357518080495021.0,32.0,0.0,1583854950.0,0.0,15.09,,EC 325
2020-03-10 15:42:37.958,mijnomgeving,357518080495088,1583854957958,1.0,52.2261583,5.1742156,5.0,13824.0,45.0,3.89,24.0,33.0,357518080495088.0,32.0,0.0,1583854952.0,0.0,22.41,3.041,EC 321
2020-03-10 15:42:56.954,mijnomgeving,357518080497639,1583854976954,1.0,52.6591843,5.6607556,5.0,54918.0,-14.0,4.21,10.0,227.0,357518080497639.0,32.0,0.0,1583854976.0,2177.0,10.51,,EC 308
2020-03-10 15:43:12.946,mijnomgeving,357518080163405,1583854992946,4.0,52.3728957,4.9159312,4.0,59415.0,-24.0,4.14,9.0,0.0,357518080163405.0,32.0,0.0,1583854992.0,1656.0,9.89,,EC 226
2020-03-10 15:43:24.016,mijnomgeving,357518080495104,1583855004016,0.0,52.3374006,5.5373037,5.0,123317.0,-3.0,4.13,12.0,43.0,357518080495104.0,32.0,0.0,1583855005.0,723.0,11.04,,EC 312
2020-03-10 15:43:27.457,mijnomgeving,357518080165368,1583855007457,20.0,52.3398199,4.9110987,5.0,20666779.0,20.0,3.76,10.0,58.0,357518080165368.0,16.0,0.0,1583855016.0,1188.0,10.42,,EC 208
2020-03-10 15:43:36.011,mijnomgeving,357518080495088,1583855016011,1.0,52.2262453,5.1743812,5.0,13884.0,40.0,3.89,24.0,34.0,357518080495088.0,32.0,0.0,1583855012.0,0.0,22.41,2.988,EC 321
2020-03-10 15:43:42.982,mijnomgeving,357518080495682,1583855022982,0.0,52.5494993,5.5882017,6.0,83717.0,-11.0,4.2,10.0,197.0,357518080495682.0,32.0,0.0,1583855019.0,1517.0,11.3,,EC 316
2020-03-10 15:43:49.993,mijnomgeving,357518080497662,1583855029993,17.0,52.2261716,5.1746873,7.0,13535.0,21.0,4.21,12.0,2.0,357518080497662.0,32.0,0.0,1583855025.0,139.0,12.54,,EC 328
2020-03-10 15:43:51.989,mijnomgeving,357518080494776,1583855031989,20.0,52.2261618,5.1745932,7.0,11737.0,19.0,4.17,10.0,38.0,357518080494776.0,32.0,0.0,1583855026.0,137.0,12.36,,EC 330
2020-03-10 15:44:17.778,mijnomgeving,357518080166960,1583855057778,9.0,52.7139045,6.8788777,9.0,180019.0,10.0,3.96,10.0,36.0,357518080166960.0,32.0,0.0,1583855061.0,541.0,10.16,,EC 232
2020-03-10 15:44:28.064,mijnomgeving,357518080495088,1583855068064,1.0,52.2264465,5.174567,4.0,13935.0,3.0,3.89,24.0,218.0,357518080495088.0,32.0,0.0,1583855063.0,1.0,22.41,2.988,EC 321
2020-03-10 15:45:21.167,mijnomgeving,357518080495120,1583855121167,0.0,52.3337229,5.3126112,5.0,12618.0,-2.0,4.189999999999999,10.0,14.0,357518080495120.0,32.0,0.0,1583855117.0,1503.0,10.24,,EC 303
2020-03-10 15:45:24.144,mijnomgeving,357518080495047,1583855124144,1.0,52.2261381,5.1746677,5.0,68427.0,23.0,4.18,10.0,0.0,357518080495047.0,32.0,0.0,1583855123.0,132.0,12.45,,EC 322
2020-03-10 15:45:26.212,mijnomgeving,357518080495088,1583855126212,1.0,52.2261764,5.1742769,4.0,13995.0,34.0,3.89,24.0,207.0,357518080495088.0,32.0,0.0,1583855123.0,1.0,22.41,3.041,EC 321
2020-03-10 15:45:45.532,mijnomgeving,357518080166580,1583855145532,29.0,52.360302,4.8154357,6.0,38739.0,1.0,4.05,10.0,0.0,357518080166580.0,32.0,0.0,1583855139.0,664.0,9.63,,EC 224
2020-03-10 15:46:25.376,mijnomgeving,357518080495088,1583855185376,1.0,52.2259659,5.1740778,5.0,14055.0,67.0,3.89,24.0,39.0,357518080495088.0,32.0,0.0,1583855183.0,0.0,22.41,3.041,EC 321
2020-03-10 15:46:27.717,mijnomgeving,357518080165475,1583855187717,17.0,52.3720302,4.9253388,7.0,13210262.0,4.0,4.12,10.0,0.0,357518080165475.0,1.0,0.0,1583855194.0,1268.0,9.54,,EC 201
2020-03-10 15:46:37.517,mijnomgeving,357518080495153,1583855197517,25.0,52.5790226,5.7568657,6.0,28842.0,-15.0,4.2,11.0,15.0,357518080495153.0,32.0,0.0,1583855194.0,2588.0,10.33,,EC 313
2020-03-10 15:46:42.491,mijnomgeving,357518080495534,1583855202491,3.0,52.5328836,5.5930654,5.0,11721.0,-11.0,4.22,11.0,13.0,357518080495534.0,32.0,0.0,1583855199.0,1970.0,10.86,,EC 307
2020-03-10 15:47:13.565,mijnomgeving,357518080497696,1583855233565,0.0,52.5171029,5.5085666,4.0,63917.0,-77.0,4.18,10.0,232.0,357518080497696.0,32.0,0.0,1583855233.0,1028.0,10.33,,EC 319
2020-03-10 15:47:29.976,mijnomgeving,357518080163249,1583855249976,3.0,,,,34212.0,,4.17,11.0,,357518080163249.0,32.0,,1583855243.0,414.0,11.21,,EC 212
2020-03-10 15:47:34.639,mijnomgeving,357518080495088,1583855254639,1.0,52.2258546,5.1740479,5.0,14124.0,78.0,3.89,24.0,255.0,357518080495088.0,32.0,1.0,1583855252.0,1.0,22.41,2.988,EC 321
2020-03-10 15:47:40.660,mijnomgeving,357518080494826,1583855260660,17.0,52.2261499,5.1746872,10.0,3634.0,21.0,4.18,12.0,48.0,357518080494826.0,32.0,0.0,1583855257.0,129.0,12.1,,EC 323
2020-03-10 15:47:43.648,mijnomgeving,357518080494982,1583855263648,1.0,52.2259929,5.1746755,6.0,13518.0,34.0,4.17,11.0,216.0,357518080494982.0,32.0,0.0,1583855260.0,133.0,12.36,,EC 326
2020-03-10 15:47:54.624,mijnomgeving,357518080495161,1583855274624,6.0,52.4995738,5.4521366,4.0,6465626.0,-65.0,4.2,10.0,54.0,357518080495161.0,32.0,0.0,1583855283.0,892.0,10.24,,EC 315
2020-03-10 15:48:22.887,mijnomgeving,357518080166754,1583855302887,3.0,52.3538987,4.9248533,5.0,21084347.0,-9.0,4.18,11.0,31.0,357518080166754.0,16.0,0.0,1583855310.0,1238.0,10.42,,EC 204
2020-03-10 15:48:28.107,mijnomgeving,357518080166887,1583855308107,29.0,52.3700582,4.9007586,7.0,11944878.0,-17.0,3.61,10.0,43.0,357518080166887.0,4.0,0.0,1583855303.0,40.0,13.33,,EC 200
2020-03-10 15:48:30.976,mijnomgeving,357518080163173,1583855310976,3.0,52.7219203,6.8191892,6.0,45013.0,-2.0,3.969999999999999,8.0,0.0,357518080163173.0,32.0,0.0,1583855308.0,510.0,9.8,,EC 231
2020-03-10 15:48:40.262,mijnomgeving,357518080164395,1583855320262,14.0,51.8979481,4.4226862,4.0,51323.0,-7.0,4.04,9.0,33.0,357518080164395.0,32.0,0.0,1583855318.0,741.0,10.16,,EC 241
2020-03-10 15:48:40.733,mijnomgeving,357518080495088,1583855320733,16.0,52.2281573,5.1748706,5.0,14190.0,80.0,3.89,24.0,42.0,357518080495088.0,32.0,3.0,1583855318.0,0.0,22.41,2.988,EC 321
2020-03-10 15:49:13.571,mijnomgeving,357518080330582,1583855353571,13.0,52.3728364,4.946001,5.0,19823.0,23.0,4.11,11.0,6.0,357518080330582.0,32.0,0.0,1583855351.0,1568.0,10.16,,EC 219
2020-03-10 15:49:25.904,mijnomgeving,357518080495088,1583855365904,1.0,52.2270649,5.1744609,6.0,14235.0,66.0,3.89,24.0,14.0,357518080495088.0,32.0,0.0,1583855363.0,0.0,22.41,2.988,EC 321
2020-03-10 15:50:26.066,mijnomgeving,357518080495088,1583855426066,1.0,52.2267051,5.1742319,6.0,14295.0,68.0,3.89,24.0,57.0,357518080495088.0,32.0,0.0,1583855423.0,1.0,22.41,3.041,EC 321
2020-03-10 15:51:26.221,mijnomgeving,357518080494859,1583855486221,1.0,52.5409449,5.5887925,6.0,63018.0,-11.0,4.18,10.0,4.0,357518080494859.0,32.0,0.0,1583855485.0,1777.0,10.6,,EC 302
2020-03-10 15:51:26.267,mijnomgeving,357518080495088,1583855486267,1.0,52.2263007,5.1743197,7.0,14355.0,33.0,3.89,24.0,11.0,357518080495088.0,32.0,0.0,1583855483.0,0.0,22.41,2.988,EC 321
2020-03-10 15:51:37.194,mijnomgeving,357518080494818,1583855497194,1.0,52.8090279,5.744893,5.0,24319.0,3.0,4.22,10.0,216.0,357518080494818.0,32.0,0.0,1583855494.0,1615.0,10.69,,EC 309
2020-03-10 15:51:41.777,mijnomgeving,357518080328131,1583855501777,16.0,52.3868348,4.9176872,4.0,81026.0,1.0,3.83,11.0,236.0,357518080328131.0,32.0,1.0,1583855503.0,46.0,12.45,,EC 230
2020-03-10 15:52:19.034,mijnomgeving,357518080332257,1583855539034,4.0,51.898316,4.4233653,5.0,71114.0,0.0,4.09,9.0,0.0,357518080332257.0,32.0,0.0,1583855534.0,533.0,9.98,,EC 240
2020-03-10 15:52:25.283,mijnomgeving,357518080495088,1583855545283,1.0,52.2265469,5.1742422,6.0,14415.0,59.0,3.89,24.0,9.0,357518080495088.0,32.0,0.0,1583855543.0,1.0,22.41,2.988,EC 321
2020-03-10 15:52:40.415,mijnomgeving,357518080171390,1583855560415,3.0,52.0317968,5.3036097,5.0,21715239.0,0.0,4.17,10.0,0.0,357518080171390.0,64.0,0.0,1583855569.0,834.0,10.69,,EC 202
2020-03-10 15:52:49.730,mijnomgeving,357518080494834,1583855569730,0.0,52.4256074,5.4205588,5.0,243018.0,-13.0,4.11,10.0,209.0,357518080494834.0,32.0,0.0,1583855565.0,1344.0,11.21,,EC 314
2020-03-10 15:52:57.119,mijnomgeving,357518080170889,1583855577119,2.0,52.0144357,4.2955143,5.0,133212.0,-1.0,4.189999999999999,8.0,252.0,357518080170889.0,32.0,1.0,1583855578.0,1275.0,12.98,,EC 236
2020-03-10 15:53:04.121,mijnomgeving,357518080330764,1583855584121,8.0,51.8209602,4.6110142,5.0,63918.0,49.0,3.94,10.0,203.0,357518080330764.0,32.0,0.0,1583855584.0,335.0,11.74,,EC 244
2020-03-10 15:53:06.489,mijnomgeving,357518080332265,1583855586489,5.0,52.3921461,4.937351,5.0,57615.0,-7.0,3.71,10.0,15.0,357518080332265.0,32.0,0.0,1583855585.0,1517.0,10.6,,EC 221
2020-03-10 15:53:26.444,mijnomgeving,357518080495088,1583855606444,1.0,52.2263936,5.1742708,7.0,14475.0,45.0,3.89,24.0,12.0,357518080495088.0,32.0,0.0,1583855603.0,0.0,22.41,3.041,EC 321
2020-03-10 15:53:26.507,mijnomgeving,357518080495187,1583855606507,1.0,52.6347607,5.8232052,4.0,262818.0,-11.0,4.25,12.0,17.0,357518080495187.0,32.0,5.0,1583855618.0,514.0,10.6,,EC 304
2020-03-10 15:54:10.835,mijnomgeving,357518080166663,1583855650835,28.0,51.898225,4.4233079,9.0,129638.0,-2.0,4.12,10.0,8.0,357518080166663.0,32.0,0.0,1583855652.0,733.0,9.89,,EC 243
2020-03-10 15:54:19.793,mijnomgeving,357518080200454,1583855659793,5.0,52.3311947,5.0624294,5.0,23527867.0,17.0,3.89,8.0,0.0,357518080200454.0,16.0,0.0,1583855668.0,6380.0,9.63,,EC Prototype 002
2020-03-10 15:54:26.411,mijnomgeving,357518080169006,1583855666411,3.0,,,,26113.0,,3.64,11.0,,357518080169006.0,32.0,,1583855665.0,762.0,11.57,,EC 213
2020-03-10 15:54:26.543,mijnomgeving,357518080495088,1583855666543,1.0,52.2262556,5.1743407,7.0,14535.0,25.0,3.89,24.0,7.0,357518080495088.0,32.0,0.0,1583855662.0,1.0,22.41,3.041,EC 321
2020-03-10 15:54:36.473,mijnomgeving,357518080495146,1583855676473,1.0,52.3869739,5.3121675,5.0,36918.0,-27.0,4.18,11.0,8.0,357518080495146.0,32.0,0.0,1583855672.0,1715.0,10.69,,EC 317
2020-03-10 15:54:44.514,mijnomgeving,357518080494875,1583855684514,1.0,52.6577835,5.6148159,5.0,66618.0,14.0,4.189999999999999,10.0,26.0,357518080494875.0,32.0,1.0,1583855683.0,1909.0,10.33,,EC 311
2020-03-10 15:54:44.577,mijnomgeving,357518080495526,1583855684577,15.0,52.2260772,5.1747154,5.0,15332.0,31.0,4.16,10.0,246.0,357518080495526.0,32.0,0.0,1583855682.0,135.0,12.36,,EC 327
2020-03-10 15:54:48.450,mijnomgeving,357518080495112,1583855688450,0.0,52.8374067,5.7140539,4.0,108017.0,-3.0,4.22,9.0,51.0,357518080495112.0,32.0,0.0,1583855689.0,1722.0,10.6,,EC 306
2020-03-10 15:55:08.563,mijnomgeving,357518080495070,1583855708563,1.0,52.2259752,5.1745959,5.0,11718.0,-10.0,4.03,22.0,9.0,357518080495070.0,32.0,0.0,1583855705.0,1.0,21.97,,EC 320
2020-03-10 15:55:29.221,mijnomgeving,357518080495088,1583855729221,1.0,52.2261234,5.1744143,5.0,14595.0,6.0,3.89,24.0,4.0,357518080495088.0,32.0,0.0,1583855723.0,1.0,22.41,3.041,EC 321
2020-03-10 15:55:32.942,mijnomgeving,357518080494909,1583855732942,1.0,52.2257214,5.1746839,7.0,438318.0,42.0,4.17,9.0,0.0,357518080494909.0,32.0,0.0,1583855750.0,111.0,12.45,,EC 329
2020-03-10 15:56:29.076,mijnomgeving,357518080495088,1583855789076,1.0,52.226862,5.1741279,5.0,14655.0,82.0,3.89,24.0,7.0,357518080495088.0,32.0,4.0,1583855783.0,1.0,22.41,3.041,EC 321
2020-03-10 15:56:29.115,mijnomgeving,357518080495203,1583855789115,1.0,52.226187,5.1746268,5.0,186318.0,17.0,4.17,10.0,10.0,357518080495203.0,32.0,0.0,1583855791.0,129.0,12.71,,EC 324
2020-03-10 15:56:29.323,mijnomgeving,357518080167000,1583855789323,14.0,52.1740226,5.0359924,4.0,141324.0,-9.0,4.13,8.0,4.0,357518080167000.0,32.0,0.0,1583855792.0,617.0,9.54,,EC 228
2020-03-10 15:56:30.824,mijnomgeving,357518080203151,1583855790824,4.0,52.4208361,4.8604571,7.0,21679238.0,-24.0,4.16,10.0,43.0,357518080203151.0,16.0,0.0,1583855792.0,86.0,10.16,,EC Prototype 001
2020-03-10 15:56:40.033,mijnomgeving,357518080494768,1583855800033,1.0,52.41661,5.2262781,6.0,151218.0,-26.0,4.21,10.0,41.0,357518080494768.0,32.0,2.0,1583855794.0,1660.0,10.42,,EC 305
2020-03-10 15:56:50.365,mijnomgeving,357518080168917,1583855810365,1.0,52.3406959,4.925583,5.0,21707165.0,-24.0,4.01,11.0,0.0,357518080168917.0,16.0,0.0,1583855818.0,12.0,13.42,,EC 209
2020-03-10 15:57:09.323,mijnomgeving,357518080497423,1583855829323,1.0,52.5229633,5.5903082,6.0,12618.0,-14.0,4.17,10.0,10.0,357518080497423.0,32.0,0.0,1583855824.0,2002.0,10.86,,EC 318
2020-03-10 15:57:29.372,mijnomgeving,357518080495088,1583855849372,1.0,52.2266777,5.1741962,5.0,14715.0,72.0,3.89,24.0,7.0,357518080495088.0,32.0,0.0,1583855843.0,1.0,22.41,2.988,EC 321
2020-03-10 15:57:59.517,mijnomgeving,357518080497639,1583855879517,1.0,52.659202,5.6608056,5.0,55818.0,-12.0,4.21,11.0,50.0,357518080497639.0,32.0,0.0,1583855876.0,2172.0,10.6,,EC 308
2020-03-10 15:58:12.454,mijnomgeving,357518080163405,1583855892454,4.0,52.3729835,4.9157534,4.0,60315.0,-18.0,4.14,9.0,0.0,357518080163405.0,32.0,0.0,1583855892.0,1651.0,9.89,,EC 226
2020-03-10 15:58:14.525,mijnomgeving,357518080495021,1583855894525,63.0,53.1566267,7.020974,6.0,1880.0,11.0,3.93,14.0,8.0,357518080495021.0,32.0,2.0,1583855890.0,1.0,15.0,,EC 325
2020-03-10 15:58:23.586,mijnomgeving,357518080495104,1583855903586,1.0,52.3374971,5.5376491,5.0,124217.0,8.0,4.13,12.0,52.0,357518080495104.0,32.0,0.0,1583855905.0,721.0,11.04,,EC 312
2020-03-10 15:58:28.131,mijnomgeving,357518080165368,1583855908131,21.0,52.3398208,4.9113366,6.0,20667680.0,27.0,3.77,10.0,204.0,357518080165368.0,16.0,0.0,1583855917.0,1197.0,10.42,,EC 208
2020-03-10 15:58:34.569,mijnomgeving,357518080494776,1583855914569,1.0,52.2261608,5.1746621,7.0,12618.0,12.0,4.17,10.0,8.0,357518080494776.0,32.0,0.0,1583855907.0,136.0,12.36,,EC 330
2020-03-10 15:58:34.605,mijnomgeving,357518080497662,1583855914605,1.0,52.2265638,5.1747096,6.0,14419.0,-19.0,4.21,12.0,8.0,357518080497662.0,32.0,1.0,1583855909.0,138.0,12.54,,EC 328
2020-03-10 15:58:34.692,mijnomgeving,357518080495088,1583855914692,1.0,52.2266703,5.1741303,6.0,14784.0,73.0,3.89,24.0,7.0,357518080495088.0,32.0,2.0,1583855912.0,0.0,22.41,3.041,EC 321
2020-03-10 15:58:51.572,mijnomgeving,357518080495682,1583855931572,0.0,52.5494851,5.5881342,6.0,84617.0,-26.0,4.2,10.0,42.0,357518080495682.0,32.0,0.0,1583855919.0,1508.0,11.3,,EC 316
2020-03-10 15:59:23.381,mijnomgeving,357518080166960,1583855963381,15.0,52.7138425,6.878895,9.0,180925.0,12.0,3.96,10.0,1.0,357518080166960.0,32.0,0.0,1583855967.0,541.0,10.16,,EC 232
2020-03-10 15:59:25.637,mijnomgeving,357518080495088,1583855965637,1.0,52.2266379,5.1742127,6.0,14835.0,61.0,3.89,24.0,7.0,357518080495088.0,32.0,0.0,1583855963.0,1.0,22.41,2.988,EC 321
2020-03-10 16:00:17.011,mijnomgeving,357518080495047,1583856017011,0.0,52.2260231,5.1746703,4.0,69318.0,28.0,4.17,11.0,4.0,357518080495047.0,32.0,0.0,1583856014.0,132.0,12.45,,EC 322
2020-03-10 16:00:23.063,mijnomgeving,357518080166580,1583856023063,6.0,52.360568,4.8159021,4.0,39616.0,4.0,4.05,10.0,0.0,357518080166580.0,32.0,0.0,1583856015.0,662.0,9.63,,EC 224
2020-03-10 16:00:39.231,mijnomgeving,357518080495088,1583856039231,1.0,52.2261181,5.1743362,5.0,14904.0,9.0,3.89,24.0,255.0,357518080495088.0,32.0,0.0,1583856032.0,1.0,22.41,3.041,EC 321
2020-03-10 16:01:02.633,mijnomgeving,357518080165475,1583856062633,2.0,52.372113,4.9251283,5.0,13211148.0,0.0,4.12,10.0,212.0,357518080165475.0,1.0,2.0,1583856080.0,1265.0,9.63,,EC 201
2020-03-10 16:01:04.145,mijnomgeving,357518080495120,1583856064145,20.0,52.3337684,5.3126228,9.0,13537.0,-7.0,4.18,11.0,207.0,357518080495120.0,32.0,0.0,1583856036.0,1501.0,10.24,,EC 303
2020-03-10 16:01:13.212,mijnomgeving,357518080495153,1583856073212,1.0,52.5790338,5.7567603,6.0,29718.0,-22.0,4.2,10.0,13.0,357518080495153.0,32.0,0.0,1583856070.0,2572.0,10.33,,EC 313
2020-03-10 16:01:26.214,mijnomgeving,357518080495088,1583856086214,1.0,52.2262488,5.174373,5.0,14955.0,13.0,3.89,24.0,6.0,357518080495088.0,32.0,0.0,1583856083.0,1.0,22.41,2.988,EC 321
2020-03-10 16:01:51.096,mijnomgeving,357518080495534,1583856111096,10.0,52.5326508,5.5929753,6.0,12628.0,-10.0,4.22,11.0,38.0,357518080495534.0,32.0,0.0,1583856106.0,1961.0,10.86,,EC 307
2020-03-10 16:02:13.389,mijnomgeving,357518080497696,1583856133389,1.0,52.517334,5.5096512,4.0,64817.0,17.0,4.18,10.0,48.0,357518080497696.0,32.0,0.0,1583856133.0,1030.0,10.33,,EC 319
2020-03-10 16:02:22.889,mijnomgeving,357518080163249,1583856142889,0.0,,,,42.0,,4.17,12.0,,357518080163249.0,32.0,,1583856131.0,408.0,11.3,,EC 212
2020-03-10 16:02:24.410,mijnomgeving,357518080494826,1583856144410,1.0,52.2261899,5.1747023,9.0,4518.0,29.0,4.18,12.0,13.0,357518080494826.0,32.0,0.0,1583856141.0,128.0,12.1,,EC 323
2020-03-10 16:02:25.377,mijnomgeving,357518080495088,1583856145377,1.0,52.2262558,5.1743338,5.0,15015.0,18.0,3.89,24.0,7.0,357518080495088.0,32.0,1.0,1583856143.0,1.0,22.41,3.041,EC 321
2020-03-10 16:02:44.527,mijnomgeving,357518080494982,1583856164527,1.0,52.2256132,5.1741874,5.0,14418.0,106.0,4.17,11.0,56.0,357518080494982.0,32.0,1.0,1583856160.0,132.0,12.36,,EC 326
2020-03-10 16:02:49.486,mijnomgeving,357518080495161,1583856169486,3.0,52.4995993,5.4526888,4.0,6466523.0,-8.0,4.2,10.0,49.0,357518080495161.0,32.0,1.0,1583856180.0,894.0,10.24,,EC 315
2020-03-10 16:03:23.874,mijnomgeving,357518080166580,1583856203874,0.0,52.3603651,4.8155725,7.0,42.0,2.0,4.04,10.0,0.0,357518080166580.0,32.0,0.0,1583856200.0,662.0,9.63,,EC 224
2020-03-10 16:03:24.023,mijnomgeving,357518080166754,1583856204023,3.0,52.3537988,4.9247981,4.0,21085247.0,-6.0,4.17,11.0,0.0,357518080166754.0,16.0,0.0,1583856210.0,1236.0,10.42,,EC 204
2020-03-10 16:03:28.834,mijnomgeving,357518080163173,1583856208834,2.0,52.7217347,6.819169,5.0,45912.0,9.0,3.96,8.0,11.0,357518080163173.0,32.0,0.0,1583856207.0,513.0,9.8,,EC 231
2020-03-10 16:03:29.343,mijnomgeving,357518080166887,1583856209343,32.0,52.3701212,4.9009589,7.0,11945781.0,5.0,3.61,10.0,198.0,357518080166887.0,4.0,0.0,1583856206.0,41.0,13.33,,EC 200
2020-03-10 16:03:34.610,mijnomgeving,357518080495088,1583856214610,1.0,52.2261448,5.1744248,5.0,15084.0,3.0,3.89,24.0,6.0,357518080495088.0,32.0,1.0,1583856212.0,1.0,22.41,3.041,EC 321
2020-03-10 16:03:48.121,mijnomgeving,357518080164395,1583856228121,21.0,51.8982268,4.4234203,5.0,52231.0,-1.0,4.04,9.0,0.0,357518080164395.0,32.0,0.0,1583856226.0,745.0,10.24,,EC 241
2020-03-10 16:04:17.923,mijnomgeving,357518080330582,1583856257923,17.0,52.3732242,4.9459664,5.0,20727.0,-2.0,4.11,12.0,7.0,357518080330582.0,32.0,0.0,1583856255.0,1536.0,10.16,,EC 219
2020-03-10 16:04:34.834,mijnomgeving,357518080495088,1583856274834,1.0,52.226106,5.1744265,5.0,15144.0,4.0,3.89,24.0,6.0,357518080495088.0,32.0,0.0,1583856272.0,1.0,22.41,2.988,EC 321
2020-03-10 16:05:26.094,mijnomgeving,357518080495088,1583856326094,1.0,52.2264026,5.1743749,5.0,15195.0,32.0,3.89,24.0,253.0,357518080495088.0,32.0,0.0,1583856323.0,2.0,22.41,2.988,EC 321
2020-03-10 16:06:26.187,mijnomgeving,357518080494859,1583856386187,1.0,52.5409624,5.5888404,6.0,63918.0,-9.0,4.17,10.0,203.0,357518080494859.0,32.0,0.0,1583856385.0,1775.0,10.6,,EC 302
2020-03-10 16:06:35.164,mijnomgeving,357518080495088,1583856395164,1.0,52.2261573,5.1744085,5.0,15264.0,5.0,3.89,24.0,6.0,357518080495088.0,32.0,1.0,1583856392.0,2.0,22.41,2.988,EC 321
2020-03-10 16:06:37.115,mijnomgeving,357518080494818,1583856397115,1.0,52.8091751,5.7451649,4.0,25219.0,-5.0,4.22,9.0,201.0,357518080494818.0,32.0,0.0,1583856394.0,1618.0,10.69,,EC 309
2020-03-10 16:06:47.399,mijnomgeving,357518080328131,1583856407399,22.0,52.3866579,4.9178545,4.0,81932.0,-2.0,3.83,10.0,0.0,357518080328131.0,32.0,0.0,1583856409.0,47.0,12.45,,EC 230
2020-03-10 16:07:26.776,mijnomgeving,357518080495088,1583856446776,1.0,52.2261193,5.174425,4.0,15315.0,5.0,3.89,24.0,2.0,357518080495088.0,32.0,0.0,1583856443.0,1.0,22.41,2.988,EC 321
2020-03-10 16:07:39.326,mijnomgeving,357518080171390,1583856459326,2.0,52.0319731,5.3036143,4.0,21716138.0,-7.0,4.17,10.0,0.0,357518080171390.0,64.0,0.0,1583856468.0,831.0,10.69,,EC 202
2020-03-10 16:07:39.798,mijnomgeving,357518080332257,1583856459798,28.0,51.898272,4.4233127,7.0,72038.0,4.0,4.1,9.0,0.0,357518080332257.0,32.0,0.0,1583856458.0,544.0,9.98,,EC 240
2020-03-10 16:08:00.359,mijnomgeving,357518080494834,1583856480359,0.0,52.4257596,5.4205433,5.0,243918.0,51.0,4.11,10.0,197.0,357518080494834.0,32.0,0.0,1583856465.0,1335.0,11.21,,EC 314
2020-03-10 16:08:05.232,mijnomgeving,357518080332265,1583856485232,4.0,52.3920519,4.9374609,5.0,58514.0,13.0,3.7,10.0,12.0,357518080332265.0,32.0,0.0,1583856484.0,1515.0,10.6,,EC 221
2020-03-10 16:08:17.647,mijnomgeving,357518080170889,1583856497647,24.0,52.014572,4.2956172,10.0,134133.0,0.0,4.189999999999999,7.0,20.0,357518080170889.0,32.0,0.0,1583856499.0,1332.0,13.07,,EC 236
2020-03-10 16:08:27.368,mijnomgeving,357518080495187,1583856507368,1.0,52.6351717,5.823086,4.0,263718.0,-29.0,4.25,12.0,48.0,357518080495187.0,32.0,0.0,1583856518.0,512.0,10.6,,EC 304
2020-03-10 16:08:35.364,mijnomgeving,357518080495088,1583856515364,1.0,52.226363,5.1743137,5.0,15384.0,25.0,3.89,24.0,5.0,357518080495088.0,32.0,0.0,1583856512.0,1.0,22.41,2.988,EC 321
2020-03-10 16:08:43.150,mijnomgeving,357518080166663,1583856523150,1.0,51.8983527,4.4231669,4.0,130511.0,-5.0,4.12,10.0,0.0,357518080166663.0,32.0,0.0,1583856525.0,739.0,9.98,,EC 243
2020-03-10 16:09:16.530,mijnomgeving,357518080330764,1583856556530,80.0,51.8209689,4.6108544,5.0,64890.0,-12.0,3.94,11.0,197.0,357518080330764.0,32.0,0.0,1583856556.0,331.0,11.74,,EC 244
2020-03-10 16:09:26.200,mijnomgeving,357518080169006,1583856566200,3.0,,,,27013.0,,3.64,11.0,,357518080169006.0,32.0,,1583856565.0,765.0,11.66,,EC 213
2020-03-10 16:09:26.881,mijnomgeving,357518080200454,1583856566881,12.0,52.3310956,5.0624815,5.0,23528775.0,-7.0,3.89,9.0,205.0,357518080200454.0,16.0,0.0,1583856575.0,6382.0,9.72,,EC Prototype 002
2020-03-10 16:09:27.673,mijnomgeving,357518080495088,1583856567673,1.0,52.2260907,5.1744181,4.0,15435.0,-7.0,3.89,24.0,3.0,357518080495088.0,32.0,0.0,1583856563.0,1.0,22.41,3.041,EC 321
2020-03-10 16:09:33.632,mijnomgeving,357518080495146,1583856573632,0.0,52.3869576,5.3122422,4.0,37817.0,-6.0,4.18,10.0,35.0,357518080495146.0,32.0,0.0,1583856571.0,1708.0,10.69,,EC 317
2020-03-10 16:09:49.655,mijnomgeving,357518080495526,1583856589655,19.0,52.2262307,5.17463,4.0,16237.0,3.0,4.15,10.0,249.0,357518080495526.0,32.0,0.0,1583856586.0,134.0,12.27,,EC 327
2020-03-10 16:10:11.071,mijnomgeving,357518080494875,1583856611071,26.0,52.6576416,5.6142093,4.0,67543.0,44.0,4.189999999999999,10.0,219.0,357518080494875.0,32.0,0.0,1583856608.0,1902.0,10.42,,EC 311
2020-03-10 16:10:11.130,mijnomgeving,357518080495112,1583856611130,23.0,52.8374428,5.7139334999999996,7.0,108939.0,-10.0,4.22,11.0,56.0,357518080495112.0,32.0,0.0,1583856611.0,1746.0,10.6,,EC 306
2020-03-10 16:10:24.222,mijnomgeving,357518080495070,1583856624222,8.0,52.225898,5.1742534,4.0,12634.0,-1.0,4.03,23.0,200.0,357518080495070.0,32.0,2.0,1583856621.0,0.0,21.88,,EC 320
2020-03-10 16:10:25.157,mijnomgeving,357518080495088,1583856625157,1.0,52.2261935,5.1743898,4.0,15495.0,9.0,3.89,24.0,5.0,357518080495088.0,32.0,0.0,1583856623.0,0.0,22.41,3.041,EC 321
2020-03-10 16:10:48.631,mijnomgeving,357518080494909,1583856648631,18.0,52.2260102,5.1747403,7.0,439235.0,46.0,4.17,9.0,32.0,357518080494909.0,32.0,0.0,1583856667.0,111.0,12.45,,EC 329
2020-03-10 16:11:26.310,mijnomgeving,357518080495088,1583856686310,1.0,52.2261142,5.1744279,4.0,15555.0,-3.0,3.89,24.0,3.0,357518080495088.0,32.0,0.0,1583856683.0,1.0,22.41,3.041,EC 321
2020-03-10 16:11:30.513,mijnomgeving,357518080203151,1583856690513,4.0,52.4208422,4.8600578,7.0,21680138.0,6.0,4.16,10.0,199.0,357518080203151.0,16.0,4.0,1583856692.0,85.0,10.16,,EC Prototype 001
2020-03-10 16:11:39.250,mijnomgeving,357518080495203,1583856699250,1.0,52.226061,5.1745857,5.0,187228.0,40.0,4.18,10.0,12.0,357518080495203.0,32.0,0.0,1583856701.0,129.0,12.71,,EC 324
2020-03-10 16:11:39.376,mijnomgeving,357518080167000,1583856699376,24.0,52.1739502,5.0359314,9.0,142234.0,-5.0,4.13,8.0,24.0,357518080167000.0,32.0,0.0,1583856702.0,617.0,9.54,,EC 228
2020-03-10 16:11:44.474,mijnomgeving,357518080494768,1583856704474,1.0,52.4165965,5.2263489,4.0,152118.0,0.0,4.21,11.0,197.0,357518080494768.0,32.0,3.0,1583856694.0,1663.0,10.42,,EC 305
2020-03-10 16:12:00.426,mijnomgeving,357518080168917,1583856720426,2.0,52.340656,4.9256617,5.0,21708067.0,0.0,4.01,10.0,22.0,357518080168917.0,16.0,0.0,1583856719.0,10.0,13.33,,EC 209
2020-03-10 16:12:15.554,mijnomgeving,357518080497423,1583856735554,1.0,52.5226896,5.5905526,4.0,13518.0,36.0,4.18,10.0,227.0,357518080497423.0,32.0,1.0,1583856724.0,2002.0,10.86,,EC 318
2020-03-10 16:12:30.616,mijnomgeving,357518080495088,1583856750616,1.0,52.2261102,5.174432,4.0,15615.0,3.0,3.89,24.0,6.0,357518080495088.0,32.0,0.0,1583856743.0,1.0,22.41,2.988,EC 321
2020-03-10 16:13:04.861,mijnomgeving,357518080495021,1583856784861,43.0,53.1567518,7.020767,4.0,2769.0,61.0,3.93,14.0,254.0,357518080495021.0,32.0,2.0,1583856779.0,0.0,15.0,,EC 325
2020-03-10 16:13:09.859,mijnomgeving,357518080497639,1583856789859,14.0,52.6591942,5.6608469,9.0,56731.0,-13.0,4.22,11.0,32.0,357518080497639.0,32.0,0.0,1583856789.0,2174.0,10.6,,EC 308
2020-03-10 16:13:29.958,mijnomgeving,357518080495104,1583856809958,0.0,52.337515,5.537975,4.0,125117.0,5.0,4.13,12.0,197.0,357518080495104.0,32.0,0.0,1583856805.0,721.0,11.04,,EC 312
2020-03-10 16:13:29.979,mijnomgeving,357518080495088,1583856809979,1.0,52.2261975,5.1743733,4.0,15675.0,12.0,3.89,24.0,6.0,357518080495088.0,32.0,0.0,1583856803.0,0.0,22.41,2.988,EC 321
2020-03-10 16:13:30.036,mijnomgeving,357518080494776,1583856810036,1.0,52.2259714,5.1747273,5.0,13518.0,43.0,4.17,10.0,36.0,357518080494776.0,32.0,0.0,1583856807.0,137.0,12.36,,EC 330
2020-03-10 16:13:34.900,mijnomgeving,357518080497662,1583856814900,1.0,52.2261906,5.1745969,6.0,15319.0,17.0,4.21,11.0,254.0,357518080497662.0,32.0,0.0,1583856809.0,139.0,12.54,,EC 328
2020-03-10 16:13:40.126,mijnomgeving,357518080163405,1583856820126,31.0,52.3729658,4.9160609,6.0,61242.0,7.0,4.14,9.0,251.0,357518080163405.0,32.0,0.0,1583856819.0,1654.0,9.89,,EC 226
2020-03-10 16:13:43.885,mijnomgeving,357518080495682,1583856823885,2.0,52.5495371,5.5883275,5.0,85518.0,-17.0,4.2,10.0,255.0,357518080495682.0,32.0,1.0,1583856820.0,1512.0,11.3,,EC 316
2020-03-10 16:13:45.023,mijnomgeving,357518080165368,1583856825023,31.0,52.3398395,4.9106537,7.0,20668590.0,-9.0,3.77,10.0,201.0,357518080165368.0,16.0,0.0,1583856827.0,1206.0,10.42,,EC 208
2020-03-10 16:14:36.086,mijnomgeving,357518080495088,1583856876086,1.0,52.226128,5.1743916,4.0,15744.0,3.0,3.89,24.0,3.0,357518080495088.0,32.0,0.0,1583856872.0,0.0,22.41,2.988,EC 321
2020-03-10 16:14:40.615,mijnomgeving,357518080166960,1583856880615,32.0,52.7136444,6.8789923,8.0,181842.0,36.0,3.96,10.0,0.0,357518080166960.0,32.0,0.0,1583856884.0,543.0,10.16,,EC 232
2020-03-10 16:15:17.060,mijnomgeving,357518080495047,1583856917060,0.0,52.2260325,5.1746884,4.0,70218.0,36.0,4.17,11.0,1.0,357518080495047.0,32.0,0.0,1583856914.0,132.0,12.45,,EC 322
2020-03-10 16:15:26.039,mijnomgeving,357518080495088,1583856926039,1.0,52.2261473,5.1744033,4.0,15795.0,12.0,3.89,24.0,12.0,357518080495088.0,32.0,0.0,1583856923.0,1.0,22.41,2.988,EC 321
2020-03-10 16:15:27.030,mijnomgeving,357518080495120,1583856927030,0.0,52.3337837,5.3126364,8.0,14418.0,0.0,4.18,10.0,31.0,357518080495120.0,32.0,0.0,1583856917.0,1506.0,10.24,,EC 303
2020-03-10 16:16:03.729,mijnomgeving,357518080165475,1583856963729,3.0,52.3717931,4.9258703,5.0,13212049.0,6.0,4.12,10.0,241.0,357518080165475.0,1.0,0.0,1583856981.0,1265.0,9.63,,EC 201
2020-03-10 16:16:15.157,mijnomgeving,357518080495153,1583856975157,2.0,52.5791867,5.7567245,6.0,30619.0,-95.0,4.2,10.0,6.0,357518080495153.0,32.0,3.0,1583856971.0,2569.0,10.33,,EC 313
2020-03-10 16:16:26.183,mijnomgeving,357518080495088,1583856986183,1.0,52.2263919,5.1743571,5.0,15855.0,41.0,3.89,24.0,251.0,357518080495088.0,32.0,0.0,1583856983.0,2.0,22.41,3.041,EC 321
2020-03-10 16:16:41.167,mijnomgeving,357518080495534,1583857001167,0.0,52.5326232,5.5930557,7.0,13518.0,-14.0,4.21,11.0,33.0,357518080495534.0,32.0,0.0,1583856996.0,1948.0,10.86,,EC 307
2020-03-10 16:16:44.898,mijnomgeving,357518080163249,1583857004898,2.0,,,,912.0,,4.17,11.0,,357518080163249.0,32.0,,1583857001.0,409.0,11.3,,EC 212
2020-03-10 16:17:25.219,mijnomgeving,357518080494826,1583857045219,1.0,52.2261757,5.174664,7.0,5418.0,18.0,4.18,11.0,252.0,357518080494826.0,32.0,0.0,1583857041.0,130.0,12.18,,EC 323
2020-03-10 16:17:26.174,mijnomgeving,357518080495088,1583857046174,1.0,52.2262428,5.1743662,4.0,15915.0,26.0,3.89,24.0,5.0,357518080495088.0,32.0,0.0,1583857043.0,2.0,22.41,3.041,EC 321
2020-03-10 16:17:40.241,mijnomgeving,357518080497696,1583857060241,25.0,52.5173221,5.5094908,4.0,65741.0,-5.0,4.17,11.0,221.0,357518080497696.0,32.0,0.0,1583857057.0,1029.0,10.33,,EC 319
2020-03-10 16:17:45.361,mijnomgeving,357518080494982,1583857065361,0.0,52.2258257,5.1748185,5.0,15318.0,51.0,4.17,11.0,203.0,357518080494982.0,32.0,2.0,1583857060.0,133.0,12.36,,EC 326
2020-03-10 16:17:57.798,mijnomgeving,357518080166580,1583857077798,3.0,52.360484,4.8150706,4.0,913.0,14.0,4.05,10.0,0.0,357518080166580.0,32.0,0.0,1583857071.0,664.0,9.63,,EC 224
2020-03-10 16:18:02.295,mijnomgeving,357518080495161,1583857082295,9.0,52.4994783,5.452094,4.0,6467429.0,-45.0,4.2,10.0,197.0,357518080495161.0,32.0,0.0,1583857086.0,897.0,10.24,,EC 315
2020-03-10 16:18:15.343,mijnomgeving,357518080166887,1583857095343,19.0,52.3701696,4.9010459,6.0,11946668.0,2.0,3.61,10.0,0.0,357518080166887.0,4.0,0.0,1583857093.0,40.0,13.33,,EC 200
2020-03-10 16:18:30.350,mijnomgeving,357518080163173,1583857110350,3.0,52.7216541,6.8191304,4.0,46813.0,6.0,3.96,9.0,3.0,357518080163173.0,32.0,0.0,1583857108.0,511.0,9.89,,EC 231
2020-03-10 16:18:33.636,mijnomgeving,357518080164395,1583857113636,3.0,51.8984595,4.4244936,6.0,53113.0,-75.0,4.04,9.0,199.0,357518080164395.0,32.0,1.0,1583857107.0,756.0,10.24,,EC 241
2020-03-10 16:18:35.322,mijnomgeving,357518080495088,1583857115322,1.0,52.2261786,5.1743931,5.0,15984.0,15.0,3.89,24.0,6.0,357518080495088.0,32.0,0.0,1583857112.0,0.0,22.41,3.041,EC 321
2020-03-10 16:19:08.020,mijnomgeving,357518080330582,1583857148020,8.0,52.3732599,4.9461517,4.0,21617.0,-21.0,4.11,12.0,8.0,357518080330582.0,32.0,3.0,1583857145.0,1484.0,10.16,,EC 219
2020-03-10 16:19:35.597,mijnomgeving,357518080495088,1583857175597,1.0,52.2261551,5.1743338,4.0,16044.0,9.0,3.89,24.0,2.0,357518080495088.0,32.0,0.0,1583857172.0,0.0,22.41,2.988,EC 321
2020-03-10 16:20:26.655,mijnomgeving,357518080495088,1583857226655,1.0,52.2261634,5.1743887,4.0,16095.0,10.0,3.89,24.0,21.0,357518080495088.0,32.0,0.0,1583857223.0,2.0,22.41,3.041,EC 321
2020-03-10 16:21:26.692,mijnomgeving,357518080494859,1583857286692,0.0,52.5409325,5.588796,5.0,64818.0,-13.0,4.18,10.0,22.0,357518080494859.0,32.0,0.0,1583857285.0,1764.0,10.69,,EC 302
2020-03-10 16:21:26.749,mijnomgeving,357518080495088,1583857286749,1.0,52.2262628,5.1743862,5.0,16155.0,27.0,3.89,24.0,3.0,357518080495088.0,32.0,0.0,1583857283.0,1.0,22.32,2.988,EC 321
2020-03-10 16:21:36.684,mijnomgeving,357518080328131,1583857296684,11.0,52.3867475,4.9178315,4.0,82821.0,-11.0,3.83,10.0,32.0,357518080328131.0,32.0,4.0,1583857298.0,47.0,12.45,,EC 230
2020-03-10 16:21:45.675,mijnomgeving,357518080494818,1583857305675,9.0,52.8090129,5.7449204,4.0,26127.0,-43.0,4.22,10.0,56.0,357518080494818.0,32.0,0.0,1583857302.0,1613.0,10.69,,EC 309
2020-03-10 16:22:12.629,mijnomgeving,357518080332257,1583857332629,1.0,51.8981918,4.4232328,5.0,72911.0,-6.0,4.09,9.0,10.0,357518080332257.0,32.0,0.0,1583857331.0,535.0,9.98,,EC 240
2020-03-10 16:22:26.766,mijnomgeving,357518080495088,1583857346766,1.0,52.2261238,5.1743848,5.0,16215.0,11.0,3.89,24.0,0.0,357518080495088.0,32.0,0.0,1583857343.0,0.0,22.32,3.041,EC 321
2020-03-10 16:22:45.570,mijnomgeving,357518080171390,1583857365570,8.0,52.0318947,5.3035391,4.0,21717044.0,-2.0,4.17,10.0,197.0,357518080171390.0,64.0,0.0,1583857374.0,833.0,10.69,,EC 202
2020-03-10 16:22:56.706,mijnomgeving,357518080170889,1583857376706,2.0,52.0146035,4.2954703,7.0,135012.0,0.0,4.189999999999999,7.0,0.0,357518080170889.0,32.0,0.0,1583857378.0,1270.0,13.15,,EC 236
2020-03-10 16:23:04.367,mijnomgeving,357518080332265,1583857384367,3.0,52.3922315,4.9373352,4.0,59413.0,5.0,3.71,10.0,0.0,357518080332265.0,32.0,0.0,1583857383.0,1516.0,10.6,,EC 221
2020-03-10 16:23:16.271,mijnomgeving,357518080330764,1583857396271,14.0,51.820923,4.6105481,5.0,65724.0,-23.0,3.94,10.0,0.0,357518080330764.0,32.0,0.0,1583857390.0,317.0,11.74,,EC 244
2020-03-10 16:23:26.814,mijnomgeving,357518080495088,1583857406814,1.0,52.2261144,5.1743972,4.0,16275.0,10.0,3.89,24.0,242.0,357518080495088.0,32.0,0.0,1583857403.0,1.0,22.32,2.988,EC 321
2020-03-10 16:23:27.762,mijnomgeving,357518080495187,1583857407762,1.0,52.6353785,5.8235934,4.0,264618.0,-7.0,4.25,12.0,46.0,357518080495187.0,32.0,3.0,1583857418.0,506.0,10.69,,EC 304
2020-03-10 16:23:35.074,mijnomgeving,357518080494834,1583857415074,0.0,52.4255216,5.4208712,5.0,244818.0,-28.0,4.11,10.0,54.0,357518080494834.0,32.0,0.0,1583857365.0,1345.0,11.21,,EC 314
2020-03-10 16:24:26.968,mijnomgeving,357518080495088,1583857466968,1.0,52.2261431,5.1743522,4.0,16335.0,14.0,3.89,24.0,255.0,357518080495088.0,32.0,0.0,1583857463.0,0.0,22.32,2.988,EC 321
2020-03-10 16:24:31.788,mijnomgeving,357518080200454,1583857471788,16.0,52.3314698,5.0628481,4.0,23529678.0,13.0,3.89,9.0,0.0,357518080200454.0,16.0,0.0,1583857479.0,6390.0,9.72,,EC Prototype 002
2020-03-10 16:24:31.801,mijnomgeving,357518080166663,1583857471801,1.0,51.8982307,4.4232842,6.0,131411.0,-6.0,4.12,9.0,50.0,357518080166663.0,32.0,0.0,1583857425.0,729.0,9.98,,EC 243
2020-03-10 16:24:36.914,mijnomgeving,357518080495146,1583857476914,3.0,52.3869283,5.3119299,4.0,38720.0,5.0,4.18,11.0,201.0,357518080495146.0,32.0,2.0,1583857474.0,1712.0,10.69,,EC 317
2020-03-10 16:24:38.921,mijnomgeving,357518080495526,1583857478921,9.0,52.2258199,5.1746858,4.0,17126.0,122.0,4.15,10.0,5.0,357518080495526.0,32.0,0.0,1583857476.0,133.0,12.36,,EC 327
2020-03-10 16:24:47.478,mijnomgeving,357518080169006,1583857487478,24.0,,,,27934.0,,3.64,11.0,,357518080169006.0,32.0,,1583857486.0,762.0,11.66,,EC 213
2020-03-10 16:24:48.901,mijnomgeving,357518080495112,1583857488901,0.0,52.8374018,5.714016,7.0,109817.0,17.0,4.22,10.0,202.0,357518080495112.0,32.0,0.0,1583857489.0,1740.0,10.6,,EC 306
2020-03-10 16:25:12.983,mijnomgeving,357518080494875,1583857512983,30.0,52.6581746,5.6145992,5.0,68447.0,101.0,4.189999999999999,11.0,57.0,357518080494875.0,32.0,0.0,1583857512.0,1904.0,10.42,,EC 311
2020-03-10 16:25:29.015,mijnomgeving,357518080495070,1583857529015,12.0,52.2260606,5.1744285,4.0,13538.0,0.0,4.03,23.0,0.0,357518080495070.0,32.0,0.0,1583857525.0,2.0,21.79,,EC 320
2020-03-10 16:25:35.221,mijnomgeving,357518080494909,1583857535221,4.0,52.2260679,5.1746651,5.0,440121.0,28.0,4.17,9.0,49.0,357518080494909.0,32.0,0.0,1583857553.0,112.0,12.45,,EC 329
2020-03-10 16:25:35.976,mijnomgeving,357518080495088,1583857535976,1.0,52.2261542,5.1744043,4.0,16404.0,17.0,3.89,24.0,2.0,357518080495088.0,32.0,0.0,1583857532.0,1.0,22.32,2.988,EC 321
2020-03-10 16:26:17.483,mijnomgeving,357518080167000,1583857577483,2.0,52.1739332,5.0358702,7.0,143112.0,-7.0,4.13,8.0,0.0,357518080167000.0,32.0,0.0,1583857580.0,619.0,9.54,,EC 228
2020-03-10 16:26:25.199,mijnomgeving,357518080495088,1583857585199,1.0,52.2260653,5.174365,4.0,16455.0,3.0,3.89,24.0,238.0,357518080495088.0,32.0,0.0,1583857583.0,1.0,22.32,2.988,EC 321
2020-03-10 16:26:30.741,mijnomgeving,357518080203151,1583857590741,4.0,52.4209028,4.8601776,5.0,21681038.0,9.0,4.16,9.0,0.0,357518080203151.0,16.0,0.0,1583857592.0,85.0,10.16,,EC Prototype 001
2020-03-10 16:26:41.239,mijnomgeving,357518080495203,1583857601239,15.0,52.2261166,5.1747327,6.0,188132.0,49.0,4.17,10.0,43.0,357518080495203.0,32.0,0.0,1583857605.0,130.0,12.71,,EC 324
2020-03-10 16:26:51.223,mijnomgeving,357518080494768,1583857611223,12.0,52.4163663,5.2269697,5.0,153029.0,5.0,4.21,11.0,209.0,357518080494768.0,32.0,0.0,1583857605.0,1657.0,10.42,,EC 305
2020-03-10 16:26:54.518,mijnomgeving,357518080168917,1583857614518,5.0,52.3396465,4.9267323,4.0,21708970.0,511.0,4.01,10.0,253.0,357518080168917.0,16.0,1.0,1583857623.0,9.0,13.33,,EC 209
2020-03-10 16:27:12.012,mijnomgeving,357518080497423,1583857632012,0.0,52.5227028,5.5907083,4.0,14418.0,5.0,4.18,10.0,253.0,357518080497423.0,32.0,0.0,1583857624.0,1999.0,10.86,,EC 318
2020-03-10 16:27:28.061,mijnomgeving,357518080495088,1583857648061,1.0,52.2261499,5.1743597,4.0,16515.0,11.0,3.89,24.0,230.0,357518080495088.0,32.0,0.0,1583857643.0,1.0,22.23,3.041,EC 321
2020-03-10 16:27:57.040,mijnomgeving,357518080497639,1583857677040,0.0,52.6591511,5.6608372,8.0,57618.0,-11.0,4.22,10.0,11.0,357518080497639.0,32.0,0.0,1583857676.0,2171.0,10.6,,EC 308
2020-03-10 16:28:12.420,mijnomgeving,357518080163405,1583857692420,3.0,52.3725242,4.9162669999999995,4.0,62114.0,90.0,4.13,9.0,0.0,357518080163405.0,32.0,0.0,1583857691.0,1660.0,9.89,,EC 226
2020-03-10 16:28:21.470,mijnomgeving,357518080165368,1583857701470,20.0,52.3396842,4.9109721,5.0,20669479.0,28.0,3.77,10.0,14.0,357518080165368.0,16.0,0.0,1583857716.0,1219.0,10.33,,EC 208
2020-03-10 16:28:27.073,mijnomgeving,357518080495088,1583857707073,1.0,52.2261488,5.1743803,4.0,16575.0,13.0,3.89,24.0,229.0,357518080495088.0,32.0,0.0,1583857703.0,2.0,22.23,3.041,EC 321
2020-03-10 16:28:31.143,mijnomgeving,357518080494776,1583857711143,0.0,52.2258719,5.1748513,5.0,14418.0,73.0,4.17,10.0,1.0,357518080494776.0,32.0,0.0,1583857707.0,138.0,12.36,,EC 330
2020-03-10 16:28:57.101,mijnomgeving,357518080497662,1583857737101,25.0,52.2259247,5.1748178,7.0,16243.0,75.0,4.21,12.0,209.0,357518080497662.0,32.0,0.0,1583857733.0,138.0,12.54,,EC 328
2020-03-10 16:29:03.114,mijnomgeving,357518080495104,1583857743114,16.0,52.3374372,5.5374306,8.0,126034.0,-1.0,4.13,12.0,50.0,357518080495104.0,32.0,0.0,1583857722.0,717.0,11.13,,EC 312
2020-03-10 16:29:04.055,mijnomgeving,357518080495682,1583857744055,0.0,52.5493451,5.5885812999999995,5.0,86418.0,-60.0,4.2,10.0,200.0,357518080495682.0,32.0,0.0,1583857720.0,1518.0,11.3,,EC 316
2020-03-10 16:29:14.124,mijnomgeving,357518080495021,1583857754124,255.0,2.55e-05,2.55e-05,0.0,3738.0,0.0,3.92,15.0,0.0,357518080495021.0,32.0,0.0,1583857748.0,0.0,15.0,,EC 325
2020-03-10 16:29:26.125,mijnomgeving,357518080495088,1583857766125,1.0,52.226129,5.1743945,4.0,16635.0,5.0,3.89,24.0,237.0,357518080495088.0,32.0,0.0,1583857763.0,1.0,22.23,2.988,EC 321
2020-03-10 16:30:15.207,mijnomgeving,357518080495047,1583857815207,1.0,52.2261349,5.1747307,4.0,71118.0,26.0,4.18,11.0,251.0,357518080495047.0,32.0,0.0,1583857814.0,133.0,12.45,,EC 322
2020-03-10 16:30:27.209,mijnomgeving,357518080495120,1583857827209,0.0,52.333818,5.3126581999999996,8.0,15318.0,-1.0,4.189999999999999,10.0,14.0,357518080495120.0,32.0,0.0,1583857817.0,1499.0,10.33,,EC 303
2020-03-10 16:31:06.470,mijnomgeving,357518080165475,1583857866470,5.0,52.3718371,4.9256402,4.0,13212951.0,-4.0,4.12,10.0,228.0,357518080165475.0,1.0,0.0,1583857883.0,1267.0,9.63,,EC 201
2020-03-10 16:31:08.553,mijnomgeving,357518080166960,1583857868553,255.0,2.55e-05,2.55e-05,0.0,182830.0,0.0,3.96,10.0,0.0,357518080166960.0,32.0,0.0,1583857872.0,543.0,10.16,,EC 232
2020-03-10 16:31:21.377,mijnomgeving,357518080495153,1583857881377,10.0,52.5793513,5.7566302,4.0,31527.0,-148.0,4.2,10.0,0.0,357518080495153.0,32.0,0.0,1583857879.0,2570.0,10.33,,EC 313
2020-03-10 16:31:43.363,mijnomgeving,357518080495534,1583857903363,0.0,52.5326591,5.5929659,6.0,14418.0,-11.0,4.22,11.0,10.0,357518080495534.0,32.0,0.0,1583857896.0,1945.0,10.86,,EC 307
2020-03-10 16:32:00.545,mijnomgeving,357518080163249,1583857920545,3.0,,,,1812.0,,4.17,11.0,,357518080163249.0,32.0,,1583857901.0,409.0,11.3,,EC 212
2020-03-10 16:32:15.444,mijnomgeving,357518080497696,1583857935444,0.0,52.5171149,5.5099350000000005,4.0,66617.0,24.0,4.17,10.0,238.0,357518080497696.0,32.0,1.0,1583857933.0,1029.0,10.33,,EC 319
2020-03-10 16:32:25.395,mijnomgeving,357518080494826,1583857945395,1.0,52.2261693,5.1746476,6.0,6318.0,0.0,4.18,11.0,37.0,357518080494826.0,32.0,0.0,1583857941.0,131.0,12.18,,EC 323
2020-03-10 16:32:35.377,mijnomgeving,357518080495088,1583857955377,255.0,2.55e-05,2.55e-05,0.0,16824.0,0.0,3.89,24.0,0.0,357518080495088.0,32.0,0.0,1583857952.0,0.0,22.23,3.041,EC 321
2020-03-10 16:32:55.316,mijnomgeving,357518080166580,1583857975316,4.0,52.3603446,4.8155344,5.0,1814.0,-28.0,4.05,10.0,0.0,357518080166580.0,32.0,0.0,1583857972.0,666.0,9.63,,EC 224
2020-03-10 16:33:07.418,mijnomgeving,357518080494982,1583857987418,25.0,52.226151,5.174656,7.0,16242.0,19.0,4.17,12.0,46.0,357518080494982.0,32.0,0.0,1583857984.0,133.0,12.36,,EC 326
2020-03-10 16:33:11.417,mijnomgeving,357518080495161,1583857991417,23.0,52.4996826,5.4528924,4.0,6468343.0,0.0,4.2,11.0,59.0,357518080495161.0,32.0,0.0,1583858000.0,897.0,10.24,,EC 315
2020-03-10 16:33:29.984,mijnomgeving,357518080164395,1583858009984,3.0,51.8983218,4.4236602,5.0,54013.0,-24.0,4.04,9.0,206.0,357518080164395.0,32.0,0.0,1583858008.0,770.0,10.24,,EC 241
2020-03-10 16:33:48.042,mijnomgeving,357518080163173,1583858028042,21.0,52.7217506,6.8192777,6.0,47731.0,46.0,3.96,9.0,12.0,357518080163173.0,32.0,0.0,1583858026.0,512.0,9.89,,EC 231
2020-03-10 16:35:15.420,mijnomgeving,357518080330582,1583858115420,58.0,52.3730938,4.9461336,5.0,22567.0,-3.0,4.1,12.0,247.0,357518080330582.0,32.0,0.0,1583858095.0,1490.0,10.16,,EC 219
2020-03-10 16:35:24.955,mijnomgeving,357518080495088,1583858124955,255.0,2.55e-05,2.55e-05,0.0,16995.0,0.0,3.89,24.0,0.0,357518080495088.0,32.0,0.0,1583858123.0,1.0,22.06,2.988,EC 321
2020-03-10 16:36:25.049,mijnomgeving,357518080494859,1583858185049,1.0,52.5409973,5.5888713,4.0,65717.0,5.0,4.17,10.0,29.0,357518080494859.0,32.0,0.0,1583858184.0,1756.0,10.69,,EC 302
2020-03-10 16:36:38.769,mijnomgeving,357518080328131,1583858198769,13.0,52.3865438,4.9179282,4.0,83723.0,9.0,3.8200000000000003,10.0,2.0,357518080328131.0,32.0,2.0,1583858200.0,47.0,12.45,,EC 230
2020-03-10 16:37:01.041,mijnomgeving,357518080494818,1583858221041,25.0,52.8091948,5.7452815,6.0,27043.0,31.0,4.23,11.0,201.0,357518080494818.0,32.0,0.0,1583858218.0,1610.0,10.69,,EC 309
2020-03-10 16:37:13.248,mijnomgeving,357518080332257,1583858233248,2.0,51.898376,4.423584,5.0,73812.0,14.0,4.09,9.0,41.0,357518080332257.0,32.0,0.0,1583858232.0,536.0,9.98,,EC 240
2020-03-10 16:37:49.054,mijnomgeving,357518080494834,1583858269054,14.0,52.4255335,5.4206072,6.0,245731.0,-37.0,4.11,10.0,203.0,357518080494834.0,32.0,0.0,1583858278.0,1327.0,11.21,,EC 314
2020-03-10 16:37:58.782,mijnomgeving,357518080170889,1583858278782,4.0,52.0144291,4.295711,5.0,135914.0,-9.0,4.189999999999999,8.0,0.0,357518080170889.0,32.0,0.0,1583858280.0,389.0,13.24,,EC 236
2020-03-10 16:38:09.407,mijnomgeving,357518080171390,1583858289407,32.0,52.0319285,5.3035292,6.0,21717968.0,-11.0,4.17,11.0,204.0,357518080171390.0,64.0,0.0,1583858298.0,829.0,10.69,,EC 202
2020-03-10 16:38:10.058,mijnomgeving,357518080330764,1583858290058,14.0,51.8211446,4.6118191,4.0,66624.0,49.0,3.94,11.0,39.0,357518080330764.0,32.0,0.0,1583858290.0,327.0,11.74,,EC 244
2020-03-10 16:38:13.274,mijnomgeving,357518080332265,1583858293274,4.0,52.3919326,4.9374656,4.0,60314.0,73.0,3.7,10.0,219.0,357518080332265.0,32.0,0.0,1583858284.0,1518.0,10.6,,EC 221
2020-03-10 16:38:28.103,mijnomgeving,357518080495088,1583858308103,255.0,2.55e-05,2.55e-05,0.0,17175.0,0.0,3.89,24.0,0.0,357518080495088.0,32.0,0.0,1583858303.0,1.0,21.97,2.988,EC 321
2020-03-10 16:38:40.125,mijnomgeving,357518080495187,1583858320125,15.0,52.6353696,5.8235691,5.0,265532.0,8.0,4.25,12.0,41.0,357518080495187.0,32.0,0.0,1583858332.0,505.0,10.69,,EC 304
2020-03-10 16:38:47.419,mijnomgeving,357518080166663,1583858327419,1.0,51.8982087,4.423351,4.0,132311.0,-9.0,4.12,10.0,0.0,357518080166663.0,32.0,0.0,1583858325.0,736.0,9.98,,EC 243
2020-03-10 16:39:26.203,mijnomgeving,357518080169006,1583858366203,3.0,,,,28813.0,,3.64,11.0,,357518080169006.0,32.0,,1583858365.0,768.0,11.66,,EC 213
2020-03-10 16:39:41.165,mijnomgeving,357518080200454,1583858381165,27.0,52.3312641,5.0624074,7.0,23530589.0,5.0,3.89,9.0,15.0,357518080200454.0,16.0,0.0,1583858390.0,6412.0,9.72,,EC Prototype 002
2020-03-10 16:39:44.203,mijnomgeving,357518080495146,1583858384203,12.0,52.3868838,5.3117957,4.0,39629.0,21.0,4.17,11.0,213.0,357518080495146.0,32.0,2.0,1583858383.0,1709.0,10.69,,EC 317
2020-03-10 16:39:47.206,mijnomgeving,357518080495112,1583858387206,1.0,52.8374607,5.7139723,5.0,110717.0,-9.0,4.22,9.0,247.0,357518080495112.0,32.0,0.0,1583858389.0,1741.0,10.6,,EC 306
2020-03-10 16:39:49.202,mijnomgeving,357518080495526,1583858389202,20.0,52.226119,5.1748074,7.0,18037.0,-3.0,4.15,10.0,230.0,357518080495526.0,32.0,0.0,1583858387.0,136.0,12.36,,EC 327
2020-03-10 16:40:11.246,mijnomgeving,357518080494875,1583858411246,28.0,52.6578516,5.6147253,6.0,69345.0,39.0,4.2,10.0,53.0,357518080494875.0,32.0,0.0,1583858410.0,1909.0,10.42,,EC 311
2020-03-10 16:40:32.384,mijnomgeving,357518080494909,1583858432384,1.0,52.226049,5.1747018,4.0,441018.0,36.0,4.17,8.0,217.0,357518080494909.0,32.0,2.0,1583858450.0,113.0,12.45,,EC 329
2020-03-10 16:41:17.637,mijnomgeving,357518080167000,1583858477637,2.0,52.1739663,5.0359087,5.0,144012.0,1.0,4.13,8.0,198.0,357518080167000.0,32.0,0.0,1583858480.0,617.0,9.54,,EC 228
2020-03-10 16:41:25.535,mijnomgeving,357518080495203,1583858485535,0.0,52.2261151,5.1746666,5.0,189018.0,25.0,4.17,10.0,233.0,357518080495203.0,32.0,0.0,1583858490.0,131.0,12.71,,EC 324
2020-03-10 16:41:25.605,mijnomgeving,357518080495088,1583858485605,255.0,2.55e-05,2.55e-05,0.0,17355.0,0.0,3.89,24.0,0.0,357518080495088.0,32.0,0.0,1583858483.0,2.0,21.97,3.041,EC 321
2020-03-10 16:41:31.976,mijnomgeving,357518080203151,1583858491976,5.0,52.4211301,4.8604667,5.0,21681939.0,48.0,4.16,9.0,12.0,357518080203151.0,16.0,0.0,1583858493.0,86.0,10.16,,EC Prototype 001
2020-03-10 16:42:02.610,mijnomgeving,357518080494768,1583858522610,31.0,52.4167429,5.2267267,4.0,153948.0,29.0,4.21,11.0,197.0,357518080494768.0,32.0,0.0,1583858524.0,1660.0,10.42,,EC 305
2020-03-10 16:42:06.476,mijnomgeving,357518080495070,1583858526476,255.0,2.55e-05,2.55e-05,0.0,14538.0,0.0,4.03,24.0,0.0,357518080495070.0,32.0,0.0,1583858524.0,1.0,21.53,,EC 320
2020-03-10 16:42:11.146,mijnomgeving,357518080168917,1583858531146,22.0,52.3406885,4.925629,6.0,21709886.0,13.0,4.01,10.0,3.0,357518080168917.0,16.0,0.0,1583858539.0,6.0,13.42,,EC 209
2020-03-10 16:42:26.558,mijnomgeving,357518080497423,1583858546558,13.0,52.523096,5.5898655,4.0,15330.0,-46.0,4.18,11.0,214.0,357518080497423.0,32.0,0.0,1583858536.0,1997.0,10.86,,EC 318
2020-03-10 16:43:00.550,mijnomgeving,357518080497639,1583858580550,1.0,52.6592363,5.6608325,7.0,58518.0,1.0,4.22,10.0,19.0,357518080497639.0,32.0,0.0,1583858576.0,2169.0,10.6,,EC 308
2020-03-10 16:43:15.167,mijnomgeving,357518080163405,1583858595167,6.0,52.3729052,4.9159879,4.0,63017.0,11.0,4.14,9.0,0.0,357518080163405.0,32.0,0.0,1583858594.0,1658.0,9.89,,EC 226
2020-03-10 16:43:23.566,mijnomgeving,357518080495104,1583858603566,1.0,52.3376939,5.5374844,8.0,126918.0,7.0,4.13,12.0,16.0,357518080495104.0,32.0,0.0,1583858606.0,717.0,11.13,,EC 312
2020-03-10 16:43:31.752,mijnomgeving,357518080494776,1583858611752,2.0,52.2259976,5.1748929,4.0,15319.0,77.0,4.17,10.0,1.0,357518080494776.0,32.0,0.0,1583858608.0,137.0,12.36,,EC 330
2020-03-10 16:43:31.789,mijnomgeving,357518080497662,1583858611789,0.0,52.2260887,5.174715,7.0,17119.0,33.0,4.21,11.0,0.0,357518080497662.0,32.0,0.0,1583858609.0,139.0,12.54,,EC 328
2020-03-10 16:43:48.401,mijnomgeving,357518080165368,1583858628401,34.0,52.3400268,4.9106259,5.0,20670393.0,-61.0,3.77,10.0,247.0,357518080165368.0,16.0,0.0,1583858630.0,1219.0,10.42,,EC 208
2020-03-10 16:44:08.598,mijnomgeving,357518080495682,1583858648598,10.0,52.5494794,5.5882605,7.0,87344.0,-15.0,4.2,11.0,12.0,357518080495682.0,32.0,0.0,1583858646.0,1509.0,11.3,,EC 316
2020-03-10 16:44:11.585,mijnomgeving,357518080495021,1583858651585,255.0,2.55e-05,2.55e-05,0.0,4638.0,0.0,3.92,15.0,0.0,357518080495021.0,32.0,0.0,1583858648.0,0.0,15.09,,EC 325
2020-03-10 16:44:37.680,mijnomgeving,357518080495088,1583858677680,255.0,2.55e-05,2.55e-05,0.0,17544.0,0.0,3.88,24.0,0.0,357518080495088.0,32.0,0.0,1583858672.0,0.0,21.88,3.041,EC 321
2020-03-10 16:45:14.650,mijnomgeving,357518080495047,1583858714650,1.0,52.2261117,5.1747015,4.0,72018.0,23.0,4.17,10.0,241.0,357518080495047.0,32.0,0.0,1583858714.0,132.0,12.45,,EC 322
2020-03-10 16:45:19.625,mijnomgeving,357518080495120,1583858719625,1.0,52.3337813,5.3126458,7.0,16218.0,3.0,4.189999999999999,10.0,0.0,357518080495120.0,32.0,0.0,1583858717.0,1505.0,10.24,,EC 303
2020-03-10 16:46:04.173,mijnomgeving,357518080165475,1583858764173,3.0,52.3719156,4.925394,4.0,13213849.0,15.0,4.12,10.0,241.0,357518080165475.0,1.0,0.0,1583858781.0,1270.0,9.63,,EC 201
2020-03-10 16:46:09.691,mijnomgeving,357518080166960,1583858769691,255.0,2.55e-05,2.55e-05,0.0,183730.0,0.0,3.96,10.0,0.0,357518080166960.0,32.0,0.0,1583858772.0,542.0,10.16,,EC 232
2020-03-10 16:46:39.023,mijnomgeving,357518080495534,1583858799023,1.0,52.5324172,5.5927682,6.0,15318.0,-66.0,4.22,11.0,31.0,357518080495534.0,32.0,0.0,1583858796.0,1935.0,10.86,,EC 307
2020-03-10 16:46:39.062,mijnomgeving,357518080495153,1583858799062,28.0,52.5789898,5.7568594,5.0,32445.0,-32.0,4.2,11.0,10.0,357518080495153.0,32.0,0.0,1583858797.0,2566.0,10.33,,EC 313
2020-03-10 16:46:44.263,mijnomgeving,357518080163249,1583858804263,2.0,,,,2712.0,,4.17,11.0,,357518080163249.0,32.0,,1583858801.0,475.0,11.21,,EC 212
2020-03-10 16:47:23.861,mijnomgeving,357518080494826,1583858843861,0.0,52.2261606,5.17469,6.0,7217.0,16.0,4.18,11.0,13.0,357518080494826.0,32.0,0.0,1583858840.0,129.0,12.18,,EC 323
2020-03-10 16:47:26.823,mijnomgeving,357518080495088,1583858846823,255.0,2.55e-05,2.55e-05,0.0,17715.0,0.0,3.89,24.0,0.0,357518080495088.0,32.0,0.0,1583858843.0,1.0,21.88,3.041,EC 321
2020-03-10 16:47:43.879,mijnomgeving,357518080497696,1583858863879,25.0,52.5172595,5.5093951,5.0,67541.0,-14.0,4.17,10.0,220.0,357518080497696.0,32.0,0.0,1583858857.0,1029.0,10.33,,EC 319
2020-03-10 16:48:03.818,mijnomgeving,357518080166580,1583858883818,2.0,52.3604465,4.8156237,5.0,2712.0,-1.0,4.05,9.0,41.0,357518080166580.0,32.0,1.0,1583858870.0,666.0,9.63,,EC 224
2020-03-10 16:48:09.901,mijnomgeving,357518080495161,1583858889901,23.0,52.4996603,5.4528529,6.0,6469243.0,-11.0,4.2,10.0,9.0,357518080495161.0,32.0,0.0,1583858900.0,901.0,10.24,,EC 315
2020-03-10 16:48:31.101,mijnomgeving,357518080164395,1583858911101,4.0,51.8982069,4.4233137,5.0,54914.0,-26.0,4.04,9.0,0.0,357518080164395.0,32.0,0.0,1583858909.0,772.0,10.24,,EC 241
2020-03-10 16:48:36.418,mijnomgeving,357518080163173,1583858916418,9.0,52.7219508,6.8190349,5.0,48619.0,-35.0,3.96,9.0,236.0,357518080163173.0,32.0,0.0,1583858914.0,511.0,9.89,,EC 231
2020-03-10 16:48:47.929,mijnomgeving,357518080494982,1583858927929,0.0,52.2261612,5.1746636,7.0,40.0,14.0,4.15,12.0,48.0,357518080494982.0,32.0,0.0,1583858923.0,132.0,12.36,,EC 326
2020-03-10 16:49:04.000,mijnomgeving,357518080330582,1583858944000,4.0,52.3731327,4.9460587,5.0,23413.0,-22.0,4.11,11.0,0.0,357518080330582.0,32.0,0.0,1583858941.0,1469.0,10.16,,EC 219
2020-03-10 16:50:27.176,mijnomgeving,357518080495088,1583859027176,255.0,2.55e-05,2.55e-05,0.0,17895.0,0.0,3.89,24.0,0.0,357518080495088.0,32.0,0.0,1583859023.0,3.0,21.88,2.988,EC 321
2020-03-10 16:51:01.293,mijnomgeving,357518080166887,1583859061293,13.0,52.3701391,4.9010365,7.0,11947562.0,31.0,3.61,10.0,246.0,357518080166887.0,4.0,0.0,1583857987.0,40.0,13.33,,EC 200
2020-03-10 16:51:05.216,mijnomgeving,357518080166887,1583859065216,32.0,52.3700076,4.9011389,5.0,11948481.0,5.0,3.61,10.0,247.0,357518080166887.0,4.0,0.0,1583858906.0,42.0,13.24,,EC 200
2020-03-10 16:51:37.214,mijnomgeving,357518080494818,1583859097214,1.0,52.8090424,5.7446688,6.0,27919.0,-118.0,4.22,9.0,43.0,357518080494818.0,32.0,0.0,1583859094.0,1606.0,10.69,,EC 309
2020-03-10 16:51:41.185,mijnomgeving,357518080494859,1583859101185,17.0,52.5409836,5.5887922,9.0,66633.0,-1.0,4.18,10.0,0.0,357518080494859.0,32.0,0.0,1583859100.0,1747.0,10.69,,EC 302
2020-03-10 16:51:58.766,mijnomgeving,357518080328131,1583859118766,33.0,52.386774,4.9175976,7.0,84643.0,8.0,3.8200000000000003,10.0,43.0,357518080328131.0,32.0,0.0,1583859120.0,47.0,12.54,,EC 230
2020-03-10 16:52:13.009,mijnomgeving,357518080332257,1583859133009,1.0,51.8982056,4.4231738,4.0,74711.0,-1.0,4.09,9.0,56.0,357518080332257.0,32.0,1.0,1583859131.0,534.0,9.98,,EC 240
2020-03-10 16:52:38.723,mijnomgeving,357518080494834,1583859158723,0.0,52.4257414,5.4209074,5.0,246618.0,-29.0,4.11,10.0,248.0,357518080494834.0,32.0,0.0,1583859165.0,1342.0,11.21,,EC 314
2020-03-10 16:52:40.426,mijnomgeving,357518080171390,1583859160426,3.0,52.0318277,5.303592,5.0,21718839.0,-2.0,4.17,11.0,55.0,357518080171390.0,64.0,0.0,1583859169.0,829.0,10.69,,EC 202
2020-03-10 16:53:17.840,mijnomgeving,357518080170889,1583859197840,10.0,52.0144991,4.2956113,5.0,136819.0,12.0,4.189999999999999,7.0,224.0,357518080170889.0,32.0,0.0,1583859185.0,1203.0,13.24,,EC 236
2020-03-10 16:53:18.493,mijnomgeving,357518080332265,1583859198493,17.0,52.392141,4.9372829,6.0,61227.0,2.0,3.7,10.0,235.0,357518080332265.0,32.0,0.0,1583859197.0,1516.0,10.6,,EC 221
2020-03-10 16:53:18.529,mijnomgeving,357518080330764,1583859198529,22.0,51.8210587,4.6112365,5.0,67532.0,20.0,3.94,10.0,0.0,357518080330764.0,32.0,0.0,1583859198.0,323.0,11.74,,EC 244
2020-03-10 16:53:25.745,mijnomgeving,357518080495088,1583859205745,255.0,2.55e-05,2.55e-05,0.0,18075.0,0.0,3.88,24.0,0.0,357518080495088.0,32.0,0.0,1583859203.0,2.0,21.79,2.988,EC 321
2020-03-10 16:53:26.694,mijnomgeving,357518080495187,1583859206694,1.0,52.6352543,5.8235083,4.0,266418.0,7.0,4.25,12.0,223.0,357518080495187.0,32.0,1.0,1583859218.0,502.0,10.69,,EC 304
2020-03-10 16:53:43.168,mijnomgeving,357518080166663,1583859223168,1.0,51.8982092,4.4233065,6.0,133211.0,-6.0,4.12,9.0,0.0,357518080166663.0,32.0,0.0,1583859225.0,736.0,9.98,,EC 243
2020-03-10 16:54:16.989,mijnomgeving,357518080200454,1583859256989,3.0,52.3312648,5.0625942,6.0,23531465.0,-6.0,3.89,8.0,0.0,357518080200454.0,16.0,0.0,1583859266.0,6433.0,9.72,,EC Prototype 002
2020-03-10 16:54:25.402,mijnomgeving,357518080169006,1583859265402,2.0,,,,29712.0,,3.64,11.0,,357518080169006.0,32.0,,1583859264.0,764.0,11.66,,EC 213
2020-03-10 16:54:35.825,mijnomgeving,357518080495526,1583859275825,4.0,52.2260661,5.1748601,5.0,18921.0,37.0,4.15,10.0,41.0,357518080495526.0,32.0,1.0,1583859270.0,132.0,12.27,,EC 327
2020-03-10 16:54:43.869,mijnomgeving,357518080494875,1583859283869,1.0,52.6578355,5.6146101,5.0,70218.0,46.0,4.189999999999999,10.0,210.0,357518080494875.0,32.0,0.0,1583859283.0,1916.0,10.42,,EC 311
2020-03-10 16:54:47.799,mijnomgeving,357518080495112,1583859287799,1.0,52.8374515,5.7140006,5.0,111617.0,-1.0,4.22,9.0,230.0,357518080495112.0,32.0,0.0,1583859289.0,1747.0,10.6,,EC 306
2020-03-10 16:55:02.834,mijnomgeving,357518080495146,1583859302834,25.0,52.3869638,5.3122297,6.0,40541.0,-13.0,4.17,12.0,5.0,357518080495146.0,32.0,0.0,1583859295.0,1713.0,10.69,,EC 317
2020-03-10 16:55:33.012,mijnomgeving,357518080494909,1583859333012,1.0,52.2259818,5.1748214,4.0,441918.0,49.0,4.17,9.0,221.0,357518080494909.0,32.0,1.0,1583859350.0,114.0,12.45,,EC 329
2020-03-10 16:56:17.492,mijnomgeving,357518080167000,1583859377492,2.0,52.1739884,5.035993,6.0,144912.0,2.0,4.13,8.0,0.0,357518080167000.0,32.0,0.0,1583859380.0,618.0,9.54,,EC 228
2020-03-10 16:56:26.974,mijnomgeving,357518080495088,1583859386974,255.0,2.55e-05,2.55e-05,0.0,18255.0,0.0,3.89,24.0,0.0,357518080495088.0,32.0,0.0,1583859383.0,2.0,21.79,3.041,EC 321
2020-03-10 16:56:27.009,mijnomgeving,357518080495203,1583859387009,0.0,52.2261215,5.1746313,5.0,189917.0,52.0,4.17,10.0,253.0,357518080495203.0,32.0,0.0,1583859390.0,131.0,12.71,,EC 324
2020-03-10 16:56:35.924,mijnomgeving,357518080203151,1583859395924,9.0,52.4206465,4.8599238,5.0,21682843.0,-91.0,4.16,9.0,26.0,357518080203151.0,16.0,0.0,1583859397.0,87.0,10.16,,EC Prototype 001
2020-03-10 16:56:38.915,mijnomgeving,357518080494768,1583859398915,10.0,52.416260199999996,5.2265445,4.0,154827.0,-36.0,4.21,10.0,7.0,357518080494768.0,32.0,0.0,1583859403.0,1658.0,10.42,,EC 305
2020-03-10 16:56:50.368,mijnomgeving,357518080168917,1583859410368,2.0,52.3408641,4.9258985,5.0,21710766.0,24.0,4.01,10.0,42.0,357518080168917.0,16.0,0.0,1583859419.0,6.0,13.42,,EC 209
2020-03-10 16:57:17.944,mijnomgeving,357518080495070,1583859437944,255.0,2.55e-05,2.55e-05,0.0,15447.0,0.0,4.03,24.0,0.0,357518080495070.0,32.0,0.0,1583859434.0,0.0,21.44,,EC 320
2020-03-10 16:57:29.965,mijnomgeving,357518080497423,1583859449965,13.0,52.5229546,5.5902473,4.0,16230.0,-22.0,4.18,11.0,213.0,357518080497423.0,32.0,0.0,1583859436.0,1986.0,10.95,,EC 318
2020-03-10 16:58:00.061,mijnomgeving,357518080497639,1583859480061,1.0,52.6591966,5.6608324,8.0,59418.0,-3.0,4.21,10.0,31.0,357518080497639.0,32.0,0.0,1583859476.0,2168.0,10.6,,EC 308
2020-03-10 16:58:14.382,mijnomgeving,357518080163405,1583859494382,7.0,52.3733599,4.9158452,4.0,63917.0,-96.0,4.14,8.0,228.0,357518080163405.0,32.0,0.0,1583859494.0,1656.0,9.98,,EC 226
2020-03-10 16:58:17.076,mijnomgeving,357518080495021,1583859497076,56.0,53.1564745,7.0211822,5.0,5482.0,-2.0,3.93,14.0,0.0,357518080495021.0,32.0,1.0,1583859492.0,0.0,15.18,,EC 325
2020-03-10 16:58:19.675,mijnomgeving,357518080165368,1583859499675,18.0,52.3398032,4.9108529999999995,7.0,20671278.0,-2.0,3.76,10.0,0.0,357518080165368.0,16.0,0.0,1583859515.0,1205.0,10.42,,EC 208
2020-03-10 16:58:27.029,mijnomgeving,357518080495104,1583859507029,1.0,52.3374245,5.5374679,8.0,127818.0,-2.0,4.13,12.0,13.0,357518080495104.0,32.0,0.0,1583859506.0,717.0,11.13,,EC 312
2020-03-10 16:58:33.009,mijnomgeving,357518080497662,1583859513009,1.0,52.2259561,5.1748983,6.0,18019.0,86.0,4.21,11.0,243.0,357518080497662.0,32.0,0.0,1583859509.0,137.0,12.54,,EC 328
2020-03-10 16:58:42.029,mijnomgeving,357518080494776,1583859522029,12.0,52.2260166,5.1746319,6.0,16229.0,27.0,4.17,10.0,232.0,357518080494776.0,32.0,0.0,1583859518.0,137.0,12.36,,EC 330
2020-03-10 16:58:43.020,mijnomgeving,357518080495682,1583859523020,1.0,52.5494633,5.5883094,6.0,88218.0,-13.0,4.2,10.0,44.0,357518080495682.0,32.0,0.0,1583859520.0,1507.0,11.3,,EC 316
2020-03-10 16:59:28.158,mijnomgeving,357518080495088,1583859568158,255.0,2.55e-05,2.55e-05,0.0,18435.0,0.0,3.88,24.0,0.0,357518080495088.0,32.0,0.0,1583859563.0,1.0,21.79,3.041,EC 321
2020-03-10 17:00:13.831,mijnomgeving,357518080166960,1583859613831,66.0,52.7138449,6.8787739,6.0,184576.0,-6.0,3.96,10.0,34.0,357518080166960.0,32.0,0.0,1583859618.0,540.0,10.16,,EC 232
2020-03-10 17:00:15.406,mijnomgeving,357518080495047,1583859615406,0.0,52.2261758,5.1747169,4.0,72917.0,23.0,4.17,10.0,242.0,357518080495047.0,32.0,0.0,1583859613.0,131.0,12.45,,EC 322
2020-03-10 17:00:28.167,mijnomgeving,357518080495120,1583859628167,0.0,52.3338027,5.3126375,7.0,17117.0,1.0,4.189999999999999,10.0,13.0,357518080495120.0,32.0,0.0,1583859616.0,1503.0,10.33,,EC 303
2020-03-10 17:01:12.224,mijnomgeving,357518080495153,1583859672224,1.0,52.5789609,5.7567972,5.0,33318.0,-25.0,4.2,10.0,236.0,357518080495153.0,32.0,0.0,1583859670.0,2567.0,10.33,,EC 313
2020-03-10 17:01:16.526,mijnomgeving,357518080165475,1583859676526,16.0,52.3719145,4.9251591,5.0,13214762.0,-34.0,4.12,10.0,225.0,357518080165475.0,1.0,0.0,1583859694.0,1266.0,9.63,,EC 201
2020-03-10 17:01:52.261,mijnomgeving,357518080495534,1583859712261,11.0,52.5326225,5.5931007,5.0,16228.0,-13.0,4.22,12.0,50.0,357518080495534.0,32.0,0.0,1583859706.0,1932.0,10.86,,EC 307
2020-03-10 17:02:06.893,mijnomgeving,357518080163249,1583859726893,2.0,,,,3612.0,,4.17,11.0,,357518080163249.0,32.0,,1583859701.0,514.0,11.21,,EC 212
2020-03-10 17:02:13.257,mijnomgeving,357518080497696,1583859733257,1.0,52.5171975,5.5095334000000005,5.0,68417.0,0.0,4.18,10.0,252.0,357518080497696.0,32.0,0.0,1583859733.0,1027.0,10.42,,EC 319
2020-03-10 17:02:26.295,mijnomgeving,357518080494826,1583859746295,0.0,52.2261316,5.1746562,6.0,8117.0,29.0,4.18,11.0,34.0,357518080494826.0,32.0,0.0,1583859740.0,128.0,12.18,,EC 323
2020-03-10 17:02:36.250,mijnomgeving,357518080495088,1583859756250,255.0,2.55e-05,2.55e-05,0.0,18624.0,0.0,3.89,24.0,0.0,357518080495088.0,32.0,0.0,1583859752.0,2.0,21.79,3.041,EC 321
2020-03-10 17:02:54.633,mijnomgeving,357518080166580,1583859774633,4.0,52.360377,4.8154491,5.0,3614.0,11.0,4.04,9.0,46.0,357518080166580.0,32.0,0.0,1583859772.0,666.0,9.63,,EC 224
2020-03-10 17:03:00.333,mijnomgeving,357518080495161,1583859780333,1.0,52.4996925,5.4530016,4.0,6470122.0,-2.0,4.189999999999999,10.0,0.0,357518080495161.0,32.0,0.0,1583859779.0,903.0,10.24,,EC 315
2020-03-10 17:03:25.408,mijnomgeving,357518080494982,1583859805408,1.0,52.2261581,5.1746861,6.0,918.0,27.0,4.17,11.0,205.0,357518080494982.0,32.0,0.0,1583859801.0,132.0,12.36,,EC 326
2020-03-10 17:03:30.168,mijnomgeving,357518080164395,1583859810168,3.0,51.8982319,4.4233397,5.0,55813.0,-5.0,4.04,9.0,208.0,357518080164395.0,32.0,0.0,1583859808.0,774.0,10.24,,EC 241
2020-03-10 17:03:30.739,mijnomgeving,357518080163173,1583859810739,4.0,52.721933,6.8191593,5.0,49514.0,11.0,3.96,8.0,233.0,357518080163173.0,32.0,0.0,1583859809.0,513.0,9.98,,EC 231
2020-03-10 17:03:33.670,mijnomgeving,357518080166887,1583859813670,34.0,52.3701696,4.900954,8.0,11949383.0,11.0,3.61,10.0,237.0,357518080166887.0,4.0,0.0,1583859808.0,42.0,13.24,,EC 200
2020-03-10 17:04:14.239,mijnomgeving,357518080330582,1583859854239,14.0,52.3731861,4.9459198,5.0,24323.0,-72.0,4.1,11.0,254.0,357518080330582.0,32.0,0.0,1583859851.0,1455.0,10.24,,EC 219
2020-03-10 17:05:26.686,mijnomgeving,357518080495088,1583859926686,255.0,2.55e-05,2.55e-05,0.0,18795.0,0.0,3.89,24.0,0.0,357518080495088.0,32.0,0.0,1583859923.0,2.0,21.7,3.041,EC 321
2020-03-10 17:06:25.699,mijnomgeving,357518080494859,1583859985699,1.0,52.5409757,5.5888242,9.0,67517.0,-2.0,4.18,10.0,0.0,357518080494859.0,32.0,0.0,1583859984.0,1742.0,10.69,,EC 302
2020-03-10 17:06:30.160,mijnomgeving,357518080328131,1583859990160,4.0,52.3868266,4.9175716,6.0,85514.0,-3.0,3.8200000000000003,10.0,227.0,357518080328131.0,32.0,0.0,1583859991.0,49.0,12.54,,EC 230
2020-03-10 17:06:39.667,mijnomgeving,357518080494818,1583859999667,1.0,52.8092286,5.7450752,6.0,28819.0,-41.0,4.22,9.0,234.0,357518080494818.0,32.0,0.0,1583859994.0,1598.0,10.69,,EC 309
2020-03-10 17:07:17.179,mijnomgeving,357518080332257,1583860037179,1.0,51.8982054,4.4232438,5.0,75611.0,5.0,4.09,8.0,0.0,357518080332257.0,32.0,0.0,1583860031.0,541.0,9.98,,EC 240
2020-03-10 17:07:38.804,mijnomgeving,357518080494834,1583860058804,1.0,52.4257463,5.4207955,4.0,247517.0,-20.0,4.11,10.0,37.0,357518080494834.0,32.0,0.0,1583860064.0,1340.0,11.21,,EC 314
2020-03-10 17:07:41.547,mijnomgeving,357518080171390,1583860061547,4.0,52.0318787,5.303662,5.0,21719740.0,0.0,4.17,10.0,58.0,357518080171390.0,64.0,0.0,1583860070.0,830.0,10.69,,EC 202
2020-03-10 17:08:02.059,mijnomgeving,357518080330764,1583860082059,6.0,51.8210367,4.6108076,5.0,68416.0,-3.0,3.94,10.0,51.0,357518080330764.0,32.0,1.0,1583860082.0,319.0,11.74,,EC 244
2020-03-10 17:08:09.642,mijnomgeving,357518080170889,1583860089642,16.0,52.014647,4.2950651,6.0,137725.0,-60.0,4.189999999999999,7.0,221.0,357518080170889.0,32.0,0.0,1583860091.0,1221.0,13.42,,EC 236
2020-03-10 17:08:10.055,mijnomgeving,357518080332265,1583860090055,5.0,52.3921235,4.937568,5.0,62115.0,9.0,3.7,10.0,250.0,357518080332265.0,32.0,0.0,1583860085.0,1516.0,10.6,,EC 221
2020-03-10 17:08:35.864,mijnomgeving,357518080495088,1583860115864,255.0,2.55e-05,2.55e-05,0.0,18984.0,0.0,3.89,24.0,0.0,357518080495088.0,32.0,0.0,1583860112.0,1.0,21.7,2.988,EC 321
2020-03-10 17:08:35.946,mijnomgeving,357518080495187,1583860115946,9.0,52.6353921,5.8232662,4.0,267326.0,82.0,4.25,12.0,236.0,357518080495187.0,32.0,0.0,1583860126.0,502.0,10.69,,EC 304
2020-03-10 17:08:52.393,mijnomgeving,357518080166663,1583860132393,3.0,51.8982994,4.4233959,6.0,134113.0,19.0,4.12,9.0,51.0,357518080166663.0,32.0,0.0,1583860127.0,738.0,9.98,,EC 243
2020-03-10 17:09:15.778,mijnomgeving,357518080200454,1583860155778,2.0,52.3312342,5.0624381,5.0,23532364.0,-9.0,3.89,8.0,0.0,357518080200454.0,16.0,0.0,1583860165.0,6467.0,9.72,,EC Prototype 002
2020-03-10 17:09:25.228,mijnomgeving,357518080169006,1583860165228,2.0,,,,30612.0,,3.64,11.0,,357518080169006.0,32.0,,1583860164.0,757.0,11.66,,EC 213
2020-03-10 17:09:33.893,mijnomgeving,357518080495146,1583860173893,1.0,52.386962,5.3122039,6.0,41417.0,-10.0,4.18,10.0,217.0,357518080495146.0,32.0,0.0,1583860171.0,1712.0,10.69,,EC 317
2020-03-10 17:09:41.893,mijnomgeving,357518080495526,1583860181893,12.0,52.2261651,5.1746529,8.0,19829.0,12.0,4.15,10.0,38.0,357518080495526.0,32.0,0.0,1583860179.0,134.0,12.27,,EC 327
2020-03-10 17:09:50.841,mijnomgeving,357518080495112,1583860190841,1.0,52.837458,5.7139616,5.0,112517.0,-12.0,4.22,9.0,242.0,357518080495112.0,32.0,0.0,1583860189.0,1755.0,10.6,,EC 306
2020-03-10 17:09:50.877,mijnomgeving,357518080494875,1583860190877,1.0,52.6577849,5.6145182,4.0,71118.0,23.0,4.189999999999999,10.0,248.0,357518080494875.0,32.0,2.0,1583860183.0,1914.0,10.42,,EC 311
2020-03-10 17:10:35.973,mijnomgeving,357518080494909,1583860235973,1.0,52.2258934,5.1747604,4.0,442818.0,71.0,4.17,9.0,219.0,357518080494909.0,32.0,0.0,1583860250.0,115.0,12.45,,EC 329
2020-03-10 17:11:17.314,mijnomgeving,357518080167000,1583860277314,2.0,52.1739074,5.0356786,5.0,145812.0,-2.0,4.13,8.0,0.0,357518080167000.0,32.0,0.0,1583860280.0,619.0,9.54,,EC 228
2020-03-10 17:11:27.032,mijnomgeving,357518080495203,1583860287032,0.0,52.2261739,5.1747094,5.0,190818.0,34.0,4.17,10.0,205.0,357518080495203.0,32.0,0.0,1583860291.0,129.0,12.71,,EC 324
2020-03-10 17:11:32.973,mijnomgeving,357518080494768,1583860292973,3.0,52.4164427,5.2265483,4.0,155720.0,-10.0,4.21,10.0,232.0,357518080494768.0,32.0,1.0,1583860296.0,1660.0,10.42,,EC 305
2020-03-10 17:11:35.979,mijnomgeving,357518080495088,1583860295979,255.0,2.55e-05,2.55e-05,0.0,19164.0,0.0,3.88,24.0,0.0,357518080495088.0,32.0,0.0,1583860292.0,2.0,21.7,3.041,EC 321
2020-03-10 17:11:58.001,mijnomgeving,357518080203151,1583860318001,23.0,52.421225,4.8606101,5.0,21683757.0,63.0,4.16,9.0,0.0,357518080203151.0,16.0,0.0,1583860311.0,87.0,10.16,,EC Prototype 001
2020-03-10 17:12:15.366,mijnomgeving,357518080495070,1583860335366,255.0,2.55e-05,2.55e-05,0.0,16338.0,0.0,4.04,24.0,0.0,357518080495070.0,32.0,0.0,1583860325.0,2.0,21.44,,EC 320
2020-03-10 17:12:16.013,mijnomgeving,357518080497423,1583860336013,10.0,52.5229341,5.5905552,5.0,17127.0,5.0,4.17,11.0,228.0,357518080497423.0,32.0,1.0,1583860333.0,1981.0,10.95,,EC 318
2020-03-10 17:12:40.784,mijnomgeving,357518080168917,1583860360784,2.0,52.3406406,4.9256184,6.0,21711666.0,8.0,4.01,10.0,20.0,357518080168917.0,16.0,0.0,1583860319.0,5.0,13.33,,EC 209
2020-03-10 17:12:58.226,mijnomgeving,357518080497639,1583860378226,1.0,52.6591641,5.6608133,8.0,60318.0,-8.0,4.21,10.0,27.0,357518080497639.0,32.0,0.0,1583860376.0,2163.0,10.6,,EC 308
2020-03-10 17:13:13.000,mijnomgeving,357518080495021,1583860393000,62.0,53.1564343,7.0212407,6.0,6379.0,10.0,3.92,14.0,254.0,357518080495021.0,32.0,1.0,1583860389.0,0.0,15.27,,EC 325
2020-03-10 17:13:16.894,mijnomgeving,357518080163405,1583860396894,9.0,52.3729085,4.9159473,4.0,64819.0,-17.0,4.14,9.0,0.0,357518080163405.0,32.0,0.0,1583860396.0,1659.0,9.98,,EC 226
2020-03-10 17:13:19.857,mijnomgeving,357518080165368,1583860399857,18.0,52.3397286,4.9108902,5.0,20672178.0,-13.0,3.77,10.0,0.0,357518080165368.0,16.0,0.0,1583860415.0,1212.0,10.42,,EC 208
2020-03-10 17:13:33.067,mijnomgeving,357518080497662,1583860413067,1.0,52.2258424,5.175089,6.0,18919.0,78.0,4.21,11.0,239.0,357518080497662.0,32.0,0.0,1583860409.0,139.0,12.54,,EC 328
2020-03-10 17:13:40.075,mijnomgeving,357518080495104,1583860420075,1.0,52.3374634,5.5374601,7.0,128718.0,-11.0,4.13,11.0,19.0,357518080495104.0,32.0,0.0,1583860406.0,716.0,11.13,,EC 312
2020-03-10 17:13:52.428,mijnomgeving,357518080494776,1583860432428,20.0,52.2261157,5.17472,6.0,17137.0,16.0,4.17,10.0,4.0,357518080494776.0,32.0,0.0,1583860426.0,137.0,12.36,,EC 330
2020-03-10 17:13:59.776,mijnomgeving,357518080495682,1583860439776,7.0,52.5495342,5.5880873,4.0,89124.0,-15.0,4.2,10.0,233.0,357518080495682.0,32.0,0.0,1583860426.0,1504.0,11.21,,EC 316
2020-03-10 17:14:26.143,mijnomgeving,357518080495088,1583860466143,255.0,2.55e-05,2.55e-05,0.0,19335.0,0.0,3.89,24.0,0.0,357518080495088.0,32.0,0.0,1583860463.0,1.0,21.7,3.041,EC 321
2020-03-10 17:14:45.540,mijnomgeving,357518080166960,1583860485540,38.0,52.7138205,6.8786992,6.0,185447.0,-14.0,3.96,10.0,216.0,357518080166960.0,32.0,0.0,1583860489.0,544.0,10.16,,EC 232
2020-03-10 17:15:15.156,mijnomgeving,357518080495047,1583860515156,1.0,52.2261222,5.1748757,4.0,73818.0,28.0,4.17,10.0,200.0,357518080495047.0,32.0,0.0,1583860514.0,133.0,12.45,,EC 322
2020-03-10 17:15:21.131,mijnomgeving,357518080495120,1583860521131,0.0,52.3337416,5.3125616,7.0,18018.0,-13.0,4.18,10.0,58.0,357518080495120.0,32.0,0.0,1583860517.0,1504.0,10.33,,EC 303
2020-03-10 17:16:03.822,mijnomgeving,357518080165475,1583860563822,3.0,52.3722002,4.9249915,4.0,13215649.0,-44.0,4.12,10.0,227.0,357518080165475.0,1.0,0.0,1583860581.0,1274.0,9.63,,EC 201
2020-03-10 17:16:12.226,mijnomgeving,357518080495153,1583860572226,1.0,52.5789622,5.7568803,5.0,34218.0,-10.0,4.2,10.0,9.0,357518080495153.0,32.0,0.0,1583860570.0,2555.0,10.33,,EC 313
2020-03-10 17:16:43.351,mijnomgeving,357518080495534,1583860603351,0.0,52.5326718,5.5930425,6.0,17118.0,-20.0,4.22,11.0,233.0,357518080495534.0,32.0,0.0,1583860596.0,1922.0,10.86,,EC 307
2020-03-10 17:16:44.581,mijnomgeving,357518080163249,1583860604581,2.0,,,,4512.0,,4.17,11.0,,357518080163249.0,32.0,,1583860601.0,529.0,11.21,,EC 212
2020-03-10 17:17:14.263,mijnomgeving,357518080497696,1583860634263,0.0,52.5172294,5.5093273,5.0,69317.0,-26.0,4.17,10.0,248.0,357518080497696.0,32.0,0.0,1583860633.0,1026.0,10.42,,EC 319
2020-03-10 17:17:25.275,mijnomgeving,357518080494826,1583860645275,0.0,52.2261101,5.1746605,6.0,9019.0,30.0,4.18,11.0,40.0,357518080494826.0,32.0,0.0,1583860642.0,128.0,12.18,,EC 323
2020-03-10 17:17:26.271,mijnomgeving,357518080495088,1583860646271,255.0,2.55e-05,2.55e-05,0.0,19515.0,0.0,3.89,24.0,0.0,357518080495088.0,32.0,0.0,1583860643.0,1.0,21.7,3.041,EC 321
2020-03-10 17:17:53.348,mijnomgeving,357518080495161,1583860673348,2.0,52.4997122,5.4527227,6.0,6471023.0,1.0,4.189999999999999,10.0,0.0,357518080495161.0,32.0,1.0,1583860679.0,901.0,10.33,,EC 315
2020-03-10 17:18:04.154,mijnomgeving,357518080166887,1583860684154,4.0,52.3701814,4.9008942,7.0,11950254.0,-14.0,3.61,10.0,12.0,357518080166887.0,4.0,0.0,1583860678.0,40.0,13.24,,EC 200
2020-03-10 17:18:25.386,mijnomgeving,357518080494982,1583860705386,1.0,52.2261879,5.1746657,6.0,1818.0,37.0,4.17,11.0,247.0,357518080494982.0,32.0,0.0,1583860701.0,133.0,12.36,,EC 326
2020-03-10 17:18:29.643,mijnomgeving,357518080163173,1583860709643,3.0,52.7217228,6.8191929,5.0,50413.0,0.0,3.96,8.0,6.0,357518080163173.0,32.0,0.0,1583860708.0,512.0,10.07,,EC 231
2020-03-10 17:18:30.469,mijnomgeving,357518080164395,1583860710469,4.0,51.8980766,4.4230047,5.0,56714.0,-6.0,4.04,9.0,8.0,357518080164395.0,32.0,0.0,1583860709.0,774.0,10.24,,EC 241
2020-03-10 17:19:17.420,mijnomgeving,357518080330582,1583860757420,17.0,52.3728031,4.9463826,5.0,25226.0,102.0,4.1,11.0,35.0,357518080330582.0,32.0,0.0,1583860754.0,1459.0,10.24,,EC 219
2020-03-10 17:19:58.357,mijnomgeving,357518080166580,1583860798357,3.0,52.3605488,4.8155478,6.0,4513.0,21.0,4.05,9.0,40.0,357518080166580.0,32.0,0.0,1583860671.0,663.0,9.63,,EC 224
2020-03-10 17:20:34.552,mijnomgeving,357518080495088,1583860834552,255.0,2.55e-05,2.55e-05,0.0,19704.0,0.0,3.89,24.0,0.0,357518080495088.0,32.0,0.0,1583860832.0,1.0,21.62,3.041,EC 321
2020-03-10 17:21:25.599,mijnomgeving,357518080494859,1583860885599,0.0,52.5409774,5.588824,9.0,68417.0,-4.0,4.18,10.0,0.0,357518080494859.0,32.0,0.0,1583860884.0,1730.0,10.77,,EC 302
2020-03-10 17:21:37.596,mijnomgeving,357518080494818,1583860897596,1.0,52.8091197,5.7452262,5.0,29719.0,-22.0,4.22,9.0,222.0,357518080494818.0,32.0,0.0,1583860894.0,1601.0,10.69,,EC 309
2020-03-10 17:21:39.552,mijnomgeving,357518080328131,1583860899552,3.0,52.3866834,4.917853,6.0,86413.0,-26.0,3.8200000000000003,10.0,235.0,357518080328131.0,32.0,0.0,1583860890.0,48.0,12.54,,EC 230
2020-03-10 17:22:39.498,mijnomgeving,357518080171390,1583860959498,2.0,52.0319425,5.3037561,5.0,21720638.0,18.0,4.18,10.0,0.0,357518080171390.0,64.0,0.0,1583860968.0,829.0,10.69,,EC 202
2020-03-10 17:23:02.674,mijnomgeving,357518080494834,1583860982674,1.0,52.4257212,5.4207477,4.0,248418.0,-42.0,4.11,10.0,45.0,357518080494834.0,32.0,0.0,1583860965.0,1346.0,11.21,,EC 314
2020-03-10 17:23:03.418,mijnomgeving,357518080170889,1583860983418,10.0,52.0145322,4.2953693,6.0,138619.0,-6.0,4.189999999999999,7.0,234.0,357518080170889.0,32.0,0.0,1583860985.0,1223.0,13.24,,EC 236
2020-03-10 17:23:15.969,mijnomgeving,357518080332265,1583860995969,10.0,52.3917389,4.9380343,4.0,63020.0,36.0,3.7,10.0,228.0,357518080332265.0,32.0,0.0,1583860990.0,1516.0,10.6,,EC 221
2020-03-10 17:23:25.707,mijnomgeving,357518080495088,1583861005707,255.0,2.55e-05,2.55e-05,0.0,19875.0,0.0,3.88,24.0,0.0,357518080495088.0,32.0,0.0,1583861003.0,1.0,21.62,3.041,EC 321
2020-03-10 17:23:26.642,mijnomgeving,357518080495187,1583861006642,1.0,52.6352436,5.8233711,4.0,268218.0,-6.0,4.25,11.0,8.0,357518080495187.0,32.0,0.0,1583861018.0,502.0,10.69,,EC 304
2020-03-10 17:23:33.231,mijnomgeving,357518080330764,1583861013231,37.0,51.8209236,4.6109837,4.0,69347.0,-9.0,3.94,11.0,58.0,357518080330764.0,32.0,0.0,1583861013.0,317.0,11.74,,EC 244
2020-03-10 17:23:42.144,mijnomgeving,357518080332257,1583861022144,0.0,51.8983198,4.4233125,10.0,51.0,4.0,4.07,9.0,38.0,357518080332257.0,32.0,0.0,1583861015.0,536.0,9.98,,EC 240
2020-03-10 17:23:45.366,mijnomgeving,357518080166663,1583861025366,3.0,51.898231,4.4233125,6.0,135013.0,1.0,4.12,9.0,224.0,357518080166663.0,32.0,0.0,1583861027.0,738.0,9.98,,EC 243
2020-03-10 17:24:15.578,mijnomgeving,357518080200454,1583861055578,2.0,52.3312907,5.0626006,5.0,23533264.0,-10.0,3.89,8.0,25.0,357518080200454.0,16.0,0.0,1583861065.0,6456.0,9.72,,EC Prototype 002
2020-03-10 17:24:27.328,mijnomgeving,357518080169006,1583861067328,4.0,,,,31514.0,,3.64,11.0,,357518080169006.0,32.0,,1583861066.0,758.0,11.66,,EC 213
2020-03-10 17:24:30.746,mijnomgeving,357518080495526,1583861070746,1.0,52.2262062,5.1746061,8.0,20718.0,3.0,4.16,9.0,54.0,357518080495526.0,32.0,0.0,1583861068.0,134.0,12.27,,EC 327
2020-03-10 17:24:32.727,mijnomgeving,357518080495146,1583861072727,1.0,52.3869387,5.3121494,6.0,42317.0,-17.0,4.17,10.0,255.0,357518080495146.0,32.0,0.0,1583861071.0,1702.0,10.69,,EC 317
2020-03-10 17:24:43.750,mijnomgeving,357518080494875,1583861083750,1.0,52.6578734,5.6147222,5.0,72018.0,16.0,4.2,10.0,198.0,357518080494875.0,32.0,1.0,1583861083.0,1919.0,10.42,,EC 311
2020-03-10 17:24:47.780,mijnomgeving,357518080495112,1583861087780,1.0,52.8374658,5.7139051,5.0,113417.0,-5.0,4.22,9.0,235.0,357518080495112.0,32.0,0.0,1583861089.0,1753.0,10.6,,EC 306
2020-03-10 17:25:35.856,mijnomgeving,357518080494909,1583861135856,5.0,52.225596,5.1752926,4.0,443722.0,139.0,4.17,8.0,227.0,357518080494909.0,32.0,1.0,1583861154.0,116.0,12.45,,EC 329
2020-03-10 17:26:16.507,mijnomgeving,357518080167000,1583861176507,1.0,52.1739462,5.0358918,6.0,146712.0,-4.0,4.13,8.0,0.0,357518080167000.0,32.0,0.0,1583861180.0,617.0,9.54,,EC 228
2020-03-10 17:26:25.894,mijnomgeving,357518080495088,1583861185894,255.0,2.55e-05,2.55e-05,0.0,20055.0,0.0,3.88,24.0,0.0,357518080495088.0,32.0,0.0,1583861183.0,2.0,21.53,3.041,EC 321
2020-03-10 17:26:27.079,mijnomgeving,357518080495203,1583861187079,1.0,52.2262012,5.1745746,5.0,191718.0,9.0,4.17,10.0,240.0,357518080495203.0,32.0,0.0,1583861191.0,130.0,12.71,,EC 324
2020-03-10 17:26:31.275,mijnomgeving,357518080203151,1583861191275,5.0,52.421186,4.8606607,4.0,21684639.0,13.0,4.15,9.0,31.0,357518080203151.0,16.0,0.0,1583861193.0,87.0,10.16,,EC Prototype 001
2020-03-10 17:26:37.855,mijnomgeving,357518080494768,1583861197855,7.0,52.4163552,5.2268366,4.0,156623.0,15.0,4.21,11.0,241.0,357518080494768.0,32.0,1.0,1583861199.0,1657.0,10.42,,EC 305
2020-03-10 17:26:49.706,mijnomgeving,357518080168917,1583861209706,1.0,52.3407628,4.9256705,4.0,21712565.0,16.0,4.01,10.0,0.0,357518080168917.0,16.0,0.0,1583861218.0,3.0,13.24,,EC 209
2020-03-10 17:27:17.937,mijnomgeving,357518080495070,1583861237937,255.0,2.55e-05,2.55e-05,0.0,17247.0,0.0,4.03,24.0,0.0,357518080495070.0,32.0,0.0,1583861234.0,1.0,21.26,,EC 320
2020-03-10 17:27:18.037,mijnomgeving,357518080497423,1583861238037,1.0,52.5229714,5.5903249,4.0,18018.0,-20.0,4.17,10.0,204.0,357518080497423.0,32.0,0.0,1583861224.0,1979.0,10.95,,EC 318
2020-03-10 17:27:57.017,mijnomgeving,357518080497639,1583861277017,1.0,52.6591971,5.6607464,8.0,61218.0,-3.0,4.21,10.0,233.0,357518080497639.0,32.0,0.0,1583861276.0,2161.0,10.6,,EC 308
2020-03-10 17:27:58.140,mijnomgeving,357518080495021,1583861278140,43.0,53.1565294,7.0209777,4.0,7260.0,-34.0,3.93,14.0,0.0,357518080495021.0,32.0,1.0,1583861270.0,0.0,15.27,,EC 325
2020-03-10 17:28:26.046,mijnomgeving,357518080495104,1583861306046,1.0,52.3373193,5.5373791,7.0,129618.0,-27.0,4.12,12.0,246.0,357518080495104.0,32.0,0.0,1583861306.0,714.0,11.13,,EC 312
2020-03-10 17:28:31.000,mijnomgeving,357518080494776,1583861311000,1.0,52.2260813,5.1744348,6.0,18018.0,7.0,4.17,10.0,11.0,357518080494776.0,32.0,0.0,1583861307.0,138.0,12.36,,EC 330
2020-03-10 17:28:31.021,mijnomgeving,357518080165368,1583861311021,20.0,52.339802,4.9109841,6.0,20673080.0,4.0,3.77,10.0,241.0,357518080165368.0,16.0,0.0,1583861317.0,1206.0,10.42,,EC 208
2020-03-10 17:28:34.004,mijnomgeving,357518080497662,1583861314004,2.0,52.225388,5.175432,6.0,19820.0,175.0,4.21,11.0,29.0,357518080497662.0,32.0,0.0,1583861310.0,139.0,12.54,,EC 328
2020-03-10 17:28:39.658,mijnomgeving,357518080163405,1583861319658,32.0,52.3729388,4.9159695,6.0,65742.0,-1.0,4.14,9.0,246.0,357518080163405.0,32.0,0.0,1583861319.0,1653.0,9.98,,EC 226
2020-03-10 17:28:44.002,mijnomgeving,357518080495682,1583861324002,2.0,52.5494604,5.5883174,4.0,90019.0,-26.0,4.2,10.0,9.0,357518080495682.0,32.0,0.0,1583861321.0,1498.0,11.21,,EC 316
2020-03-10 17:29:35.129,mijnomgeving,357518080495088,1583861375129,255.0,2.55e-05,2.55e-05,0.0,20244.0,0.0,3.88,24.0,0.0,357518080495088.0,32.0,0.0,1583861372.0,2.0,21.53,3.041,EC 321
2020-03-10 17:29:38.333,mijnomgeving,357518080166960,1583861378333,31.0,52.7136936,6.8788825,6.0,186340.0,32.0,3.96,10.0,238.0,357518080166960.0,32.0,0.0,1583861382.0,543.0,10.16,,EC 232
2020-03-10 17:30:14.219,mijnomgeving,357518080495047,1583861414219,1.0,52.2262628,5.1746342,4.0,74717.0,10.0,4.17,10.0,216.0,357518080495047.0,32.0,0.0,1583861413.0,133.0,12.45,,EC 322
2020-03-10 17:30:26.229,mijnomgeving,357518080495120,1583861426229,1.0,52.3338528,5.3125406,4.0,18917.0,-15.0,4.18,10.0,255.0,357518080495120.0,32.0,0.0,1583861416.0,1503.0,10.33,,EC 303
2020-03-10 17:31:03.570,mijnomgeving,357518080165475,1583861463570,3.0,52.3721108,4.9249282999999995,4.0,13216549.0,-41.0,4.12,10.0,9.0,357518080165475.0,1.0,0.0,1583861481.0,1267.0,9.63,,EC 201
2020-03-10 17:31:14.344,mijnomgeving,357518080495153,1583861474344,1.0,52.5789008,5.7567969,5.0,35118.0,-13.0,4.189999999999999,10.0,252.0,357518080495153.0,32.0,0.0,1583861470.0,2556.0,10.33,,EC 313
2020-03-10 17:31:39.364,mijnomgeving,357518080495534,1583861499364,1.0,52.5326966,5.5924618,5.0,18018.0,-36.0,4.21,11.0,220.0,357518080495534.0,32.0,0.0,1583861496.0,1917.0,10.86,,EC 307
2020-03-10 17:31:52.753,mijnomgeving,357518080163249,1583861512753,4.0,,,,5414.0,,4.16,11.0,,357518080163249.0,32.0,,1583861503.0,535.0,11.21,,EC 212
2020-03-10 17:32:14.479,mijnomgeving,357518080497696,1583861534479,1.0,52.5173141,5.5093495,5.0,70217.0,0.0,4.17,10.0,250.0,357518080497696.0,32.0,0.0,1583861533.0,1027.0,10.42,,EC 319
2020-03-10 17:32:24.519,mijnomgeving,357518080494826,1583861544519,1.0,52.2262189,5.1746891999999995,5.0,9918.0,20.0,4.18,11.0,41.0,357518080494826.0,32.0,0.0,1583861541.0,129.0,12.1,,EC 323
2020-03-10 17:32:35.459,mijnomgeving,357518080495088,1583861555459,255.0,2.55e-05,2.55e-05,0.0,20424.0,0.0,3.88,24.0,0.0,357518080495088.0,32.0,0.0,1583861552.0,2.0,21.53,3.041,EC 321
2020-03-10 17:32:51.586,mijnomgeving,357518080495161,1583861571586,1.0,52.4995296,5.4527549,4.0,6471922.0,27.0,4.2,10.0,43.0,357518080495161.0,32.0,6.0,1583861579.0,904.0,10.24,,EC 315
2020-03-10 17:33:02.685,mijnomgeving,357518080166580,1583861582685,3.0,52.3605258,4.8160091,5.0,5413.0,-5.0,4.05,9.0,34.0,357518080166580.0,32.0,0.0,1583861571.0,666.0,9.63,,EC 224
2020-03-10 17:33:05.235,mijnomgeving,357518080166887,1583861585235,7.0,52.3701676,4.9009612,7.0,11951157.0,26.0,3.61,10.0,3.0,357518080166887.0,4.0,0.0,1583861582.0,41.0,13.15,,EC 200
2020-03-10 17:33:25.567,mijnomgeving,357518080494982,1583861605567,1.0,52.2262725,5.1745135,6.0,2718.0,25.0,4.17,11.0,52.0,357518080494982.0,32.0,0.0,1583861601.0,133.0,12.36,,EC 326
2020-03-10 17:33:32.990,mijnomgeving,357518080163173,1583861612990,6.0,52.7217254,6.8192620999999995,4.0,51316.0,12.0,3.96,8.0,253.0,357518080163173.0,32.0,0.0,1583861611.0,513.0,10.16,,EC 231
2020-03-10 17:33:57.475,mijnomgeving,357518080164395,1583861637475,31.0,51.8982258,4.4232624,5.0,57641.0,-1.0,4.04,9.0,8.0,357518080164395.0,32.0,0.0,1583861636.0,777.0,10.24,,EC 241
2020-03-10 17:34:06.623,mijnomgeving,357518080330582,1583861646623,7.0,52.3729933,4.9462054,5.0,26116.0,36.0,4.1,11.0,0.0,357518080330582.0,32.0,0.0,1583861644.0,1473.0,10.24,,EC 219
2020-03-10 17:35:37.766,mijnomgeving,357518080495088,1583861737766,255.0,2.55e-05,2.55e-05,0.0,20604.0,0.0,3.89,24.0,0.0,357518080495088.0,32.0,0.0,1583861732.0,2.0,21.53,3.041,EC 321
2020-03-10 17:36:25.806,mijnomgeving,357518080494859,1583861785806,1.0,52.5409658,5.5887798,8.0,69318.0,-6.0,4.17,10.0,238.0,357518080494859.0,32.0,0.0,1583861784.0,1719.0,10.77,,EC 302
2020-03-10 17:36:36.789,mijnomgeving,357518080494818,1583861796789,1.0,52.809263,5.7448862,5.0,30619.0,-20.0,4.22,9.0,0.0,357518080494818.0,32.0,0.0,1583861794.0,1600.0,10.69,,EC 309
2020-03-10 17:37:38.337,mijnomgeving,357518080171390,1583861858337,1.0,52.0320261,5.3036916,5.0,21721538.0,-5.0,4.17,10.0,0.0,357518080171390.0,64.0,1.0,1583861867.0,831.0,10.69,,EC 202
2020-03-10 17:37:44.861,mijnomgeving,357518080494834,1583861864861,0.0,52.4257274,5.4205645,4.0,249317.0,-36.0,4.11,10.0,228.0,357518080494834.0,32.0,0.0,1583861864.0,1352.0,11.21,,EC 314
2020-03-10 17:37:59.169,mijnomgeving,357518080332257,1583861879169,2.0,51.8982265,4.4233624,8.0,912.0,16.0,4.09,9.0,246.0,357518080332257.0,32.0,0.0,1583861876.0,529.0,9.98,,EC 240
2020-03-10 17:38:17.002,mijnomgeving,357518080170889,1583861897002,23.0,52.01452,4.2954167,6.0,139533.0,-22.0,4.189999999999999,8.0,0.0,357518080170889.0,32.0,0.0,1583861899.0,1199.0,13.33,,EC 236
2020-03-10 17:38:18.778,mijnomgeving,357518080332265,1583861898778,18.0,52.3921956,4.9372772,6.0,63927.0,11.0,3.7,10.0,239.0,357518080332265.0,32.0,0.0,1583861897.0,1516.0,10.6,,EC 221
2020-03-10 17:38:23.885,mijnomgeving,357518080330764,1583861903885,21.0,51.8209582,4.6110934,5.0,70231.0,-26.0,3.93,10.0,231.0,357518080330764.0,32.0,1.0,1583861897.0,317.0,11.66,,EC 244
2020-03-10 17:38:28.909,mijnomgeving,357518080495187,1583861908909,0.0,52.6353495,5.8234655,4.0,269117.0,37.0,4.25,12.0,16.0,357518080495187.0,32.0,0.0,1583861917.0,507.0,10.6,,EC 304
2020-03-10 17:38:33.868,mijnomgeving,357518080495088,1583861913868,255.0,2.55e-05,2.55e-05,0.0,20775.0,0.0,3.88,27.0,0.0,357518080495088.0,32.0,0.0,1583861903.0,1.0,21.53,3.041,EC 321
2020-03-10 17:38:48.475,mijnomgeving,357518080166663,1583861928475,2.0,51.8981941,4.4234147,5.0,135912.0,-12.0,4.12,10.0,226.0,357518080166663.0,32.0,0.0,1583861926.0,714.0,9.98,,EC 243
2020-03-10 17:38:53.166,mijnomgeving,357518080328131,1583861933166,2.0,52.3868031,4.9176374,6.0,87327.0,13.0,3.8200000000000003,10.0,254.0,357518080328131.0,32.0,0.0,1583861804.0,45.0,12.54,,EC 230
2020-03-10 17:39:18.568,mijnomgeving,357518080200454,1583861958568,5.0,52.3314259,5.0624486,6.0,23534167.0,14.0,3.89,8.0,213.0,357518080200454.0,16.0,0.0,1583861968.0,6498.0,9.72,,EC Prototype 002
2020-03-10 17:39:31.104,mijnomgeving,357518080495526,1583861971104,1.0,52.2262046,5.1746952,7.0,21618.0,4.0,4.15,10.0,2.0,357518080495526.0,32.0,0.0,1583861968.0,136.0,12.27,,EC 327
2020-03-10 17:39:38.041,mijnomgeving,357518080495146,1583861978041,3.0,52.386943,5.3121864,5.0,43219.0,-8.0,4.17,11.0,236.0,357518080495146.0,32.0,3.0,1583861973.0,1700.0,10.69,,EC 317
2020-03-10 17:39:44.036,mijnomgeving,357518080494875,1583861984036,1.0,52.6578588,5.614784,4.0,72918.0,-4.0,4.2,10.0,198.0,357518080494875.0,32.0,3.0,1583861983.0,1913.0,10.42,,EC 311
2020-03-10 17:39:46.999,mijnomgeving,357518080169006,1583861986999,24.0,,,,32434.0,,3.64,11.0,,357518080169006.0,32.0,,1583861986.0,765.0,11.66,,EC 213
2020-03-10 17:39:48.026,mijnomgeving,357518080495112,1583861988026,1.0,52.8375735,5.7141378,5.0,114318.0,6.0,4.22,9.0,16.0,357518080495112.0,32.0,1.0,1583861990.0,1767.0,10.69,,EC 306
2020-03-10 17:40:50.102,mijnomgeving,357518080494909,1583862050102,18.0,52.2260154,5.1747608,4.0,444635.0,65.0,4.17,9.0,211.0,357518080494909.0,32.0,0.0,1583862067.0,116.0,12.45,,EC 329
2020-03-10 17:41:19.849,mijnomgeving,357518080167000,1583862079849,4.0,52.1739202,5.0359696,5.0,147615.0,12.0,4.13,8.0,0.0,357518080167000.0,32.0,0.0,1583862083.0,617.0,9.54,,EC 228
2020-03-10 17:41:35.171,mijnomgeving,357518080495088,1583862095171,255.0,2.55e-05,2.55e-05,0.0,20964.0,0.0,3.88,24.0,0.0,357518080495088.0,32.0,0.0,1583862092.0,1.0,21.53,3.041,EC 321
2020-03-10 17:41:38.119,mijnomgeving,357518080495203,1583862098119,1.0,52.2262329,5.1746459,5.0,192627.0,21.0,4.17,10.0,247.0,357518080495203.0,32.0,0.0,1583862100.0,130.0,12.71,,EC 324
2020-03-10 17:41:45.198,mijnomgeving,357518080494768,1583862105198,13.0,52.4167196,5.2264535,5.0,157529.0,-22.0,4.21,11.0,29.0,357518080494768.0,32.0,0.0,1583862105.0,1662.0,10.42,,EC 305
2020-03-10 17:41:49.868,mijnomgeving,357518080203151,1583862109868,23.0,52.4206966,4.8597163,5.0,21685557.0,-25.0,4.16,9.0,34.0,357518080203151.0,16.0,0.0,1583862111.0,88.0,10.16,,EC Prototype 001
2020-03-10 17:41:51.093,mijnomgeving,357518080168917,1583862111093,2.0,52.3406084,4.9254483,5.0,21713466.0,2.0,4.01,10.0,0.0,357518080168917.0,16.0,0.0,1583862119.0,0.0,12.89,,EC 209
2020-03-10 17:42:07.183,mijnomgeving,357518080497423,1583862127183,1.0,52.5229696,5.589593,4.0,18918.0,-54.0,4.18,10.0,233.0,357518080497423.0,32.0,0.0,1583862124.0,1972.0,10.95,,EC 318
2020-03-10 17:42:08.169,mijnomgeving,357518080495070,1583862128169,255.0,2.55e-05,2.55e-05,0.0,18138.0,0.0,4.04,24.0,0.0,357518080495070.0,32.0,0.0,1583862125.0,1.0,21.26,,EC 320
2020-03-10 17:42:36.216,mijnomgeving,357518080495021,1583862156216,25.0,53.1564969,7.0209995,4.0,8142.0,-25.0,3.92,14.0,12.0,357518080495021.0,32.0,2.0,1583862152.0,0.0,15.27,,EC 325
2020-03-10 17:42:57.250,mijnomgeving,357518080497639,1583862177250,1.0,52.6591371,5.6608886,6.0,62118.0,-10.0,4.21,10.0,217.0,357518080497639.0,32.0,0.0,1583862176.0,2154.0,10.6,,EC 308
2020-03-10 17:43:14.218,mijnomgeving,357518080163405,1583862194218,6.0,52.3729302,4.9158679,5.0,66616.0,-25.0,4.14,8.0,0.0,357518080163405.0,32.0,0.0,1583862193.0,1650.0,9.98,,EC 226
2020-03-10 17:43:25.558,mijnomgeving,357518080165368,1583862205558,24.0,52.3395417,4.9111653,6.0,20673984.0,14.0,3.76,9.0,237.0,357518080165368.0,16.0,0.0,1583862221.0,1196.0,10.42,,EC 208
2020-03-10 17:43:31.280,mijnomgeving,357518080494776,1583862211280,1.0,52.2259879,5.1750551,6.0,18918.0,43.0,4.17,10.0,8.0,357518080494776.0,32.0,2.0,1583862207.0,137.0,12.36,,EC 330
2020-03-10 17:43:34.257,mijnomgeving,357518080495104,1583862214257,1.0,52.3373898,5.5374411,6.0,130518.0,-7.0,4.13,11.0,10.0,357518080495104.0,32.0,0.0,1583862206.0,712.0,11.13,,EC 312
2020-03-10 17:43:46.483,mijnomgeving,357518080495682,1583862226483,2.0,52.5494154,5.5883663,4.0,90919.0,0.0,4.2,10.0,235.0,357518080495682.0,32.0,0.0,1583862221.0,1490.0,11.21,,EC 316
2020-03-10 17:44:09.572,mijnomgeving,357518080497662,1583862249572,18.0,52.2262305,5.1746161,5.0,20736.0,0.0,4.21,11.0,249.0,357518080497662.0,32.0,0.0,1583862226.0,139.0,12.54,,EC 328
2020-03-10 17:44:26.597,mijnomgeving,357518080495088,1583862266597,255.0,2.55e-05,2.55e-05,0.0,21135.0,0.0,3.88,24.0,0.0,357518080495088.0,32.0,0.0,1583862263.0,1.0,21.53,3.041,EC 321
2020-03-10 17:44:40.147,mijnomgeving,357518080166960,1583862280147,33.0,52.7138919,6.8788468,7.0,187242.0,9.0,3.96,10.0,23.0,357518080166960.0,32.0,0.0,1583862284.0,540.0,10.24,,EC 232
2020-03-10 17:45:16.794,mijnomgeving,357518080495047,1583862316794,1.0,52.2262514,5.1746891,4.0,75618.0,11.0,4.17,11.0,248.0,357518080495047.0,32.0,0.0,1583862314.0,134.0,12.45,,EC 322
2020-03-10 17:45:19.742,mijnomgeving,357518080495120,1583862319742,0.0,52.3337526,5.3126123,6.0,19817.0,-4.0,4.18,10.0,251.0,357518080495120.0,32.0,0.0,1583862316.0,1502.0,10.33,,EC 303
2020-03-10 17:46:06.401,mijnomgeving,357518080165475,1583862366401,5.0,52.3734763,4.9244669,4.0,13217451.0,-102.0,4.12,9.0,219.0,357518080165475.0,1.0,0.0,1583862383.0,1310.0,9.63,,EC 201
2020-03-10 17:46:14.002,mijnomgeving,357518080495153,1583862374002,1.0,52.5790681,5.7566953,5.0,36018.0,-23.0,4.2,9.0,5.0,357518080495153.0,32.0,0.0,1583862370.0,2560.0,10.42,,EC 313
2020-03-10 17:46:52.120,mijnomgeving,357518080495534,1583862412120,10.0,52.5326486,5.592937,5.0,18928.0,-26.0,4.21,12.0,52.0,357518080495534.0,32.0,0.0,1583862406.0,1910.0,10.86,,EC 307
2020-03-10 17:47:10.134,mijnomgeving,357518080163249,1583862430134,29.0,,,,6338.0,,4.17,12.0,,357518080163249.0,32.0,,1583862427.0,538.0,11.21,,EC 212
2020-03-10 17:47:13.132,mijnomgeving,357518080497696,1583862433132,1.0,52.5173923,5.5092028,4.0,71118.0,2.0,4.17,10.0,239.0,357518080497696.0,32.0,0.0,1583862433.0,1026.0,10.42,,EC 319
2020-03-10 17:47:33.175,mijnomgeving,357518080494826,1583862453175,1.0,52.2259561,5.1748363,4.0,10827.0,44.0,4.18,11.0,239.0,357518080494826.0,32.0,0.0,1583862450.0,131.0,12.1,,EC 323
2020-03-10 17:47:34.156,mijnomgeving,357518080495088,1583862454156,255.0,2.55e-05,2.55e-05,0.0,21324.0,0.0,3.88,24.0,0.0,357518080495088.0,32.0,0.0,1583862452.0,1.0,21.62,3.041,EC 321
2020-03-10 17:47:52.186,mijnomgeving,357518080495161,1583862472186,4.0,52.4996989,5.4527005,4.0,6472825.0,28.0,4.2,10.0,0.0,357518080495161.0,32.0,0.0,1583862482.0,901.0,10.33,,EC 315
2020-03-10 17:47:58.015,mijnomgeving,357518080166580,1583862478015,7.0,52.3599855,4.8153974,4.0,6317.0,70.0,4.04,9.0,17.0,357518080166580.0,32.0,1.0,1583862475.0,666.0,9.63,,EC 224
2020-03-10 17:48:25.966,mijnomgeving,357518080494982,1583862505966,1.0,52.2260962,5.1746848,5.0,3618.0,28.0,4.17,10.0,239.0,357518080494982.0,32.0,0.0,1583862501.0,134.0,12.36,,EC 326
2020-03-10 17:48:29.804,mijnomgeving,357518080164395,1583862509804,3.0,51.898185,4.4233351,8.0,58513.0,8.0,4.04,9.0,0.0,357518080164395.0,32.0,0.0,1583862508.0,778.0,10.24,,EC 241
2020-03-10 17:48:33.163,mijnomgeving,357518080163173,1583862513163,5.0,52.7217728,6.8192886,4.0,52215.0,9.0,3.96,8.0,0.0,357518080163173.0,32.0,0.0,1583862510.0,512.0,10.24,,EC 231
2020-03-10 17:48:37.069,mijnomgeving,357518080166887,1583862517069,39.0,52.3701341,4.9009205,6.0,11952088.0,0.0,3.6,10.0,248.0,357518080166887.0,4.0,0.0,1583862513.0,41.0,13.07,,EC 200
2020-03-10 17:48:57.260,mijnomgeving,357518080166754,1583862537260,24.0,52.3538514,4.9248567,5.0,21091569.0,-4.0,4.17,10.0,245.0,357518080166754.0,16.0,0.0,1583862532.0,1217.0,10.51,,EC 204
2020-03-10 17:49:41.033,mijnomgeving,357518080330582,1583862581033,7.0,52.373108,4.9461423,4.0,27016.0,31.0,4.1,11.0,238.0,357518080330582.0,32.0,0.0,1583862544.0,1474.0,10.24,,EC 219
2020-03-10 17:50:25.181,mijnomgeving,357518080495088,1583862625181,255.0,2.55e-05,2.55e-05,0.0,21495.0,0.0,3.88,24.0,0.0,357518080495088.0,32.0,0.0,1583862623.0,2.0,21.62,3.041,EC 321
2020-03-10 17:51:24.393,mijnomgeving,357518080494859,1583862684393,1.0,52.5409789,5.5887609,6.0,70218.0,-6.0,4.17,10.0,229.0,357518080494859.0,32.0,0.0,1583862685.0,1715.0,10.77,,EC 302
2020-03-10 17:51:27.726,mijnomgeving,357518080328131,1583862687726,2.0,52.3868284,4.9176609,6.0,88212.0,3.0,3.8200000000000003,10.0,4.0,357518080328131.0,32.0,0.0,1583862689.0,48.0,12.54,,EC 230
2020-03-10 17:51:37.378,mijnomgeving,357518080494818,1583862697378,1.0,52.809147,5.7453046,5.0,31519.0,-9.0,4.22,9.0,235.0,357518080494818.0,32.0,1.0,1583862694.0,1592.0,10.69,,EC 309
2020-03-10 17:52:34.523,mijnomgeving,357518080494834,1583862754523,0.0,52.4257298,5.4203885,4.0,250217.0,-32.0,4.11,9.0,50.0,357518080494834.0,32.0,0.0,1583862764.0,1353.0,11.13,,EC 314
2020-03-10 17:52:58.633,mijnomgeving,357518080170889,1583862778633,5.0,52.0143162,4.29536,5.0,140414.0,-64.0,4.189999999999999,7.0,0.0,357518080170889.0,32.0,0.0,1583862780.0,1157.0,13.15,,EC 236
2020-03-10 17:53:00.963,mijnomgeving,357518080332257,1583862780963,3.0,51.8983018,4.4232361000000004,8.0,1813.0,17.0,4.09,8.0,0.0,357518080332257.0,32.0,0.0,1583862777.0,528.0,9.98,,EC 240
2020-03-10 17:53:09.563,mijnomgeving,357518080171390,1583862789563,32.0,52.031908,5.3036425,8.0,21722469.0,0.0,4.17,10.0,252.0,357518080171390.0,64.0,0.0,1583862799.0,832.0,10.69,,EC 202
2020-03-10 17:53:21.959,mijnomgeving,357518080332265,1583862801959,5.0,52.3919695,4.937187,5.0,64814.0,-20.0,3.7,10.0,7.0,357518080332265.0,32.0,0.0,1583862784.0,1514.0,10.6,,EC 221
2020-03-10 17:53:22.949,mijnomgeving,357518080330764,1583862802949,22.0,51.8209877,4.6110703,6.0,71132.0,27.0,3.94,10.0,232.0,357518080330764.0,32.0,0.0,1583862798.0,316.0,11.66,,EC 244
2020-03-10 17:53:25.499,mijnomgeving,357518080495088,1583862805499,255.0,2.55e-05,2.55e-05,0.0,21675.0,0.0,3.88,24.0,0.0,357518080495088.0,32.0,0.0,1583862803.0,2.0,21.62,3.041,EC 321
2020-03-10 17:53:40.553,mijnomgeving,357518080495187,1583862820553,15.0,52.6350268,5.8235674,5.0,270032.0,42.0,4.25,12.0,239.0,357518080495187.0,32.0,0.0,1583862832.0,509.0,10.69,,EC 304
2020-03-10 17:53:59.870,mijnomgeving,357518080166663,1583862839870,1.0,51.8982321,4.4232498,5.0,136811.0,-4.0,4.12,9.0,218.0,357518080166663.0,32.0,0.0,1583862824.0,725.0,9.98,,EC 243
2020-03-10 17:54:25.403,mijnomgeving,357518080169006,1583862865403,2.0,,,,33312.0,,3.64,11.0,,357518080169006.0,32.0,,1583862864.0,766.0,11.66,,EC 213
2020-03-10 17:54:30.602,mijnomgeving,357518080495526,1583862870602,1.0,52.2261812,5.174577,7.0,22518.0,8.0,4.15,9.0,12.0,357518080495526.0,32.0,0.0,1583862868.0,134.0,12.27,,EC 327
2020-03-10 17:54:40.920,mijnomgeving,357518080200454,1583862880920,27.0,52.3312672,5.0624653,6.0,23535089.0,-7.0,3.89,9.0,0.0,357518080200454.0,16.0,0.0,1583862890.0,6546.0,9.72,,EC Prototype 002
2020-03-10 17:54:43.847,mijnomgeving,357518080495146,1583862883847,12.0,52.3866071,5.3129672,4.0,44128.0,-24.0,4.17,11.0,230.0,357518080495146.0,32.0,0.0,1583862882.0,1687.0,10.69,,EC 317
2020-03-10 17:54:47.620,mijnomgeving,357518080495112,1583862887620,1.0,52.8374893,5.7139178,4.0,115218.0,-3.0,4.22,9.0,235.0,357518080495112.0,32.0,0.0,1583862890.0,1775.0,10.69,,EC 306
2020-03-10 17:54:57.656,mijnomgeving,357518080494875,1583862897656,12.0,52.657382,5.6134900000000005,4.0,73829.0,90.0,4.189999999999999,10.0,57.0,357518080494875.0,32.0,3.0,1583862894.0,1906.0,10.42,,EC 311
2020-03-10 17:55:52.130,mijnomgeving,357518080494909,1583862952130,19.0,52.2258832,5.1748404,4.0,445536.0,98.0,4.17,9.0,219.0,357518080494909.0,32.0,0.0,1583862968.0,117.0,12.45,,EC 329
2020-03-10 17:56:18.750,mijnomgeving,357518080167000,1583862978750,3.0,52.1739548,5.035912,5.0,148514.0,0.0,4.13,8.0,207.0,357518080167000.0,32.0,0.0,1583862982.0,617.0,9.54,,EC 228
2020-03-10 17:56:26.129,mijnomgeving,357518080495088,1583862986129,255.0,2.55e-05,2.55e-05,0.0,21855.0,0.0,3.88,24.0,0.0,357518080495088.0,32.0,0.0,1583862983.0,3.0,21.53,3.041,EC 321
2020-03-10 17:56:29.537,mijnomgeving,357518080203151,1583862989537,3.0,52.420404,4.8594719,5.0,21686437.0,-39.0,4.15,9.0,226.0,357518080203151.0,16.0,0.0,1583862991.0,88.0,10.16,,EC Prototype 001
2020-03-10 17:56:40.139,mijnomgeving,357518080494768,1583863000139,4.0,52.4158728,5.2275692,4.0,158420.0,7.0,4.21,11.0,238.0,357518080494768.0,32.0,8.0,1583862996.0,1615.0,10.42,,EC 305
2020-03-10 17:56:58.046,mijnomgeving,357518080168917,1583863018046,3.0,52.3398169,4.9242033,5.0,21714367.0,216.0,4.01,10.0,33.0,357518080168917.0,16.0,0.0,1583863020.0,1.0,13.24,,EC 209
2020-03-10 17:57:12.164,mijnomgeving,357518080497423,1583863032164,1.0,52.5231712,5.5891694,4.0,19818.0,-93.0,4.18,10.0,201.0,357518080497423.0,32.0,0.0,1583863024.0,1963.0,10.95,,EC 318
2020-03-10 17:57:16.132,mijnomgeving,357518080495070,1583863036132,255.0,2.55e-05,2.55e-05,0.0,19047.0,0.0,4.04,24.0,0.0,357518080495070.0,32.0,0.0,1583863034.0,0.0,21.26,,EC 320
2020-03-10 17:57:36.312,mijnomgeving,357518080495203,1583863056312,0.0,52.2260536,5.1745275,4.0,40.0,46.0,4.18,11.0,16.0,357518080495203.0,32.0,0.0,1583863049.0,129.0,12.71,,EC 324
2020-03-10 17:57:39.213,mijnomgeving,357518080495021,1583863059213,26.0,53.1564079,7.0208291,4.0,9043.0,-66.0,3.93,14.0,10.0,357518080495021.0,32.0,3.0,1583863053.0,0.0,15.36,,EC 325
2020-03-10 17:57:56.225,mijnomgeving,357518080497639,1583863076225,0.0,52.659139,5.6608533,5.0,63017.0,-15.0,4.21,10.0,0.0,357518080497639.0,32.0,0.0,1583863075.0,2162.0,10.6,,EC 308
2020-03-10 17:58:11.715,mijnomgeving,357518080163405,1583863091715,4.0,52.3728085,4.9160996,4.0,67514.0,-24.0,4.14,8.0,0.0,357518080163405.0,32.0,0.0,1583863091.0,1655.0,9.98,,EC 226
2020-03-10 17:58:23.247,mijnomgeving,357518080495104,1583863103247,1.0,52.3376612,5.5375132,6.0,131418.0,22.0,4.13,12.0,15.0,357518080495104.0,32.0,1.0,1583863106.0,713.0,11.13,,EC 312
2020-03-10 17:58:37.582,mijnomgeving,357518080165368,1583863117582,24.0,52.3398291,4.9107751,5.0,20674884.0,-22.0,3.76,10.0,0.0,357518080165368.0,16.0,0.0,1583863121.0,1205.0,10.42,,EC 208
2020-03-10 17:58:43.298,mijnomgeving,357518080495682,1583863123298,1.0,52.5497391,5.5875988,4.0,91818.0,-61.0,4.189999999999999,10.0,227.0,357518080495682.0,32.0,0.0,1583863120.0,1490.0,11.21,,EC 316
2020-03-10 17:58:57.254,mijnomgeving,357518080497662,1583863137254,26.0,52.2261315,5.1746871,8.0,21644.0,20.0,4.21,12.0,242.0,357518080497662.0,32.0,0.0,1583863134.0,139.0,12.54,,EC 328
2020-03-10 17:59:28.331,mijnomgeving,357518080495088,1583863168331,255.0,2.55e-05,2.55e-05,0.0,22035.0,0.0,3.88,24.0,0.0,357518080495088.0,32.0,0.0,1583863163.0,2.0,21.53,3.041,EC 321
2020-03-10 17:59:38.321,mijnomgeving,357518080494776,1583863178321,0.0,52.2262116,5.1745858,5.0,41.0,23.0,4.17,11.0,14.0,357518080494776.0,32.0,0.0,1583863174.0,134.0,12.36,,EC 330
2020-03-10 18:00:00.539,mijnomgeving,357518080166960,1583863200539,53.0,52.7137139,6.8788829,7.0,188163.0,31.0,3.96,10.0,14.0,357518080166960.0,32.0,0.0,1583863204.0,539.0,10.24,,EC 232
2020-03-10 18:00:19.442,mijnomgeving,357518080495120,1583863219442,1.0,52.3336789,5.3127088,5.0,20717.0,-14.0,4.18,10.0,240.0,357518080495120.0,32.0,0.0,1583863216.0,1506.0,10.33,,EC 303
2020-03-10 18:00:40.947,mijnomgeving,357518080495047,1583863240947,25.0,52.2262687,5.1747443,5.0,76542.0,0.0,4.18,11.0,38.0,357518080495047.0,32.0,0.0,1583863238.0,134.0,12.45,,EC 322
2020-03-10 18:01:18.005,mijnomgeving,357518080165475,1583863278005,18.0,52.3720696,4.9249188,5.0,13218363.0,-27.0,4.12,9.0,254.0,357518080165475.0,1.0,0.0,1583863295.0,1269.0,9.63,,EC 201
2020-03-10 18:01:34.048,mijnomgeving,357518080495153,1583863294048,23.0,52.5789859,5.7567722,5.0,36940.0,-16.0,4.2,10.0,5.0,357518080495153.0,32.0,0.0,1583863292.0,2549.0,10.42,,EC 313
2020-03-10 18:01:38.995,mijnomgeving,357518080495534,1583863298995,1.0,52.5326075,5.5930116,4.0,19818.0,-23.0,4.21,11.0,12.0,357518080495534.0,32.0,0.0,1583863296.0,1900.0,10.86,,EC 307
2020-03-10 18:02:02.341,mijnomgeving,357518080163249,1583863322341,3.0,,,,7212.0,,4.16,12.0,,357518080163249.0,32.0,,1583863301.0,539.0,11.3,,EC 212
2020-03-10 18:02:25.305,mijnomgeving,357518080495088,1583863345305,255.0,2.55e-05,2.55e-05,0.0,22215.0,0.0,3.89,24.0,0.0,357518080495088.0,32.0,0.0,1583863343.0,1.0,21.53,3.041,EC 321
2020-03-10 18:02:29.263,mijnomgeving,357518080497696,1583863349263,16.0,52.5171666,5.509449,4.0,72033.0,13.0,4.17,10.0,238.0,357518080497696.0,32.0,2.0,1583863349.0,1027.0,10.42,,EC 319
2020-03-10 18:02:49.332,mijnomgeving,357518080494826,1583863369332,17.0,52.2261582,5.1746323,8.0,11743.0,20.0,4.18,12.0,3.0,357518080494826.0,32.0,0.0,1583863366.0,129.0,12.1,,EC 323
2020-03-10 18:02:52.307,mijnomgeving,357518080495161,1583863372307,4.0,52.500197,5.452357,4.0,6473725.0,-30.0,4.189999999999999,10.0,246.0,357518080495161.0,32.0,1.0,1583863382.0,903.0,10.33,,EC 315
2020-03-10 18:03:25.398,mijnomgeving,357518080494982,1583863405398,1.0,52.2258975,5.1749695,4.0,4518.0,35.0,4.17,10.0,251.0,357518080494982.0,32.0,0.0,1583863401.0,133.0,12.36,,EC 326
2020-03-10 18:03:33.282,mijnomgeving,357518080164395,1583863413282,3.0,51.8982572,4.4233808,7.0,59413.0,11.0,4.04,9.0,247.0,357518080164395.0,32.0,0.0,1583863408.0,780.0,10.24,,EC 241
2020-03-10 18:03:39.260,mijnomgeving,357518080166754,1583863419260,24.0,52.3538248,4.9247875,6.0,21092469.0,-2.0,4.17,11.0,18.0,357518080166754.0,16.0,0.0,1583863432.0,1215.0,10.51,,EC 204
2020-03-10 18:03:46.598,mijnomgeving,357518080166580,1583863426598,24.0,52.3604288,4.8157677,4.0,7234.0,-13.0,4.05,10.0,0.0,357518080166580.0,32.0,0.0,1583863392.0,667.0,9.63,,EC 224
2020-03-10 18:03:47.401,mijnomgeving,357518080163173,1583863427401,21.0,52.7218195,6.8190132,5.0,53131.0,6.0,3.96,9.0,37.0,357518080163173.0,32.0,0.0,1583863426.0,512.0,10.33,,EC 231
2020-03-10 18:04:39.897,mijnomgeving,357518080330582,1583863479897,34.0,52.3732535,4.946,8.0,27943.0,4.0,4.1,12.0,238.0,357518080330582.0,32.0,0.0,1583863471.0,1483.0,10.24,,EC 219
2020-03-10 18:04:45.119,mijnomgeving,357518080166887,1583863485119,104.0,52.3699957,4.9009536,7.0,11953053.0,-10.0,3.61,10.0,44.0,357518080166887.0,4.0,0.0,1583863478.0,42.0,12.98,,EC 200
2020-03-10 18:05:26.698,mijnomgeving,357518080495088,1583863526698,255.0,2.55e-05,2.55e-05,0.0,22395.0,0.0,3.89,24.0,0.0,357518080495088.0,32.0,0.0,1583863523.0,2.0,21.53,3.041,EC 321
2020-03-10 18:06:25.782,mijnomgeving,357518080494859,1583863585782,1.0,52.54098,5.588767,6.0,71118.0,-6.0,4.17,10.0,248.0,357518080494859.0,32.0,0.0,1583863585.0,1718.0,10.77,,EC 302
2020-03-10 18:06:36.871,mijnomgeving,357518080328131,1583863596871,11.0,52.3868862,4.9175256,4.0,89122.0,-4.0,3.8200000000000003,10.0,2.0,357518080328131.0,32.0,0.0,1583863599.0,47.0,12.54,,EC 230
2020-03-10 18:06:43.772,mijnomgeving,357518080494818,1583863603772,8.0,52.8091268,5.7452936999999995,4.0,32426.0,-9.0,4.22,9.0,28.0,357518080494818.0,32.0,0.0,1583863601.0,1580.0,10.77,,EC 309
2020-03-10 18:07:38.052,mijnomgeving,357518080171390,1583863658052,0.0,52.0319317,5.3036303,7.0,21723337.0,-10.0,4.17,10.0,0.0,357518080171390.0,64.0,0.0,1583863667.0,833.0,10.77,,EC 202
2020-03-10 18:07:49.799,mijnomgeving,357518080494834,1583863669799,14.0,52.4256878,5.420765,6.0,251131.0,-16.0,4.1,10.0,204.0,357518080494834.0,32.0,0.0,1583863678.0,1340.0,11.04,,EC 314
2020-03-10 18:07:57.499,mijnomgeving,357518080170889,1583863677499,4.0,52.0149109,4.2951692999999995,4.0,141313.0,-18.0,4.189999999999999,7.0,10.0,357518080170889.0,32.0,0.0,1583863679.0,1182.0,13.15,,EC 236
2020-03-10 18:07:58.222,mijnomgeving,357518080332257,1583863678222,1.0,51.898145,4.4231804,7.0,2711.0,6.0,4.09,8.0,31.0,357518080332257.0,32.0,1.0,1583863675.0,535.0,9.98,,EC 240
2020-03-10 18:08:07.722,mijnomgeving,357518080330764,1583863687722,7.0,51.8210399,4.6108611,5.0,72017.0,-16.0,3.94,10.0,0.0,357518080330764.0,32.0,0.0,1583863683.0,312.0,11.66,,EC 244
2020-03-10 18:08:23.444,mijnomgeving,357518080332265,1583863703444,18.0,52.3920275,4.9372071,5.0,65727.0,-14.0,3.7,10.0,15.0,357518080332265.0,32.0,0.0,1583863697.0,1513.0,10.69,,EC 221
2020-03-10 18:08:25.856,mijnomgeving,357518080495187,1583863705856,0.0,52.6351828,5.8235018,5.0,270917.0,9.0,4.25,11.0,27.0,357518080495187.0,32.0,0.0,1583863717.0,513.0,10.6,,EC 304
2020-03-10 18:08:25.889,mijnomgeving,357518080495088,1583863705889,255.0,2.55e-05,2.55e-05,0.0,22575.0,0.0,3.88,24.0,0.0,357518080495088.0,32.0,0.0,1583863703.0,2.0,21.53,3.041,EC 321
2020-03-10 18:09:09.003,mijnomgeving,357518080166663,1583863749003,28.0,51.8982415,4.4233063999999995,7.0,137737.0,2.0,4.12,9.0,0.0,357518080166663.0,32.0,0.0,1583863751.0,731.0,9.98,,EC 243
2020-03-10 18:09:16.018,mijnomgeving,357518080200454,1583863756018,2.0,52.3312636,5.0624205,5.0,23535964.0,-1.0,3.89,8.0,17.0,357518080200454.0,16.0,0.0,1583863765.0,6597.0,9.72,,EC Prototype 002
2020-03-10 18:09:27.486,mijnomgeving,357518080169006,1583863767486,4.0,,,,34214.0,,3.64,11.0,,357518080169006.0,32.0,,1583863766.0,759.0,11.66,,EC 213
2020-03-10 18:09:29.957,mijnomgeving,357518080495526,1583863769957,0.0,52.2263763,5.1744258,4.0,23418.0,-3.0,4.16,9.0,254.0,357518080495526.0,32.0,2.0,1583863768.0,133.0,12.27,,EC 327
2020-03-10 18:09:49.020,mijnomgeving,357518080495112,1583863789020,1.0,52.8369967,5.7145227,4.0,116118.0,10.0,4.22,9.0,238.0,357518080495112.0,32.0,3.0,1583863790.0,1764.0,10.69,,EC 306
2020-03-10 18:09:50.971,mijnomgeving,357518080494875,1583863790971,8.0,52.6575457,5.6141521,4.0,74724.0,43.0,4.189999999999999,10.0,54.0,357518080494875.0,32.0,5.0,1583863789.0,1898.0,10.42,,EC 311
2020-03-10 18:09:58.978,mijnomgeving,357518080495146,1583863798978,25.0,52.387006,5.312216,9.0,45042.0,-8.0,4.17,11.0,222.0,357518080495146.0,32.0,0.0,1583863796.0,1678.0,10.77,,EC 317
2020-03-10 18:10:59.334,mijnomgeving,357518080494909,1583863859334,26.0,52.2259555,5.1744896,7.0,446443.0,1.0,4.17,9.0,9.0,357518080494909.0,32.0,0.0,1583863875.0,119.0,12.36,,EC 329
2020-03-10 18:11:17.644,mijnomgeving,357518080167000,1583863877644,2.0,52.1739469,5.0359881,4.0,149413.0,14.0,4.13,8.0,0.0,357518080167000.0,32.0,0.0,1583863881.0,618.0,9.54,,EC 228
2020-03-10 18:11:25.463,mijnomgeving,357518080495088,1583863885463,255.0,2.55e-05,2.55e-05,0.0,22755.0,0.0,3.88,24.0,0.0,357518080495088.0,32.0,0.0,1583863883.0,1.0,21.53,3.041,EC 321
2020-03-10 18:11:51.765,mijnomgeving,357518080168917,1583863911765,3.0,52.3405082,4.925521,5.0,21715267.0,26.0,4.01,10.0,0.0,357518080168917.0,16.0,0.0,1583863920.0,5.0,13.07,,EC 209
2020-03-10 18:12:09.524,mijnomgeving,357518080494768,1583863929524,30.0,52.4167742,5.226456,4.0,159346.0,-19.0,4.21,12.0,235.0,357518080494768.0,32.0,0.0,1583863922.0,1483.0,10.42,,EC 305
2020-03-10 18:12:10.441,mijnomgeving,357518080495203,1583863930441,1.0,52.2260582,5.1745567,4.0,918.0,35.0,4.17,10.0,239.0,357518080495203.0,32.0,3.0,1583863927.0,129.0,12.62,,EC 324
2020-03-10 18:12:11.408,mijnomgeving,357518080203151,1583863931408,24.0,52.4207172,4.8597028,5.0,21687375.0,-2.0,4.16,9.0,250.0,357518080203151.0,16.0,0.0,1583863929.0,54.0,10.24,,EC Prototype 001
2020-03-10 18:12:19.549,mijnomgeving,357518080495070,1583863939549,255.0,2.55e-05,2.55e-05,0.0,19947.0,0.0,4.03,24.0,0.0,357518080495070.0,32.0,0.0,1583863934.0,1.0,21.26,,EC 320
2020-03-10 18:12:19.607,mijnomgeving,357518080497423,1583863939607,13.0,52.522992,5.5901354,7.0,20730.0,-11.0,4.17,11.0,12.0,357518080497423.0,32.0,0.0,1583863936.0,1944.0,11.04,,EC 318
2020-03-10 18:12:32.561,mijnomgeving,357518080495021,1583863952561,255.0,2.55e-05,2.55e-05,0.0,161.0,0.0,3.94,15.0,0.0,357518080495021.0,32.0,0.0,1583863949.0,0.0,15.53,,EC 325
2020-03-10 18:12:55.699,mijnomgeving,357518080497639,1583863975699,0.0,52.6591401,5.6609221,5.0,63918.0,-12.0,4.21,10.0,236.0,357518080497639.0,32.0,0.0,1583863975.0,2168.0,10.6,,EC 308
2020-03-10 18:13:12.964,mijnomgeving,357518080163405,1583863992964,4.0,52.3730045,4.9156892,4.0,68414.0,-17.0,4.13,8.0,0.0,357518080163405.0,32.0,0.0,1583863991.0,1660.0,9.98,,EC 226
2020-03-10 18:13:23.681,mijnomgeving,357518080495104,1583864003681,1.0,52.337572,5.5375081,6.0,132318.0,6.0,4.12,12.0,17.0,357518080495104.0,32.0,0.0,1583864006.0,711.0,11.13,,EC 312
2020-03-10 18:13:33.667,mijnomgeving,357518080497662,1583864013667,1.0,52.2261507,5.1746359,7.0,22519.0,14.0,4.21,11.0,14.0,357518080497662.0,32.0,0.0,1583864009.0,138.0,12.54,,EC 328
2020-03-10 18:13:34.762,mijnomgeving,357518080165368,1583864014762,33.0,52.3398398,4.9109261,5.0,20675793.0,0.0,3.76,10.0,0.0,357518080165368.0,16.0,0.0,1583864030.0,1211.0,10.42,,EC 208
2020-03-10 18:13:50.683,mijnomgeving,357518080495682,1583864030683,11.0,52.5494993,5.58808,6.0,92727.0,-15.0,4.189999999999999,10.0,29.0,357518080495682.0,32.0,0.0,1583864029.0,1496.0,11.13,,EC 316
2020-03-10 18:14:29.813,mijnomgeving,357518080495088,1583864069813,255.0,2.55e-05,2.55e-05,0.0,22935.0,0.0,3.88,24.0,0.0,357518080495088.0,32.0,0.0,1583864063.0,1.0,21.53,3.041,EC 321
2020-03-10 18:14:40.469,mijnomgeving,357518080166960,1583864080469,33.0,52.7137994,6.8787949,8.0,189042.0,30.0,3.96,10.0,4.0,357518080166960.0,32.0,0.0,1583864084.0,541.0,10.24,,EC 232
2020-03-10 18:14:48.743,mijnomgeving,357518080494776,1583864088743,25.0,52.2261148,5.1746739999999996,7.0,951.0,19.0,4.16,10.0,232.0,357518080494776.0,32.0,0.0,1583864084.0,136.0,12.36,,EC 330
2020-03-10 18:15:13.776,mijnomgeving,357518080495047,1583864113776,1.0,52.2261408,5.174642,5.0,77418.0,7.0,4.17,11.0,22.0,357518080495047.0,32.0,0.0,1583864114.0,133.0,12.45,,EC 322
2020-03-10 18:15:29.833,mijnomgeving,357518080495120,1583864129833,0.0,52.3337387,5.312707,5.0,21617.0,-13.0,4.18,10.0,240.0,357518080495120.0,32.0,0.0,1583864116.0,1503.0,10.33,,EC 303
2020-03-10 18:16:04.066,mijnomgeving,357518080165475,1583864164066,4.0,52.371892,4.925091,5.0,13219249.0,-25.0,4.12,10.0,6.0,357518080165475.0,1.0,1.0,1583864181.0,1285.0,9.63,,EC 201
2020-03-10 18:16:12.069,mijnomgeving,357518080495153,1583864172069,1.0,52.5788436,5.756851,5.0,37818.0,-14.0,4.2,10.0,200.0,357518080495153.0,32.0,0.0,1583864170.0,2541.0,10.42,,EC 313
2020-03-10 18:16:42.040,mijnomgeving,357518080495534,1583864202040,1.0,52.5325897,5.5928476,4.0,20718.0,-32.0,4.21,11.0,19.0,357518080495534.0,32.0,1.0,1583864196.0,1898.0,10.86,,EC 307
2020-03-10 18:16:49.938,mijnomgeving,357518080163249,1583864209938,3.0,,,,8112.0,,4.16,11.0,,357518080163249.0,32.0,,1583864201.0,540.0,11.3,,EC 212
2020-03-10 18:17:25.110,mijnomgeving,357518080494826,1583864245110,1.0,52.2260917,5.1745784,7.0,12618.0,36.0,4.18,11.0,17.0,357518080494826.0,32.0,0.0,1583864241.0,128.0,12.1,,EC 323
2020-03-10 18:17:25.219,mijnomgeving,357518080495088,1583864245219,255.0,2.55e-05,2.55e-05,0.0,23115.0,0.0,3.88,24.0,0.0,357518080495088.0,32.0,0.0,1583864243.0,2.0,21.53,3.041,EC 321
2020-03-10 18:17:26.075,mijnomgeving,357518080497696,1583864246075,13.0,52.5173049,5.5093791,4.0,72930.0,-10.0,4.17,10.0,239.0,357518080497696.0,32.0,1.0,1583864246.0,1025.0,10.42,,EC 319
2020-03-10 18:18:10.383,mijnomgeving,357518080495161,1583864290383,23.0,52.4999485,5.4527705,5.0,6474644.0,0.0,4.2,10.0,250.0,357518080495161.0,32.0,0.0,1583864301.0,902.0,10.33,,EC 315
2020-03-10 18:18:17.310,mijnomgeving,357518080166754,1583864297310,2.0,52.3539139,4.9248269,5.0,21093347.0,-10.0,4.17,11.0,8.0,357518080166754.0,16.0,0.0,1583864310.0,1221.0,10.51,,EC 204
2020-03-10 18:18:18.330,mijnomgeving,357518080166580,1583864298330,16.0,52.3604721,4.8159894,4.0,8126.0,-28.0,4.04,10.0,0.0,357518080166580.0,32.0,0.0,1583864284.0,667.0,9.63,,EC 224
2020-03-10 18:18:18.814,mijnomgeving,357518080166887,1583864298814,21.0,52.3703634,4.900828,6.0,11953870.0,3.0,3.61,10.0,0.0,357518080166887.0,4.0,0.0,1583864295.0,41.0,13.07,,EC 200
2020-03-10 18:18:25.358,mijnomgeving,357518080494982,1583864305358,1.0,52.2256417,5.1751884,4.0,5418.0,52.0,4.17,11.0,240.0,357518080494982.0,32.0,1.0,1583864301.0,134.0,12.36,,EC 326
2020-03-10 18:18:28.681,mijnomgeving,357518080164395,1583864308681,2.0,51.8982792,4.4234606,6.0,60312.0,9.0,4.04,9.0,52.0,357518080164395.0,32.0,0.0,1583864307.0,780.0,10.24,,EC 241
2020-03-10 18:18:29.938,mijnomgeving,357518080163173,1583864309938,4.0,52.7217372,6.8189060999999995,4.0,54013.0,33.0,3.96,8.0,1.0,357518080163173.0,32.0,0.0,1583864308.0,517.0,10.33,,EC 231
2020-03-10 18:19:02.959,mijnomgeving,357518080330582,1583864342959,3.0,52.3730825,4.9459938,5.0,28812.0,1.0,4.1,11.0,0.0,357518080330582.0,32.0,0.0,1583864340.0,1491.0,10.24,,EC 219
2020-03-10 18:20:35.675,mijnomgeving,357518080495088,1583864435675,255.0,2.55e-05,2.55e-05,0.0,23304.0,0.0,3.88,24.0,0.0,357518080495088.0,32.0,0.0,1583864432.0,0.0,21.53,3.041,EC 321
2020-03-10 18:21:25.635,mijnomgeving,357518080494859,1583864485635,1.0,52.5410204,5.5887131,6.0,72018.0,-10.0,4.17,10.0,46.0,357518080494859.0,32.0,0.0,1583864485.0,1712.0,10.86,,EC 302
2020-03-10 18:21:36.619,mijnomgeving,357518080494818,1583864496619,1.0,52.8095194,5.7437888,4.0,33319.0,6.0,4.22,9.0,236.0,357518080494818.0,32.0,0.0,1583864494.0,1574.0,10.77,,EC 309
2020-03-10 18:21:57.234,mijnomgeving,357518080328131,1583864517234,22.0,52.3868155,4.9175596,7.0,90042.0,-8.0,3.83,10.0,248.0,357518080328131.0,32.0,0.0,1583864519.0,47.0,12.54,,EC 230
2020-03-10 18:22:39.999,mijnomgeving,357518080171390,1583864559999,2.0,52.0319621,5.3037557,8.0,21724239.0,81.0,4.17,10.0,0.0,357518080171390.0,64.0,0.0,1583864569.0,827.0,10.77,,EC 202
2020-03-10 18:22:41.777,mijnomgeving,357518080494834,1583864561777,0.0,52.4265409,5.4212133,5.0,252017.0,47.0,4.11,9.0,11.0,357518080494834.0,32.0,2.0,1583864564.0,1347.0,11.04,,EC 314
2020-03-10 18:22:58.784,mijnomgeving,357518080332257,1583864578784,1.0,51.8982513,4.4233061,6.0,3611.0,-7.0,4.09,9.0,0.0,357518080332257.0,32.0,0.0,1583864575.0,536.0,9.98,,EC 240
2020-03-10 18:23:08.838,mijnomgeving,357518080330764,1583864588838,7.0,51.8210139,4.6110897,5.0,72917.0,52.0,3.94,10.0,0.0,357518080330764.0,32.0,0.0,1583864583.0,309.0,11.66,,EC 244
2020-03-10 18:23:11.324,mijnomgeving,357518080332265,1583864591324,11.0,52.3920976,4.9372343,5.0,66620.0,-3.0,3.7,10.0,0.0,357518080332265.0,32.0,3.0,1583864590.0,1513.0,10.69,,EC 221
2020-03-10 18:23:16.871,mijnomgeving,357518080170889,1583864596871,23.0,52.0141005,4.2953274,5.0,142233.0,-52.0,4.189999999999999,7.0,198.0,357518080170889.0,32.0,0.0,1583864598.0,1206.0,13.07,,EC 236
2020-03-10 18:23:25.777,mijnomgeving,357518080495187,1583864605777,1.0,52.6351853,5.8233946,5.0,271817.0,-18.0,4.25,12.0,53.0,357518080495187.0,32.0,0.0,1583864617.0,517.0,10.6,,EC 304
2020-03-10 18:23:34.762,mijnomgeving,357518080495088,1583864614762,255.0,2.55e-05,2.55e-05,0.0,23484.0,0.0,3.88,24.0,0.0,357518080495088.0,32.0,0.0,1583864612.0,1.0,21.53,3.041,EC 321
2020-03-10 18:24:05.161,mijnomgeving,357518080166663,1583864645161,3.0,51.8981848,4.4235318,7.0,138613.0,23.0,4.12,10.0,0.0,357518080166663.0,32.0,0.0,1583864627.0,728.0,9.98,,EC 243
2020-03-10 18:24:16.837,mijnomgeving,357518080200454,1583864656837,3.0,52.3313004,5.0624928,5.0,23536865.0,1.0,3.88,9.0,0.0,357518080200454.0,16.0,0.0,1583864666.0,6643.0,9.72,,EC Prototype 002
2020-03-10 18:24:28.258,mijnomgeving,357518080169006,1583864668258,6.0,,,,35115.0,,3.64,10.0,,357518080169006.0,32.0,,1583864667.0,761.0,11.66,,EC 213
2020-03-10 18:24:32.827,mijnomgeving,357518080495146,1583864672827,1.0,52.3870393,5.3122031,9.0,45918.0,-11.0,4.17,10.0,6.0,357518080495146.0,32.0,0.0,1583864672.0,1685.0,10.77,,EC 317
2020-03-10 18:24:40.831,mijnomgeving,357518080495526,1583864680831,11.0,52.226144,5.1747024,6.0,24329.0,7.0,4.15,10.0,230.0,357518080495526.0,32.0,0.0,1583864679.0,135.0,12.27,,EC 327
2020-03-10 18:24:49.886,mijnomgeving,357518080494875,1583864689886,1.0,52.6574651,5.6143891,4.0,75617.0,41.0,4.189999999999999,9.0,50.0,357518080494875.0,32.0,4.0,1583864682.0,1890.0,10.42,,EC 311
2020-03-10 18:24:57.822,mijnomgeving,357518080495112,1583864697822,9.0,52.8373361,5.7144876,4.0,117026.0,33.0,4.22,9.0,0.0,357518080495112.0,32.0,1.0,1583864698.0,1769.0,10.6,,EC 306
2020-03-10 18:25:31.878,mijnomgeving,357518080494909,1583864731878,1.0,52.2260574,5.17462,6.0,447318.0,68.0,4.17,8.0,22.0,357518080494909.0,32.0,0.0,1583864750.0,119.0,12.36,,EC 329
2020-03-10 18:26:20.203,mijnomgeving,357518080167000,1583864780203,4.0,52.1738748,5.0359208,4.0,150315.0,32.0,4.13,8.0,0.0,357518080167000.0,32.0,0.0,1583864783.0,618.0,9.54,,EC 228
2020-03-10 18:26:28.105,mijnomgeving,357518080495088,1583864788105,255.0,2.55e-05,2.55e-05,0.0,23655.0,0.0,3.88,24.0,0.0,357518080495088.0,32.0,0.0,1583864783.0,2.0,21.53,3.041,EC 321
2020-03-10 18:26:30.239,mijnomgeving,357518080203151,1583864790239,5.0,52.4210085,4.8600389,4.0,21688239.0,26.0,4.15,9.0,56.0,357518080203151.0,16.0,0.0,1583864793.0,36.0,10.16,,EC Prototype 001
2020-03-10 18:26:36.071,mijnomgeving,357518080494768,1583864796071,3.0,52.4165753,5.2262783,4.0,160219.0,5.0,4.2,11.0,0.0,357518080494768.0,32.0,1.0,1583864795.0,1525.0,10.42,,EC 305
2020-03-10 18:26:53.235,mijnomgeving,357518080168917,1583864813235,4.0,52.3407053,4.9256364,4.0,21716168.0,0.0,4.01,10.0,7.0,357518080168917.0,16.0,0.0,1583864821.0,2.0,13.33,,EC 209
2020-03-10 18:27:06.121,mijnomgeving,357518080497423,1583864826121,0.0,52.5228082,5.5899884,6.0,21617.0,-39.0,4.18,10.0,28.0,357518080497423.0,32.0,0.0,1583864823.0,1940.0,11.04,,EC 318
2020-03-10 18:27:07.094,mijnomgeving,357518080495070,1583864827094,255.0,2.55e-05,2.55e-05,0.0,20838.0,0.0,4.03,24.0,0.0,357518080495070.0,32.0,0.0,1583864825.0,1.0,21.26,,EC 320
2020-03-10 18:27:22.143,mijnomgeving,357518080495021,1583864842143,255.0,2.55e-05,2.55e-05,0.0,1038.0,0.0,3.92,16.0,0.0,357518080495021.0,32.0,0.0,1583864826.0,0.0,15.36,,EC 325
2020-03-10 18:27:35.151,mijnomgeving,357518080495203,1583864855151,25.0,52.2261128,5.1746491,6.0,1842.0,17.0,4.17,10.0,239.0,357518080495203.0,32.0,0.0,1583864851.0,129.0,12.62,,EC 324
2020-03-10 18:28:10.624,mijnomgeving,357518080497639,1583864890624,16.0,52.659194,5.6608339999999995,8.0,64833.0,-17.0,4.21,10.0,240.0,357518080497639.0,32.0,0.0,1583864890.0,2170.0,10.6,,EC 308
2020-03-10 18:28:23.575,mijnomgeving,357518080165368,1583864903575,22.0,52.3397999,4.9109865,4.0,20676682.0,-3.0,3.76,10.0,0.0,357518080165368.0,16.0,0.0,1583864919.0,1199.0,10.42,,EC 208
2020-03-10 18:28:23.651,mijnomgeving,357518080495104,1583864903651,1.0,52.3372386,5.5379366999999995,5.0,133218.0,42.0,4.13,12.0,240.0,357518080495104.0,32.0,2.0,1583864906.0,710.0,11.13,,EC 312
2020-03-10 18:28:29.656,mijnomgeving,357518080163405,1583864909656,14.0,52.3731313,4.9161667,4.0,69324.0,35.0,4.14,9.0,0.0,357518080163405.0,32.0,0.0,1583864901.0,1663.0,9.98,,EC 226
2020-03-10 18:28:41.670,mijnomgeving,357518080497662,1583864921670,1.0,52.2262234,5.1747308,7.0,23428.0,2.0,4.21,11.0,14.0,357518080497662.0,32.0,0.0,1583864918.0,137.0,12.54,,EC 328
2020-03-10 18:28:43.621,mijnomgeving,357518080495682,1583864923621,2.0,52.5495312,5.5878977,5.0,93619.0,-44.0,4.189999999999999,10.0,23.0,357518080495682.0,32.0,0.0,1583864921.0,1494.0,11.13,,EC 316
2020-03-10 18:29:14.671,mijnomgeving,357518080494776,1583864954671,1.0,52.2260635,5.1747274,7.0,1818.0,37.0,4.17,10.0,13.0,357518080494776.0,32.0,0.0,1583864951.0,135.0,12.36,,EC 330
2020-03-10 18:29:24.656,mijnomgeving,357518080495088,1583864964656,255.0,2.55e-05,2.55e-05,0.0,23835.0,0.0,3.88,24.0,0.0,357518080495088.0,32.0,0.0,1583864963.0,1.0,21.53,3.041,EC 321
2020-03-10 18:29:25.575,mijnomgeving,357518080166960,1583864965575,18.0,52.7145261,6.8790968,7.0,189927.0,-90.0,3.96,10.0,0.0,357518080166960.0,32.0,0.0,1583864969.0,539.0,10.24,,EC 232
2020-03-10 18:30:13.988,mijnomgeving,357518080495047,1583865013988,1.0,52.2261789,5.1746633,5.0,78318.0,8.0,4.17,10.0,0.0,357518080495047.0,32.0,0.0,1583865014.0,133.0,12.45,,EC 322
2020-03-10 18:30:42.079,mijnomgeving,357518080495120,1583865042079,22.0,52.3337768,5.3125900999999995,8.0,22538.0,-6.0,4.18,11.0,234.0,357518080495120.0,32.0,0.0,1583865037.0,1498.0,10.42,,EC 303
2020-03-10 18:31:15.168,mijnomgeving,357518080495153,1583865075168,1.0,52.5787404,5.7568353,4.0,38718.0,-32.0,4.2,10.0,14.0,357518080495153.0,32.0,0.0,1583865070.0,2536.0,10.42,,EC 313
2020-03-10 18:31:21.558,mijnomgeving,357518080165475,1583865081558,5.0,52.3720402,4.9251666,4.0,13220167.0,2.0,4.12,10.0,254.0,357518080165475.0,1.0,0.0,1583865099.0,1378.0,9.63,,EC 201
2020-03-10 18:31:39.339,mijnomgeving,357518080495534,1583865099339,1.0,52.532441,5.592659,4.0,21618.0,-41.0,4.21,11.0,44.0,357518080495534.0,32.0,0.0,1583865096.0,1892.0,10.86,,EC 307
2020-03-10 18:31:46.274,mijnomgeving,357518080163249,1583865106274,5.0,,,,9014.0,,4.16,11.0,,357518080163249.0,32.0,,1583865103.0,545.0,11.21,,EC 212
2020-03-10 18:32:26.446,mijnomgeving,357518080495088,1583865146446,255.0,2.55e-05,2.55e-05,0.0,24015.0,0.0,3.88,24.0,0.0,357518080495088.0,32.0,0.0,1583865143.0,1.0,21.53,3.041,EC 321
2020-03-10 18:32:36.430,mijnomgeving,357518080494826,1583865156430,1.0,52.2261903,5.1746967999999995,6.0,13527.0,7.0,4.18,11.0,21.0,357518080494826.0,32.0,0.0,1583865150.0,131.0,12.1,,EC 323
2020-03-10 18:32:39.408,mijnomgeving,357518080497696,1583865159408,25.0,52.5172332,5.5093937,5.0,73842.0,-3.0,4.17,10.0,227.0,357518080497696.0,32.0,0.0,1583865158.0,1025.0,10.42,,EC 319
2020-03-10 18:32:55.462,mijnomgeving,357518080495161,1583865175462,2.0,52.4998631,5.4529184,4.0,6475523.0,-10.0,4.189999999999999,10.0,11.0,357518080495161.0,32.0,0.0,1583865180.0,904.0,10.33,,EC 315
2020-03-10 18:33:20.448,mijnomgeving,357518080166754,1583865200448,3.0,52.3539308,4.9248549,6.0,21094248.0,-22.0,4.17,11.0,24.0,357518080166754.0,16.0,0.0,1583865211.0,1217.0,10.51,,EC 204
2020-03-10 18:33:28.498,mijnomgeving,357518080494982,1583865208498,4.0,52.2282275,5.1716075,4.0,6321.0,-71.0,4.17,11.0,242.0,357518080494982.0,32.0,6.0,1583865204.0,133.0,12.36,,EC 326
2020-03-10 18:33:30.194,mijnomgeving,357518080164395,1583865210194,3.0,51.898254,4.4232591,6.0,61213.0,-11.0,4.04,9.0,240.0,357518080164395.0,32.0,1.0,1583865208.0,779.0,10.24,,EC 241
2020-03-10 18:33:48.052,mijnomgeving,357518080163173,1583865228052,22.0,52.721964,6.8188969,5.0,54932.0,40.0,3.96,9.0,244.0,357518080163173.0,32.0,0.0,1583865227.0,515.0,10.33,,EC 231
2020-03-10 18:34:04.326,mijnomgeving,357518080330582,1583865244326,4.0,52.3730572,4.9460501,4.0,29713.0,-7.0,4.1,11.0,29.0,357518080330582.0,32.0,0.0,1583865241.0,1501.0,10.24,,EC 219
2020-03-10 18:35:25.973,mijnomgeving,357518080495088,1583865325973,255.0,2.55e-05,2.55e-05,0.0,24195.0,0.0,3.88,24.0,0.0,357518080495088.0,32.0,0.0,1583865323.0,0.0,21.53,3.041,EC 321
2020-03-10 18:35:59.184,mijnomgeving,357518080166887,1583865359184,35.0,52.3701895,4.9009439,8.0,11954784.0,13.0,3.61,10.0,234.0,357518080166887.0,4.0,0.0,1583865209.0,44.0,13.07,,EC 200
2020-03-10 18:36:04.635,mijnomgeving,357518080166580,1583865364635,14.0,52.3596927,4.8143705,4.0,9024.0,97.0,4.05,10.0,22.0,357518080166580.0,32.0,0.0,1583865182.0,666.0,9.63,,EC 224
2020-03-10 18:36:27.333,mijnomgeving,357518080494859,1583865387333,1.0,52.5409721,5.5887270000000004,5.0,72918.0,-7.0,4.17,10.0,242.0,357518080494859.0,32.0,0.0,1583865385.0,1706.0,10.86,,EC 302
2020-03-10 18:36:33.755,mijnomgeving,357518080328131,1583865393755,8.0,52.3868148,4.9176302,5.0,90918.0,35.0,3.8200000000000003,10.0,239.0,357518080328131.0,32.0,0.0,1583865395.0,48.0,12.54,,EC 230
2020-03-10 18:36:49.905,mijnomgeving,357518080494818,1583865409905,14.0,52.8091058,5.7455561,4.0,34232.0,9.0,4.22,10.0,230.0,357518080494818.0,32.0,0.0,1583865407.0,1565.0,10.77,,EC 309
2020-03-10 18:37:39.335,mijnomgeving,357518080171390,1583865459335,2.0,52.0318813,5.3035744,7.0,21725139.0,5.0,4.17,10.0,0.0,357518080171390.0,64.0,0.0,1583865469.0,825.0,10.77,,EC 202
2020-03-10 18:37:57.506,mijnomgeving,357518080170889,1583865477506,4.0,52.0149789,4.2954847,6.0,143113.0,103.0,4.189999999999999,7.0,50.0,357518080170889.0,32.0,0.0,1583865479.0,1308.0,12.71,,EC 236
2020-03-10 18:38:04.219,mijnomgeving,357518080332257,1583865484219,7.0,51.8981095,4.423274,4.0,4516.0,-36.0,4.09,8.0,13.0,357518080332257.0,32.0,0.0,1583865480.0,533.0,9.98,,EC 240
2020-03-10 18:38:07.626,mijnomgeving,357518080332265,1583865487626,7.0,52.3923099,4.9370086,5.0,67516.0,21.0,3.7,10.0,242.0,357518080332265.0,32.0,0.0,1583865486.0,1509.0,10.69,,EC 221
2020-03-10 18:38:20.310,mijnomgeving,357518080330764,1583865500310,24.0,51.821108100000004,4.6106788,4.0,73834.0,-12.0,3.94,10.0,200.0,357518080330764.0,32.0,0.0,1583865500.0,308.0,11.66,,EC 244
2020-03-10 18:38:26.014,mijnomgeving,357518080495088,1583865506014,255.0,2.55e-05,2.55e-05,0.0,24375.0,0.0,3.88,24.0,0.0,357518080495088.0,32.0,0.0,1583865503.0,0.0,21.53,3.041,EC 321
2020-03-10 18:38:26.124,mijnomgeving,357518080495187,1583865506124,1.0,52.6352902,5.8236391,5.0,272717.0,22.0,4.25,12.0,202.0,357518080495187.0,32.0,0.0,1583865517.0,518.0,10.6,,EC 304
2020-03-10 18:39:07.309,mijnomgeving,357518080166663,1583865547309,3.0,51.8982173,4.4233756,6.0,139513.0,3.0,4.12,9.0,0.0,357518080166663.0,32.0,0.0,1583865527.0,730.0,9.98,,EC 243
2020-03-10 18:39:15.695,mijnomgeving,357518080200454,1583865555695,2.0,52.3312737,5.0624066,5.0,23537764.0,-16.0,3.89,9.0,0.0,357518080200454.0,16.0,0.0,1583865565.0,6680.0,9.72,,EC Prototype 002
2020-03-10 18:39:29.419,mijnomgeving,357518080169006,1583865569419,7.0,,,,36016.0,,3.64,11.0,,357518080169006.0,32.0,,1583865568.0,766.0,11.66,,EC 213
2020-03-10 18:39:30.039,mijnomgeving,357518080495526,1583865570039,1.0,52.2260708,5.1745584000000004,7.0,25218.0,20.0,4.15,9.0,227.0,357518080495526.0,32.0,0.0,1583865568.0,133.0,12.27,,EC 327
2020-03-10 18:39:33.008,mijnomgeving,357518080495146,1583865573008,1.0,52.3870369,5.3122501,8.0,46818.0,-14.0,4.17,10.0,19.0,357518080495146.0,32.0,0.0,1583865572.0,1692.0,10.77,,EC 317
2020-03-10 18:39:45.989,mijnomgeving,357518080494875,1583865585989,4.0,52.6576683,5.6143529,4.0,76520.0,34.0,4.189999999999999,10.0,43.0,357518080494875.0,32.0,3.0,1583865585.0,1875.0,10.42,,EC 311
2020-03-10 18:40:11.183,mijnomgeving,357518080495112,1583865611183,23.0,52.8374786,5.7139167,5.0,117940.0,-6.0,4.22,9.0,255.0,357518080495112.0,32.0,0.0,1583865612.0,1761.0,10.69,,EC 306
2020-03-10 18:40:32.216,mijnomgeving,357518080494909,1583865632216,1.0,52.2257618,5.174706,5.0,448218.0,22.0,4.17,9.0,204.0,357518080494909.0,32.0,0.0,1583865650.0,119.0,12.36,,EC 329
2020-03-10 18:41:25.283,mijnomgeving,357518080495088,1583865685283,255.0,2.55e-05,2.55e-05,0.0,24555.0,0.0,3.88,24.0,0.0,357518080495088.0,32.0,0.0,1583865683.0,2.0,21.53,3.041,EC 321
2020-03-10 18:41:28.158,mijnomgeving,357518080167000,1583865688158,12.0,52.1740101,5.0358967,4.0,151223.0,4.0,4.13,8.0,0.0,357518080167000.0,32.0,0.0,1583865691.0,618.0,9.63,,EC 228
2020-03-10 18:41:38.840,mijnomgeving,357518080203151,1583865698840,7.0,52.4203381,4.8599065,4.0,21689141.0,-90.0,4.15,9.0,0.0,357518080203151.0,16.0,0.0,1583865695.0,50.0,10.16,,EC Prototype 001
2020-03-10 18:41:42.848,mijnomgeving,357518080494768,1583865702848,6.0,52.4169004,5.2267742,4.0,161122.0,-57.0,4.2,11.0,234.0,357518080494768.0,32.0,0.0,1583865698.0,1552.0,10.33,,EC 305
2020-03-10 18:41:52.282,mijnomgeving,357518080168917,1583865712282,3.0,52.3405636,4.9258228,4.0,21717067.0,89.0,4.01,10.0,0.0,357518080168917.0,16.0,0.0,1583865720.0,2.0,13.42,,EC 209
2020-03-10 18:42:09.054,mijnomgeving,357518080495021,1583865729054,255.0,2.55e-05,2.55e-05,0.0,1938.0,0.0,3.92,15.0,0.0,357518080495021.0,32.0,0.0,1583865726.0,0.0,15.36,,EC 325
2020-03-10 18:42:16.073,mijnomgeving,357518080497423,1583865736073,0.0,52.5231472,5.5899346,6.0,22518.0,-15.0,4.18,11.0,250.0,357518080497423.0,32.0,0.0,1583865724.0,1935.0,11.04,,EC 318
2020-03-10 18:42:16.108,mijnomgeving,357518080495070,1583865736108,255.0,2.55e-05,2.55e-05,0.0,21747.0,0.0,4.03,24.0,0.0,357518080495070.0,32.0,0.0,1583865734.0,0.0,21.26,,EC 320
2020-03-10 18:42:23.004,mijnomgeving,357518080495203,1583865743004,1.0,52.2262732,5.1745386,6.0,2727.0,16.0,4.17,10.0,230.0,357518080495203.0,32.0,0.0,1583865736.0,130.0,12.62,,EC 324
2020-03-10 18:42:57.186,mijnomgeving,357518080497639,1583865777186,1.0,52.6591559,5.6608184,8.0,65718.0,-11.0,4.21,9.0,47.0,357518080497639.0,32.0,0.0,1583865776.0,2179.0,10.6,,EC 308
2020-03-10 18:43:25.143,mijnomgeving,357518080495104,1583865805143,1.0,52.3372741,5.5376601,4.0,134118.0,55.0,4.12,12.0,231.0,357518080495104.0,32.0,0.0,1583865806.0,712.0,11.13,,EC 312
2020-03-10 18:43:32.094,mijnomgeving,357518080497662,1583865812094,1.0,52.2260531,5.1749152,6.0,24319.0,54.0,4.21,11.0,226.0,357518080497662.0,32.0,0.0,1583865809.0,138.0,12.54,,EC 328
2020-03-10 18:43:35.819,mijnomgeving,357518080165368,1583865815819,27.0,52.3397774,4.9116015,4.0,20677587.0,41.0,3.76,10.0,216.0,357518080165368.0,16.0,0.0,1583865824.0,1206.0,10.42,,EC 208
2020-03-10 18:43:40.081,mijnomgeving,357518080495682,1583865820081,3.0,52.5494353,5.5880349,4.0,94520.0,-34.0,4.189999999999999,10.0,244.0,357518080495682.0,32.0,1.0,1583865822.0,1487.0,11.13,,EC 316
2020-03-10 18:43:49.594,mijnomgeving,357518080163405,1583865829594,33.0,52.372742,4.9159919,5.0,70244.0,0.0,4.13,9.0,0.0,357518080163405.0,32.0,0.0,1583865820.0,1666.0,9.98,,EC 226
2020-03-10 18:44:15.165,mijnomgeving,357518080494776,1583865855165,1.0,52.2260653,5.1747109,5.0,2718.0,2.0,4.16,9.0,33.0,357518080494776.0,32.0,0.0,1583865851.0,136.0,12.36,,EC 330
2020-03-10 18:44:34.216,mijnomgeving,357518080495088,1583865874216,255.0,2.55e-05,2.55e-05,0.0,24744.0,0.0,3.88,24.0,0.0,357518080495088.0,32.0,0.0,1583865872.0,1.0,21.53,3.041,EC 321
2020-03-10 18:45:10.264,mijnomgeving,357518080166960,1583865910264,63.0,52.7138872,6.8788163,8.0,190872.0,0.0,3.96,10.0,19.0,357518080166960.0,32.0,0.0,1583865914.0,540.0,10.24,,EC 232
2020-03-10 18:45:13.228,mijnomgeving,357518080495047,1583865913228,1.0,52.2262719,5.174597,4.0,79218.0,-10.0,4.17,10.0,236.0,357518080495047.0,32.0,0.0,1583865914.0,132.0,12.45,,EC 322
2020-03-10 18:45:19.225,mijnomgeving,357518080495120,1583865919225,0.0,52.3337635,5.3125827,8.0,23417.0,-12.0,4.18,10.0,235.0,357518080495120.0,32.0,0.0,1583865916.0,1497.0,10.42,,EC 303
2020-03-10 18:46:04.690,mijnomgeving,357518080165475,1583865964690,5.0,52.3719532,4.9250614,4.0,13221050.0,-9.0,4.12,10.0,242.0,357518080165475.0,1.0,0.0,1583865982.0,1278.0,9.63,,EC 201
2020-03-10 18:46:12.372,mijnomgeving,357518080495153,1583865972372,1.0,52.578926,5.7568321000000005,4.0,39618.0,-1.0,4.189999999999999,10.0,21.0,357518080495153.0,32.0,0.0,1583865970.0,2533.0,10.42,,EC 313
2020-03-10 18:46:22.612,mijnomgeving,357518080163405,1583865982612,33.0,52.372742,4.9159919,5.0,70244.0,0.0,4.13,9.0,0.0,357518080163405.0,32.0,0.0,1583865820.0,1666.0,9.98,,EC 226
2020-03-10 18:46:48.201,mijnomgeving,357518080166580,1583866008201,0.0,52.3603871,4.8155485,6.0,51.0,6.0,4.04,11.0,25.0,357518080166580.0,32.0,0.0,1583865988.0,662.0,9.63,,EC 224
2020-03-10 18:46:50.138,mijnomgeving,357518080163249,1583866010138,4.0,,,,9913.0,,4.16,11.0,,357518080163249.0,32.0,,1583866002.0,538.0,11.3,,EC 212
2020-03-10 18:47:04.293,mijnomgeving,357518080495534,1583866024293,23.0,52.5326944,5.5930291,8.0,22541.0,3.0,4.21,12.0,248.0,357518080495534.0,32.0,0.0,1583866019.0,1886.0,10.86,,EC 307
2020-03-10 18:47:13.294,mijnomgeving,357518080497696,1583866033294,1.0,52.5172496,5.5093388999999995,5.0,74718.0,-9.0,4.17,10.0,0.0,357518080497696.0,32.0,0.0,1583866034.0,1027.0,10.42,,EC 319
2020-03-10 18:47:25.349,mijnomgeving,357518080494826,1583866045349,1.0,52.2261558,5.1746528,6.0,14418.0,8.0,4.18,11.0,0.0,357518080494826.0,32.0,0.0,1583866041.0,131.0,12.1,,EC 323
2020-03-10 18:47:25.383,mijnomgeving,357518080495088,1583866045383,255.0,2.55e-05,2.55e-05,0.0,24915.0,0.0,3.88,24.0,0.0,357518080495088.0,32.0,0.0,1583866043.0,1.0,21.53,2.988,EC 321
2020-03-10 18:47:49.400,mijnomgeving,357518080495161,1583866069400,2.0,52.4996906,5.4528848,4.0,6476423.0,-3.0,4.189999999999999,10.0,18.0,357518080495161.0,32.0,4.0,1583866080.0,906.0,10.33,,EC 315
2020-03-10 18:48:12.082,mijnomgeving,357518080166887,1583866092082,5.0,52.3701892,4.9009421,6.0,11955654.0,24.0,3.61,10.0,227.0,357518080166887.0,4.0,0.0,1583866079.0,45.0,13.0,,EC 200
2020-03-10 18:48:18.963,mijnomgeving,357518080166754,1583866098963,3.0,52.3536798,4.9248484999999995,4.0,21095148.0,-6.0,4.17,10.0,226.0,357518080166754.0,16.0,0.0,1583866111.0,1217.0,10.51,,EC 204
2020-03-10 18:48:29.829,mijnomgeving,357518080164395,1583866109829,3.0,51.8982295,4.4229137,5.0,62113.0,-38.0,4.04,9.0,234.0,357518080164395.0,32.0,1.0,1583866108.0,779.0,10.24,,EC 241
2020-03-10 18:48:31.561,mijnomgeving,357518080163173,1583866111561,6.0,52.7218151,6.8192093,5.0,55815.0,5.0,3.96,8.0,44.0,357518080163173.0,32.0,0.0,1583866110.0,520.0,10.33,,EC 231
2020-03-10 18:48:41.449,mijnomgeving,357518080494982,1583866121449,17.0,52.226184,5.1746289,6.0,7234.0,23.0,4.17,11.0,234.0,357518080494982.0,32.0,0.0,1583866117.0,134.0,12.27,,EC 326
2020-03-10 18:49:03.868,mijnomgeving,357518080330582,1583866143868,4.0,52.3730247,4.9460212,5.0,30614.0,-3.0,4.1,11.0,19.0,357518080330582.0,32.0,1.0,1583866141.0,1502.0,10.24,,EC 219
2020-03-10 18:50:19.571,mijnomgeving,357518080494834,1583866219571,1.0,52.4259571,5.4208408,4.0,252917.0,-5.0,4.11,9.0,37.0,357518080494834.0,32.0,0.0,1583865464.0,1349.0,11.13,,EC 314
2020-03-10 18:50:25.554,mijnomgeving,357518080495088,1583866225554,255.0,2.55e-05,2.55e-05,0.0,25095.0,0.0,3.88,24.0,0.0,357518080495088.0,32.0,0.0,1583866223.0,2.0,21.53,3.041,EC 321
2020-03-10 18:51:24.944,mijnomgeving,357518080494859,1583866284944,1.0,52.5409455,5.5888268,4.0,73818.0,-3.0,4.17,10.0,199.0,357518080494859.0,32.0,3.0,1583866285.0,1701.0,10.86,,EC 302
2020-03-10 18:51:39.902,mijnomgeving,357518080328131,1583866299902,5.0,52.3868479,4.9176983,6.0,91825.0,22.0,3.8200000000000003,10.0,5.0,357518080328131.0,32.0,0.0,1583866302.0,47.0,12.54,,EC 230
2020-03-10 18:52:00.112,mijnomgeving,357518080494818,1583866320112,24.0,52.8091131,5.7452793,6.0,35142.0,-9.0,4.22,10.0,226.0,357518080494818.0,32.0,0.0,1583866317.0,1562.0,10.77,,EC 309
2020-03-10 18:52:38.537,mijnomgeving,357518080171390,1583866358537,1.0,52.0318978,5.3035877,6.0,21726038.0,-1.0,4.17,10.0,0.0,357518080171390.0,64.0,0.0,1583866368.0,832.0,10.77,,EC 202
2020-03-10 18:52:44.182,mijnomgeving,357518080494834,1583866364182,1.0,52.4256713,5.4206579,4.0,253818.0,-33.0,4.11,11.0,3.0,357518080494834.0,32.0,0.0,1583866364.0,1360.0,11.21,,EC 314
2020-03-10 18:52:56.390,mijnomgeving,357518080170889,1583866376390,3.0,52.0145964,4.2954854000000005,5.0,144012.0,7.0,4.189999999999999,7.0,7.0,357518080170889.0,32.0,0.0,1583866378.0,1285.0,12.54,,EC 236
2020-03-10 18:53:07.785,mijnomgeving,357518080332265,1583866387785,7.0,52.3921637,4.9370997,4.0,68416.0,-8.0,3.7,10.0,247.0,357518080332265.0,32.0,0.0,1583866386.0,1513.0,10.69,,EC 221
2020-03-10 18:53:13.089,mijnomgeving,357518080330764,1583866393089,17.0,51.8214695,4.6102355,4.0,74727.0,-76.0,3.94,10.0,246.0,357518080330764.0,32.0,3.0,1583866393.0,305.0,11.66,,EC 244
2020-03-10 18:53:25.232,mijnomgeving,357518080495088,1583866405232,255.0,2.55e-05,2.55e-05,0.0,25275.0,0.0,3.88,24.0,0.0,357518080495088.0,32.0,0.0,1583866403.0,2.0,21.53,3.041,EC 321
2020-03-10 18:53:26.160,mijnomgeving,357518080495187,1583866406160,1.0,52.6353189,5.8232603,5.0,273618.0,-25.0,4.25,12.0,231.0,357518080495187.0,32.0,0.0,1583866418.0,517.0,10.6,,EC 304
2020-03-10 18:53:30.300,mijnomgeving,357518080332257,1583866410300,22.0,51.8982356,4.4232435,10.0,5431.0,13.0,4.09,9.0,0.0,357518080332257.0,32.0,0.0,1583866395.0,534.0,9.98,,EC 240
2020-03-10 18:53:49.992,mijnomgeving,357518080166663,1583866429992,2.0,51.8981639,4.4233373,5.0,140412.0,-16.0,4.12,10.0,209.0,357518080166663.0,32.0,0.0,1583866426.0,729.0,9.98,,EC 243
2020-03-10 18:54:17.034,mijnomgeving,357518080200454,1583866457034,3.0,52.3315771,5.0618148,4.0,23538665.0,-43.0,3.88,9.0,0.0,357518080200454.0,16.0,0.0,1583866466.0,6691.0,9.72,,EC Prototype 002
2020-03-10 18:54:28.258,mijnomgeving,357518080169006,1583866468258,6.0,,,,36915.0,,3.64,11.0,,357518080169006.0,32.0,,1583866467.0,755.0,11.66,,EC 213
2020-03-10 18:54:30.279,mijnomgeving,357518080495526,1583866470279,1.0,52.2261592,5.1746667,6.0,26118.0,-4.0,4.15,10.0,16.0,357518080495526.0,32.0,0.0,1583866468.0,136.0,12.27,,EC 327
2020-03-10 18:54:33.317,mijnomgeving,357518080495146,1583866473317,1.0,52.387028,5.3122627,7.0,47718.0,-9.0,4.17,10.0,23.0,357518080495146.0,32.0,0.0,1583866472.0,1690.0,10.77,,EC 317
2020-03-10 18:54:48.254,mijnomgeving,357518080495112,1583866488254,1.0,52.837431,5.7141606,5.0,118818.0,2.0,4.22,9.0,201.0,357518080495112.0,32.0,0.0,1583866490.0,1757.0,10.69,,EC 306
2020-03-10 18:55:12.331,mijnomgeving,357518080494875,1583866512331,26.0,52.6576701,5.6146472,4.0,77443.0,-70.0,4.189999999999999,11.0,20.0,357518080494875.0,32.0,0.0,1583866508.0,1854.0,10.42,,EC 311
2020-03-10 18:55:32.436,mijnomgeving,357518080494909,1583866532436,0.0,52.226464,5.1743175,4.0,449117.0,-85.0,4.17,9.0,239.0,357518080494909.0,32.0,0.0,1583866549.0,120.0,12.36,,EC 329
2020-03-10 18:56:27.498,mijnomgeving,357518080495088,1583866587498,255.0,2.55e-05,2.55e-05,0.0,25455.0,0.0,3.88,24.0,0.0,357518080495088.0,32.0,0.0,1583866583.0,1.0,21.53,3.041,EC 321
2020-03-10 18:56:35.964,mijnomgeving,357518080203151,1583866595964,10.0,52.4204593,4.8597488,4.0,21690044.0,-82.0,4.15,9.0,205.0,357518080203151.0,16.0,0.0,1583866598.0,63.0,10.24,,EC Prototype 001
2020-03-10 18:56:39.540,mijnomgeving,357518080167000,1583866599540,24.0,52.1739774,5.0359471,6.0,152135.0,-3.0,4.13,8.0,0.0,357518080167000.0,32.0,0.0,1583866603.0,614.0,9.63,,EC 228
2020-03-10 18:56:52.642,mijnomgeving,357518080494768,1583866612642,15.0,52.4163264,5.2271381,4.0,162031.0,98.0,4.21,12.0,229.0,357518080494768.0,32.0,1.0,1583866607.0,1594.0,10.33,,EC 305
2020-03-10 18:57:08.705,mijnomgeving,357518080495021,1583866628705,255.0,2.55e-05,2.55e-05,0.0,2838.0,0.0,3.92,15.0,0.0,357518080495021.0,32.0,0.0,1583866626.0,0.0,15.36,,EC 325
2020-03-10 18:57:10.802,mijnomgeving,357518080495203,1583866630802,1.0,52.2261537,5.1746024,4.0,3618.0,44.0,4.17,10.0,202.0,357518080495203.0,32.0,0.0,1583866627.0,130.0,12.62,,EC 324
2020-03-10 18:57:10.900,mijnomgeving,357518080497423,1583866630900,1.0,52.5227001,5.5903896,4.0,23417.0,-17.0,4.18,10.0,204.0,357518080497423.0,32.0,0.0,1583866623.0,1932.0,11.04,,EC 318
2020-03-10 18:57:11.167,mijnomgeving,357518080168917,1583866631167,22.0,52.3406063,4.9255587,5.0,21717986.0,-4.0,4.01,10.0,227.0,357518080168917.0,16.0,0.0,1583866639.0,1.0,13.59,,EC 209
2020-03-10 18:57:15.642,mijnomgeving,357518080495070,1583866635642,255.0,2.55e-05,2.55e-05,0.0,22647.0,0.0,4.03,24.0,0.0,357518080495070.0,32.0,0.0,1583866634.0,1.0,21.18,,EC 320
2020-03-10 18:57:56.081,mijnomgeving,357518080497639,1583866676081,1.0,52.6591615,5.6608104,8.0,66618.0,-14.0,4.21,10.0,52.0,357518080497639.0,32.0,0.0,1583866676.0,2180.0,10.6,,EC 308
2020-03-10 18:58:14.510,mijnomgeving,357518080163405,1583866694510,6.0,52.372924,4.9159903,5.0,71117.0,0.0,4.13,8.0,40.0,357518080163405.0,32.0,0.0,1583866694.0,1660.0,9.98,,EC 226
2020-03-10 18:58:19.818,mijnomgeving,357518080165368,1583866699818,19.0,52.3397903,4.910785,5.0,20678478.0,21.0,3.76,10.0,0.0,357518080165368.0,16.0,0.0,1583866715.0,1203.0,10.42,,EC 208
2020-03-10 18:58:32.980,mijnomgeving,357518080497662,1583866712980,1.0,52.2261441,5.1747681,6.0,25219.0,36.0,4.21,11.0,225.0,357518080497662.0,32.0,0.0,1583866709.0,139.0,12.54,,EC 328
2020-03-10 18:58:48.908,mijnomgeving,357518080495682,1583866728908,11.0,52.5494271,5.5880980000000005,6.0,95428.0,-8.0,4.189999999999999,10.0,252.0,357518080495682.0,32.0,0.0,1583866730.0,1490.0,11.13,,EC 316
2020-03-10 18:58:52.878,mijnomgeving,357518080495104,1583866732878,2.0,52.3371848,5.5378662,4.0,135019.0,21.0,4.12,12.0,229.0,357518080495104.0,32.0,0.0,1583866707.0,713.0,11.21,,EC 312
2020-03-10 18:59:14.951,mijnomgeving,357518080494776,1583866754951,1.0,52.2261022,5.1745238,5.0,3618.0,0.0,4.17,10.0,44.0,357518080494776.0,32.0,0.0,1583866751.0,136.0,12.27,,EC 330
2020-03-10 18:59:24.932,mijnomgeving,357518080495088,1583866764932,255.0,2.55e-05,2.55e-05,0.0,25635.0,0.0,3.88,24.0,0.0,357518080495088.0,32.0,0.0,1583866763.0,2.0,21.53,3.041,EC 321
2020-03-10 18:59:34.265,mijnomgeving,357518080166960,1583866774265,27.0,52.713952,6.8790457,8.0,191736.0,7.0,3.96,10.0,227.0,357518080166960.0,32.0,0.0,1583866778.0,538.0,10.24,,EC 232
2020-03-10 19:00:21.422,mijnomgeving,357518080495120,1583866821422,0.0,52.3337776,5.3125718,8.0,24317.0,-8.0,4.18,10.0,34.0,357518080495120.0,32.0,0.0,1583866816.0,1498.0,10.42,,EC 303
2020-03-10 19:00:44.627,mijnomgeving,357518080495047,1583866844627,25.0,52.2262452,5.174592,5.0,80142.0,-9.0,4.17,11.0,15.0,357518080495047.0,32.0,0.0,1583866838.0,133.0,12.45,,EC 322
2020-03-10 19:00:54.352,mijnomgeving,357518080166580,1583866854352,4.0,52.3602904,4.815307,6.0,914.0,12.0,4.04,10.0,28.0,357518080166580.0,32.0,0.0,1583866851.0,666.0,9.63,,EC 224
2020-03-10 19:01:12.229,mijnomgeving,357518080165475,1583866872229,12.0,52.3720899,4.9249666,4.0,13221957.0,11.0,4.12,10.0,227.0,357518080165475.0,1.0,0.0,1583866889.0,1278.0,9.63,,EC 201
2020-03-10 19:01:13.823,mijnomgeving,357518080495153,1583866873823,1.0,52.579022,5.7568404,4.0,40518.0,-2.0,4.189999999999999,10.0,27.0,357518080495153.0,32.0,0.0,1583866870.0,2534.0,10.42,,EC 313
2020-03-10 19:01:38.914,mijnomgeving,357518080495534,1583866898914,1.0,52.5326929,5.5930365,8.0,23418.0,-3.0,4.21,11.0,28.0,357518080495534.0,32.0,0.0,1583866896.0,1887.0,10.86,,EC 307
2020-03-10 19:01:48.407,mijnomgeving,357518080163249,1583866908407,7.0,,,,10817.0,,4.16,11.0,,357518080163249.0,32.0,,1583866905.0,542.0,11.3,,EC 212
2020-03-10 19:02:12.983,mijnomgeving,357518080497696,1583866932983,1.0,52.5172239,5.5094341,4.0,75618.0,-10.0,4.17,9.0,0.0,357518080497696.0,32.0,0.0,1583866934.0,1028.0,10.42,,EC 319
2020-03-10 19:02:23.965,mijnomgeving,357518080494826,1583866943965,1.0,52.22609,5.1745815,5.0,15318.0,4.0,4.18,11.0,34.0,357518080494826.0,32.0,0.0,1583866941.0,130.0,12.1,,EC 323
2020-03-10 19:02:25.009,mijnomgeving,357518080495088,1583866945009,255.0,2.55e-05,2.55e-05,0.0,25815.0,0.0,3.88,24.0,0.0,357518080495088.0,32.0,0.0,1583866943.0,2.0,21.53,3.041,EC 321
2020-03-10 19:02:51.062,mijnomgeving,357518080495161,1583866971062,4.0,52.4998466,5.4529015,4.0,6477325.0,6.0,4.189999999999999,10.0,39.0,357518080495161.0,32.0,1.0,1583866982.0,907.0,10.33,,EC 315
2020-03-10 19:03:07.117,mijnomgeving,357518080166887,1583866987117,12.0,52.3701397,4.9009927,8.0,11956561.0,10.0,3.61,10.0,251.0,357518080166887.0,4.0,0.0,1583866986.0,45.0,13.07,,EC 200
2020-03-10 19:03:18.169,mijnomgeving,357518080166754,1583866998169,2.0,52.353879,4.924722,4.0,21096047.0,-9.0,4.17,11.0,249.0,357518080166754.0,16.0,0.0,1583867010.0,1218.0,10.51,,EC 204
2020-03-10 19:03:24.082,mijnomgeving,357518080494982,1583867004082,0.0,52.2261299,5.1746836,6.0,8117.0,19.0,4.17,11.0,29.0,357518080494982.0,32.0,0.0,1583867000.0,134.0,12.27,,EC 326
2020-03-10 19:03:30.876,mijnomgeving,357518080163173,1583867010876,5.0,52.7218333,6.8189426,5.0,56714.0,51.0,3.96,8.0,247.0,357518080163173.0,32.0,0.0,1583867009.0,522.0,10.33,,EC 231
2020-03-10 19:03:48.542,mijnomgeving,357518080164395,1583867028542,22.0,51.8982277,4.4232518,8.0,63032.0,1.0,4.04,9.0,0.0,357518080164395.0,32.0,0.0,1583867027.0,779.0,10.24,,EC 241
2020-03-10 19:04:04.352,mijnomgeving,357518080330582,1583867044352,4.0,52.373109,4.9460342,4.0,31514.0,-6.0,4.1,11.0,0.0,357518080330582.0,32.0,0.0,1583867042.0,1499.0,10.24,,EC 219
2020-03-10 19:05:27.315,mijnomgeving,357518080495088,1583867127315,255.0,2.55e-05,2.55e-05,0.0,25995.0,0.0,3.88,24.0,0.0,357518080495088.0,32.0,0.0,1583867123.0,2.0,21.44,3.041,EC 321
2020-03-10 19:06:28.403,mijnomgeving,357518080494859,1583867188403,1.0,52.5410406,5.5888389,4.0,74718.0,0.0,4.17,10.0,51.0,357518080494859.0,32.0,0.0,1583867185.0,1698.0,10.86,,EC 302
2020-03-10 19:06:35.647,mijnomgeving,357518080494818,1583867195647,0.0,52.8092016,5.7453079,5.0,36018.0,-3.0,4.22,9.0,223.0,357518080494818.0,32.0,0.0,1583867193.0,1546.0,10.77,,EC 309
2020-03-10 19:06:35.869,mijnomgeving,357518080328131,1583867195869,11.0,52.3868266,4.9173655,5.0,92721.0,112.0,3.8200000000000003,10.0,228.0,357518080328131.0,32.0,0.0,1583867198.0,48.0,12.54,,EC 230
2020-03-10 19:07:37.796,mijnomgeving,357518080494834,1583867257796,1.0,52.4257144,5.4206299,4.0,254718.0,-23.0,4.11,9.0,0.0,357518080494834.0,32.0,0.0,1583867265.0,1338.0,11.21,,EC 314
2020-03-10 19:07:39.296,mijnomgeving,357518080171390,1583867259296,2.0,52.0316467,5.3033582,5.0,21726939.0,-20.0,4.17,10.0,0.0,357518080171390.0,64.0,0.0,1583867269.0,830.0,10.77,,EC 202
2020-03-10 19:07:57.843,mijnomgeving,357518080170889,1583867277843,4.0,52.0144479,4.2954289,4.0,144914.0,-30.0,4.189999999999999,7.0,0.0,357518080170889.0,32.0,0.0,1583867280.0,333.0,12.45,,EC 236
2020-03-10 19:08:01.657,mijnomgeving,357518080332257,1583867281657,3.0,51.8982887,4.4231265,8.0,6312.0,34.0,4.09,8.0,247.0,357518080332257.0,32.0,0.0,1583867276.0,535.0,9.98,,EC 240
2020-03-10 19:08:15.629,mijnomgeving,357518080332265,1583867295629,15.0,52.3920562,4.9372532,4.0,69325.0,18.0,3.7,10.0,249.0,357518080332265.0,32.0,0.0,1583867294.0,1513.0,10.69,,EC 221
2020-03-10 19:08:25.798,mijnomgeving,357518080495187,1583867305798,1.0,52.6352999,5.8233998,5.0,274518.0,-10.0,4.25,11.0,214.0,357518080495187.0,32.0,0.0,1583867317.0,519.0,10.6,,EC 304
2020-03-10 19:08:32.660,mijnomgeving,357518080330764,1583867312660,32.0,51.8210913,4.6110732,5.0,75642.0,-13.0,3.94,10.0,241.0,357518080330764.0,32.0,0.0,1583867308.0,304.0,11.66,,EC 244
2020-03-10 19:08:35.057,mijnomgeving,357518080495088,1583867315057,255.0,2.55e-05,2.55e-05,0.0,26184.0,0.0,3.88,24.0,0.0,357518080495088.0,32.0,0.0,1583867312.0,1.0,21.44,3.041,EC 321
2020-03-10 19:09:15.698,mijnomgeving,357518080166663,1583867355698,29.0,51.8982392,4.4233227,8.0,141338.0,0.0,4.12,10.0,0.0,357518080166663.0,32.0,0.0,1583867352.0,736.0,9.98,,EC 243
2020-03-10 19:09:30.410,mijnomgeving,357518080495526,1583867370410,1.0,52.2261747,5.1746345,5.0,27018.0,-15.0,4.15,10.0,15.0,357518080495526.0,32.0,0.0,1583867368.0,133.0,12.27,,EC 327
2020-03-10 19:09:33.114,mijnomgeving,357518080495146,1583867373114,1.0,52.387026,5.3122685,5.0,48618.0,-24.0,4.17,10.0,19.0,357518080495146.0,32.0,0.0,1583867372.0,1693.0,10.77,,EC 317
2020-03-10 19:09:41.157,mijnomgeving,357518080200454,1583867381157,27.0,52.3312853,5.0622053,7.0,23539589.0,-11.0,3.88,8.0,0.0,357518080200454.0,16.0,0.0,1583867390.0,6698.0,9.72,,EC Prototype 002
2020-03-10 19:09:43.109,mijnomgeving,357518080494875,1583867383109,1.0,52.65784,5.6148365,5.0,78317.0,-51.0,4.189999999999999,9.0,49.0,357518080494875.0,32.0,1.0,1583867382.0,1843.0,10.42,,EC 311
2020-03-10 19:09:46.990,mijnomgeving,357518080169006,1583867386990,24.0,,,,37834.0,,3.64,11.0,,357518080169006.0,32.0,,1583867386.0,752.0,11.66,,EC 213
2020-03-10 19:10:10.290,mijnomgeving,357518080495112,1583867410290,24.0,52.837517,5.7138424,5.0,119741.0,-21.0,4.22,9.0,216.0,357518080495112.0,32.0,0.0,1583867413.0,1770.0,10.69,,EC 306
2020-03-10 19:10:32.776,mijnomgeving,357518080494909,1583867432776,0.0,52.2256609,5.1749665,4.0,450017.0,-25.0,4.17,9.0,241.0,357518080494909.0,32.0,0.0,1583867449.0,121.0,12.36,,EC 329
2020-03-10 19:11:18.887,mijnomgeving,357518080167000,1583867478887,3.0,52.1739684,5.0360984,6.0,153014.0,-6.0,4.13,9.0,51.0,357518080167000.0,32.0,0.0,1583867482.0,619.0,9.63,,EC 228
2020-03-10 19:11:35.838,mijnomgeving,357518080495088,1583867495838,255.0,2.55e-05,2.55e-05,0.0,26364.0,0.0,3.88,24.0,0.0,357518080495088.0,32.0,0.0,1583867492.0,1.0,21.44,3.041,EC 321
2020-03-10 19:11:40.061,mijnomgeving,357518080203151,1583867500061,9.0,52.4206782,4.8594562,4.0,21690943.0,-49.0,4.16,9.0,199.0,357518080203151.0,16.0,0.0,1583867497.0,61.0,10.24,,EC Prototype 001
2020-03-10 19:11:57.009,mijnomgeving,357518080494768,1583867517009,21.0,52.416583,5.226636,4.0,162938.0,-25.0,4.21,12.0,239.0,357518080494768.0,32.0,0.0,1583867513.0,1588.0,10.33,,EC 305
2020-03-10 19:12:06.977,mijnomgeving,357518080495070,1583867526977,255.0,2.55e-05,2.55e-05,0.0,23538.0,0.0,4.03,24.0,0.0,357518080495070.0,32.0,0.0,1583867525.0,0.0,21.18,,EC 320
2020-03-10 19:12:07.956,mijnomgeving,357518080497423,1583867527956,2.0,52.5231013,5.5897124,4.0,24318.0,-39.0,4.17,10.0,224.0,357518080497423.0,32.0,2.0,1583867524.0,1925.0,11.04,,EC 318
2020-03-10 19:12:10.758,mijnomgeving,357518080168917,1583867530758,22.0,52.3406655,4.9255855,6.0,21718886.0,-4.0,4.01,10.0,243.0,357518080168917.0,16.0,0.0,1583867539.0,0.0,13.33,,EC 209
2020-03-10 19:12:10.992,mijnomgeving,357518080495203,1583867530992,1.0,52.2260816,5.1747365,4.0,4518.0,137.0,4.17,10.0,229.0,357518080495203.0,32.0,0.0,1583867527.0,132.0,12.62,,EC 324
2020-03-10 19:12:18.567,mijnomgeving,357518080495021,1583867538567,255.0,2.55e-05,2.55e-05,0.0,3747.0,0.0,3.92,15.0,0.0,357518080495021.0,32.0,0.0,1583867535.0,0.0,15.36,,EC 325
2020-03-10 19:12:56.105,mijnomgeving,357518080497639,1583867576105,1.0,52.6591692,5.6608199,7.0,67518.0,-20.0,4.21,10.0,0.0,357518080497639.0,32.0,0.0,1583867576.0,2185.0,10.6,,EC 308
2020-03-10 19:13:20.926,mijnomgeving,357518080165368,1583867600926,20.0,52.3396303,4.9107947,4.0,20679380.0,54.0,3.76,10.0,6.0,357518080165368.0,16.0,0.0,1583867617.0,1202.0,10.42,,EC 208
2020-03-10 19:13:23.369,mijnomgeving,357518080163405,1583867603369,15.0,52.3724937,4.9150689,4.0,72026.0,16.0,4.13,9.0,35.0,357518080163405.0,32.0,0.0,1583867603.0,1660.0,9.98,,EC 226
2020-03-10 19:13:34.182,mijnomgeving,357518080497662,1583867614182,1.0,52.2261416,5.1748292,4.0,26119.0,29.0,4.21,11.0,236.0,357518080497662.0,32.0,0.0,1583867609.0,138.0,12.54,,EC 328
2020-03-10 19:13:40.112,mijnomgeving,357518080495682,1583867620112,0.0,52.5494614,5.5883762,5.0,96318.0,21.0,4.189999999999999,10.0,19.0,357518080495682.0,32.0,0.0,1583867620.0,1488.0,11.04,,EC 316
2020-03-10 19:13:40.194,mijnomgeving,357518080495104,1583867620194,18.0,52.3373788,5.537424,7.0,135935.0,0.0,4.12,12.0,233.0,357518080495104.0,32.0,0.0,1583867623.0,715.0,11.21,,EC 312
2020-03-10 19:14:15.144,mijnomgeving,357518080494776,1583867655144,1.0,52.2262285,5.1745341,5.0,4518.0,23.0,4.16,9.0,239.0,357518080494776.0,32.0,0.0,1583867651.0,137.0,12.27,,EC 330
2020-03-10 19:14:32.306,mijnomgeving,357518080166960,1583867672306,25.0,52.7139177,6.8789521,8.0,192635.0,8.0,3.96,10.0,252.0,357518080166960.0,32.0,0.0,1583867676.0,539.0,10.24,,EC 232
2020-03-10 19:14:34.189,mijnomgeving,357518080495088,1583867674189,255.0,2.55e-05,2.55e-05,0.0,26544.0,0.0,3.88,24.0,0.0,357518080495088.0,32.0,0.0,1583867672.0,2.0,21.44,3.041,EC 321
2020-03-10 19:15:19.463,mijnomgeving,357518080495120,1583867719463,0.0,52.3337466,5.3125395,7.0,25217.0,0.0,4.18,10.0,0.0,357518080495120.0,32.0,0.0,1583867716.0,1497.0,10.42,,EC 303
2020-03-10 19:15:22.410,mijnomgeving,357518080495047,1583867722410,1.0,52.2261693,5.1746235,5.0,81027.0,10.0,4.17,10.0,231.0,357518080495047.0,32.0,0.0,1583867723.0,132.0,12.45,,EC 322
2020-03-10 19:16:00.917,mijnomgeving,357518080166580,1583867760917,2.0,52.3602852,4.8153341,6.0,1812.0,8.0,4.04,10.0,50.0,357518080166580.0,32.0,1.0,1583867749.0,663.0,9.63,,EC 224
2020-03-10 19:16:17.757,mijnomgeving,357518080165475,1583867777757,18.0,52.3719209,4.9251041,4.0,13222863.0,-27.0,4.12,10.0,217.0,357518080165475.0,1.0,0.0,1583867795.0,1394.0,9.63,,EC 201
2020-03-10 19:16:34.593,mijnomgeving,357518080495153,1583867794593,24.0,52.5789743,5.7568786,5.0,41441.0,55.0,4.189999999999999,10.0,224.0,357518080495153.0,32.0,0.0,1583867793.0,2538.0,10.42,,EC 313
2020-03-10 19:16:41.619,mijnomgeving,357518080495534,1583867801619,0.0,52.5327336,5.5930303,7.0,24318.0,0.0,4.21,11.0,3.0,357518080495534.0,32.0,0.0,1583867796.0,1885.0,10.86,,EC 307
2020-03-10 19:17:14.605,mijnomgeving,357518080497696,1583867834605,1.0,52.5172612,5.5093016,4.0,76518.0,21.0,4.16,9.0,236.0,357518080497696.0,32.0,0.0,1583867834.0,1024.0,10.42,,EC 319
2020-03-10 19:17:14.917,mijnomgeving,357518080163249,1583867834917,29.0,,,,11739.0,,4.16,11.0,,357518080163249.0,32.0,,1583867828.0,543.0,11.3,,EC 212
2020-03-10 19:17:25.807,mijnomgeving,357518080495088,1583867845807,255.0,2.55e-05,2.55e-05,0.0,26715.0,0.0,3.88,24.0,0.0,357518080495088.0,32.0,0.0,1583867843.0,1.0,21.53,3.041,EC 321
2020-03-10 19:17:33.587,mijnomgeving,357518080494826,1583867853587,1.0,52.2261343,5.1745071,5.0,16227.0,8.0,4.18,11.0,247.0,357518080494826.0,32.0,0.0,1583867850.0,129.0,12.1,,EC 323
2020-03-10 19:18:10.671,mijnomgeving,357518080495161,1583867890671,23.0,52.4996565,5.4527082,5.0,6478244.0,18.0,4.189999999999999,10.0,21.0,357518080495161.0,32.0,0.0,1583867901.0,907.0,10.33,,EC 315
2020-03-10 19:18:24.670,mijnomgeving,357518080494982,1583867904670,0.0,52.2262022,5.1746357,5.0,9017.0,-10.0,4.17,11.0,0.0,357518080494982.0,32.0,0.0,1583867900.0,134.0,12.27,,EC 326
2020-03-10 19:18:29.132,mijnomgeving,357518080164395,1583867909132,3.0,51.8982504,4.4233149,6.0,63913.0,32.0,4.04,9.0,0.0,357518080164395.0,32.0,0.0,1583867908.0,780.0,10.24,,EC 241
2020-03-10 19:18:30.943,mijnomgeving,357518080163173,1583867910943,5.0,52.7217515,6.8190782,5.0,57615.0,-73.0,3.96,8.0,4.0,357518080163173.0,32.0,0.0,1583867909.0,524.0,10.33,,EC 231
2020-03-10 19:18:38.660,mijnomgeving,357518080166887,1583867918660,36.0,52.3702266,4.9008911,7.0,11957485.0,8.0,3.6,10.0,248.0,357518080166887.0,4.0,0.0,1583867910.0,45.0,13.07,,EC 200
2020-03-10 19:18:39.744,mijnomgeving,357518080166754,1583867919744,24.0,52.3538789,4.924884,5.0,21096969.0,-14.0,4.17,11.0,222.0,357518080166754.0,16.0,0.0,1583867932.0,1225.0,10.51,,EC 204
2020-03-10 19:19:04.476,mijnomgeving,357518080330582,1583867944476,4.0,52.3733982,4.9463371,4.0,32414.0,29.0,4.1,11.0,0.0,357518080330582.0,32.0,0.0,1583867942.0,1518.0,10.24,,EC 219
2020-03-10 19:20:26.868,mijnomgeving,357518080495088,1583868026868,255.0,2.55e-05,2.55e-05,0.0,26895.0,0.0,3.87,24.0,0.0,357518080495088.0,32.0,0.0,1583868023.0,1.0,21.44,3.041,EC 321
2020-03-10 19:21:41.992,mijnomgeving,357518080494859,1583868101992,17.0,52.540989,5.5887668999999995,10.0,75634.0,-5.0,4.17,10.0,242.0,357518080494859.0,32.0,0.0,1583868101.0,1697.0,10.86,,EC 302
2020-03-10 19:21:56.215,mijnomgeving,357518080328131,1583868116215,24.0,52.3867784,4.917419,5.0,93634.0,207.0,3.8200000000000003,10.0,226.0,357518080328131.0,32.0,0.0,1583868111.0,47.0,12.45,,EC 230
2020-03-10 19:22:41.382,mijnomgeving,357518080171390,1583868161382,4.0,52.0318989,5.303611,5.0,21727841.0,13.0,4.17,10.0,0.0,357518080171390.0,64.0,0.0,1583868171.0,834.0,10.77,,EC 202
2020-03-10 19:22:45.013,mijnomgeving,357518080494834,1583868165013,0.0,52.4257972,5.4206275999999995,4.0,255618.0,43.0,4.11,9.0,9.0,357518080494834.0,32.0,0.0,1583868165.0,1306.0,11.13,,EC 314
2020-03-10 19:22:46.037,mijnomgeving,357518080494818,1583868166037,0.0,52.8091614,5.7452269,9.0,42.0,-3.0,4.24,10.0,15.0,357518080494818.0,32.0,0.0,1583868162.0,1538.0,10.86,,EC 309
2020-03-10 19:22:59.328,mijnomgeving,357518080332257,1583868179328,3.0,51.8982469,4.4232714,8.0,7213.0,-1.0,4.09,8.0,0.0,357518080332257.0,32.0,0.0,1583868177.0,536.0,9.98,,EC 240
2020-03-10 19:23:00.561,mijnomgeving,357518080170889,1583868180561,7.0,52.0144279,4.2952614,4.0,145817.0,16.0,4.189999999999999,7.0,198.0,357518080170889.0,32.0,0.0,1583868182.0,1300.0,12.36,,EC 236
2020-03-10 19:23:05.208,mijnomgeving,357518080330764,1583868185208,9.0,51.8211036,4.610548,5.0,76519.0,24.0,3.94,10.0,209.0,357518080330764.0,32.0,0.0,1583868185.0,304.0,11.66,,EC 244
2020-03-10 19:23:07.045,mijnomgeving,357518080332265,1583868187045,7.0,52.3921518,4.9370138,4.0,70216.0,-2.0,3.7,9.0,0.0,357518080332265.0,32.0,0.0,1583868186.0,1511.0,10.69,,EC 221
2020-03-10 19:23:26.133,mijnomgeving,357518080495088,1583868206133,255.0,2.55e-05,2.55e-05,0.0,27075.0,0.0,3.88,24.0,0.0,357518080495088.0,32.0,0.0,1583868203.0,1.0,21.44,3.041,EC 321
2020-03-10 19:23:26.177,mijnomgeving,357518080495187,1583868206177,2.0,52.6349714,5.8236967,4.0,275419.0,85.0,4.24,12.0,4.0,357518080495187.0,32.0,0.0,1583868218.0,517.0,10.6,,EC 304
2020-03-10 19:24:14.566,mijnomgeving,357518080200454,1583868254566,1.0,52.3312401,5.062389,5.0,23540463.0,11.0,3.89,8.0,234.0,357518080200454.0,16.0,0.0,1583868264.0,6697.0,9.72,,EC Prototype 002
2020-03-10 19:24:14.762,mijnomgeving,357518080166663,1583868254762,2.0,51.8981649,4.4232518,8.0,142211.0,-14.0,4.12,9.0,26.0,357518080166663.0,32.0,0.0,1583868225.0,733.0,9.98,,EC 243
2020-03-10 19:24:26.384,mijnomgeving,357518080169006,1583868266384,4.0,,,,38713.0,,3.64,10.0,,357518080169006.0,32.0,,1583868265.0,742.0,11.66,,EC 213
2020-03-10 19:24:30.217,mijnomgeving,357518080495526,1583868270217,1.0,52.2261644,5.174677,5.0,27918.0,31.0,4.15,10.0,211.0,357518080495526.0,32.0,0.0,1583868268.0,135.0,12.27,,EC 327
2020-03-10 19:24:36.203,mijnomgeving,357518080495146,1583868276203,1.0,52.3869234,5.3122345,6.0,49518.0,-6.0,4.17,11.0,207.0,357518080495146.0,32.0,0.0,1583868272.0,1689.0,10.77,,EC 317
2020-03-10 19:24:48.211,mijnomgeving,357518080495112,1583868288211,1.0,52.8374949,5.7139871,6.0,120618.0,-8.0,4.22,8.0,217.0,357518080495112.0,32.0,0.0,1583868290.0,1769.0,10.69,,EC 306
2020-03-10 19:24:48.271,mijnomgeving,357518080494875,1583868288271,6.0,52.6580106,5.6150903,4.0,79223.0,54.0,4.189999999999999,10.0,28.0,357518080494875.0,32.0,1.0,1583868288.0,1826.0,10.51,,EC 311
2020-03-10 19:25:55.432,mijnomgeving,357518080494909,1583868355432,18.0,52.2259473,5.1746793,5.0,450935.0,-49.0,4.17,9.0,237.0,357518080494909.0,32.0,0.0,1583868367.0,123.0,12.36,,EC 329
2020-03-10 19:26:18.114,mijnomgeving,357518080167000,1583868378114,2.0,52.1738972,5.0358688,5.0,153913.0,-11.0,4.13,8.0,38.0,357518080167000.0,32.0,0.0,1583868381.0,617.0,9.63,,EC 228
2020-03-10 19:26:31.385,mijnomgeving,357518080495088,1583868391385,255.0,2.55e-05,2.55e-05,0.0,27255.0,0.0,3.88,24.0,0.0,357518080495088.0,32.0,0.0,1583868383.0,1.0,21.44,3.041,EC 321
2020-03-10 19:26:35.950,mijnomgeving,357518080203151,1583868395950,10.0,52.4207394,4.8595918,4.0,21691844.0,41.0,4.15,9.0,0.0,357518080203151.0,16.0,0.0,1583868398.0,86.0,10.24,,EC Prototype 001
2020-03-10 19:27:03.651,mijnomgeving,357518080494768,1583868423651,31.0,52.4166514,5.2265473,6.0,163848.0,-35.0,4.2,12.0,221.0,357518080494768.0,32.0,0.0,1583868423.0,1617.0,10.33,,EC 305
2020-03-10 19:27:07.562,mijnomgeving,357518080495070,1583868427562,255.0,2.55e-05,2.55e-05,0.0,24438.0,0.0,4.03,24.0,0.0,357518080495070.0,32.0,0.0,1583868425.0,2.0,21.18,,EC 320
2020-03-10 19:27:09.560,mijnomgeving,357518080495021,1583868429560,255.0,2.55e-05,2.55e-05,0.0,4638.0,0.0,3.92,15.0,0.0,357518080495021.0,32.0,0.0,1583868426.0,0.0,15.36,,EC 325
2020-03-10 19:27:19.573,mijnomgeving,357518080497423,1583868439573,14.0,52.5231928,5.5896641,5.0,25231.0,71.0,4.17,11.0,247.0,357518080497423.0,32.0,0.0,1583868437.0,1924.0,11.04,,EC 318
2020-03-10 19:27:21.571,mijnomgeving,357518080495203,1583868441571,11.0,52.2261982,5.1744279,5.0,5428.0,127.0,4.17,10.0,209.0,357518080495203.0,32.0,0.0,1583868437.0,129.0,12.62,,EC 324
2020-03-10 19:27:55.655,mijnomgeving,357518080497639,1583868475655,0.0,52.6591634,5.6607757,7.0,68418.0,-8.0,4.21,10.0,239.0,357518080497639.0,32.0,0.0,1583868476.0,2186.0,10.6,,EC 308
2020-03-10 19:28:23.655,mijnomgeving,357518080495104,1583868503655,1.0,52.3373818,5.5374247,7.0,136818.0,-12.0,4.12,12.0,11.0,357518080495104.0,32.0,0.0,1583868506.0,716.0,11.21,,EC 312
2020-03-10 19:28:28.046,mijnomgeving,357518080165368,1583868508046,26.0,52.3398326,4.9107672,5.0,20680286.0,52.0,3.76,10.0,244.0,357518080165368.0,16.0,0.0,1583868523.0,1220.0,10.42,,EC 208
2020-03-10 19:28:33.618,mijnomgeving,357518080497662,1583868513618,1.0,52.2261857,5.1747027,4.0,27019.0,1.0,4.21,11.0,219.0,357518080497662.0,32.0,0.0,1583868509.0,142.0,12.54,,EC 328
2020-03-10 19:28:40.571,mijnomgeving,357518080163405,1583868520571,32.0,52.3728629,4.9160509,7.0,72943.0,30.0,4.14,9.0,52.0,357518080163405.0,32.0,0.0,1583868520.0,1657.0,9.98,,EC 226
2020-03-10 19:28:58.711,mijnomgeving,357518080495682,1583868538711,0.0,52.5493828,5.5882538,5.0,97218.0,29.0,4.189999999999999,9.0,11.0,357518080495682.0,32.0,0.0,1583868520.0,1493.0,11.04,,EC 316
2020-03-10 19:29:15.685,mijnomgeving,357518080494776,1583868555685,1.0,52.2259564,5.1746203,5.0,5418.0,66.0,4.16,10.0,0.0,357518080494776.0,32.0,0.0,1583868551.0,136.0,12.27,,EC 330
2020-03-10 19:29:24.923,mijnomgeving,357518080166960,1583868564923,18.0,52.7138875,6.8790246,8.0,193528.0,10.0,3.96,10.0,35.0,357518080166960.0,32.0,0.0,1583868570.0,535.0,10.24,,EC 232
2020-03-10 19:29:34.746,mijnomgeving,357518080495088,1583868574746,255.0,2.55e-05,2.55e-05,0.0,27444.0,0.0,3.88,24.0,0.0,357518080495088.0,32.0,0.0,1583868572.0,0.0,21.44,3.041,EC 321
2020-03-10 19:30:13.774,mijnomgeving,357518080495047,1583868613774,1.0,52.2261488,5.1746955,5.0,81918.0,14.0,4.17,10.0,252.0,357518080495047.0,32.0,0.0,1583868614.0,131.0,12.45,,EC 322
2020-03-10 19:30:29.029,mijnomgeving,357518080495120,1583868629029,0.0,52.333761,5.3125847,7.0,26118.0,-1.0,4.18,10.0,43.0,357518080495120.0,32.0,0.0,1583868617.0,1500.0,10.42,,EC 303
2020-03-10 19:30:54.553,mijnomgeving,357518080166580,1583868654553,3.0,52.3602594,4.815122,6.0,2713.0,-10.0,4.05,9.0,50.0,357518080166580.0,32.0,0.0,1583868650.0,665.0,9.63,,EC 224
2020-03-10 19:31:04.810,mijnomgeving,357518080165475,1583868664810,5.0,52.3721002,4.925102,4.0,13223750.0,5.0,4.12,9.0,238.0,357518080165475.0,1.0,0.0,1583868682.0,1403.0,9.63,,EC 201
2020-03-10 19:31:15.060,mijnomgeving,357518080495153,1583868675060,1.0,52.5789557,5.7568513,5.0,42318.0,0.0,4.189999999999999,10.0,35.0,357518080495153.0,32.0,0.0,1583868670.0,2533.0,10.42,,EC 313
2020-03-10 19:31:42.103,mijnomgeving,357518080495534,1583868702103,0.0,52.5326764,5.593028,8.0,25218.0,-5.0,4.21,10.0,202.0,357518080495534.0,32.0,0.0,1583868696.0,1880.0,10.86,,EC 307
2020-03-10 19:31:44.885,mijnomgeving,357518080163249,1583868704885,3.0,,,,12613.0,,4.16,11.0,,357518080163249.0,32.0,,1583868702.0,542.0,11.3,,EC 212
2020-03-10 19:32:23.417,mijnomgeving,357518080494826,1583868743417,1.0,52.2262132,5.1746571,5.0,17118.0,-2.0,4.18,11.0,12.0,357518080494826.0,32.0,0.0,1583868741.0,130.0,12.1,,EC 323
2020-03-10 19:32:34.464,mijnomgeving,357518080495088,1583868754464,255.0,2.55e-05,2.55e-05,0.0,27624.0,0.0,3.88,24.0,0.0,357518080495088.0,32.0,0.0,1583868752.0,1.0,21.44,3.041,EC 321
2020-03-10 19:32:36.346,mijnomgeving,357518080497696,1583868756346,24.0,52.5172138,5.5095358,5.0,77441.0,14.0,4.17,10.0,219.0,357518080497696.0,32.0,0.0,1583868757.0,1023.0,10.51,,EC 319
2020-03-10 19:32:49.375,mijnomgeving,357518080495161,1583868769375,2.0,52.4997111,5.4528487,4.0,6479123.0,28.0,4.189999999999999,9.0,11.0,357518080495161.0,32.0,1.0,1583868780.0,909.0,10.33,,EC 315
2020-03-10 19:33:14.218,mijnomgeving,357518080166887,1583868794218,18.0,52.370188,4.9009604,7.0,11958367.0,23.0,3.6,10.0,227.0,357518080166887.0,4.0,0.0,1583868792.0,47.0,12.89,,EC 200
2020-03-10 19:33:17.499,mijnomgeving,357518080166754,1583868797499,2.0,52.353982,4.924605,5.0,21097847.0,-22.0,4.17,10.0,222.0,357518080166754.0,16.0,1.0,1583868810.0,1218.0,10.51,,EC 204
2020-03-10 19:33:23.456,mijnomgeving,357518080494982,1583868803456,0.0,52.2261381,5.1746312,5.0,9917.0,15.0,4.17,11.0,254.0,357518080494982.0,32.0,0.0,1583868800.0,133.0,12.27,,EC 326
2020-03-10 19:33:29.816,mijnomgeving,357518080164395,1583868809816,3.0,51.8982629,4.4233998,5.0,64813.0,-22.0,4.04,9.0,209.0,357518080164395.0,32.0,0.0,1583868808.0,782.0,10.24,,EC 241
2020-03-10 19:33:32.048,mijnomgeving,357518080163173,1583868812048,6.0,52.7217617,6.8190455,4.0,58516.0,-30.0,3.96,8.0,57.0,357518080163173.0,32.0,0.0,1583868811.0,526.0,10.33,,EC 231
2020-03-10 19:34:12.029,mijnomgeving,357518080330582,1583868852029,12.0,52.3731461,4.9461671,4.0,33322.0,31.0,4.1,11.0,0.0,357518080330582.0,32.0,0.0,1583868850.0,1504.0,10.24,,EC 219
2020-03-10 19:35:35.699,mijnomgeving,357518080495088,1583868935699,255.0,2.55e-05,2.55e-05,0.0,27804.0,0.0,3.88,24.0,0.0,357518080495088.0,32.0,0.0,1583868932.0,1.0,21.44,3.041,EC 321
2020-03-10 19:36:25.835,mijnomgeving,357518080494859,1583868985835,1.0,52.5409774,5.588783,10.0,76518.0,-2.0,4.17,9.0,26.0,357518080494859.0,32.0,0.0,1583868985.0,1692.0,10.86,,EC 302
2020-03-10 19:36:37.829,mijnomgeving,357518080328131,1583868997829,13.0,52.3868182,4.9176201,5.0,94523.0,38.0,3.8200000000000003,10.0,239.0,357518080328131.0,32.0,0.0,1583869000.0,47.0,12.45,,EC 230
2020-03-10 19:37:40.605,mijnomgeving,357518080171390,1583869060605,3.0,52.031958,5.3033977,5.0,21728740.0,-102.0,4.17,10.0,0.0,357518080171390.0,64.0,0.0,1583869070.0,831.0,10.77,,EC 202
2020-03-10 19:37:59.428,mijnomgeving,357518080332257,1583869079428,3.0,51.8981669,4.4230329,9.0,8112.0,-44.0,4.09,8.0,6.0,357518080332257.0,32.0,7.0,1583869076.0,535.0,9.98,,EC 240
2020-03-10 19:38:01.091,mijnomgeving,357518080330764,1583869081091,5.0,51.8210983,4.6109714,4.0,77415.0,-7.0,3.94,10.0,218.0,357518080330764.0,32.0,0.0,1583869081.0,304.0,11.66,,EC 244
2020-03-10 19:38:25.701,mijnomgeving,357518080170889,1583869105701,32.0,52.0145322,4.2954657,7.0,146742.0,-7.0,4.189999999999999,8.0,235.0,357518080170889.0,32.0,0.0,1583869108.0,1261.0,12.27,,EC 236
2020-03-10 19:38:25.753,mijnomgeving,357518080495088,1583869105753,255.0,2.55e-05,2.55e-05,0.0,27975.0,0.0,3.88,24.0,0.0,357518080495088.0,32.0,0.0,1583869103.0,2.0,21.44,3.041,EC 321
2020-03-10 19:38:25.783,mijnomgeving,357518080494834,1583869105783,14.0,52.4257645,5.4208321999999995,8.0,256531.0,-10.0,4.11,10.0,0.0,357518080494834.0,32.0,0.0,1583869078.0,1278.0,11.13,,EC 314
2020-03-10 19:38:29.687,mijnomgeving,357518080494818,1583869109687,0.0,52.8091531,5.7452597,9.0,43.0,-1.0,4.24,10.0,0.0,357518080494818.0,32.0,0.0,1583869106.0,1562.0,10.77,,EC 309
2020-03-10 19:38:30.619,mijnomgeving,357518080332265,1583869110619,23.0,52.3919799,4.9375606,4.0,71133.0,162.0,3.7,9.0,0.0,357518080332265.0,32.0,0.0,1583869102.0,1513.0,10.69,,EC 221
2020-03-10 19:38:32.684,mijnomgeving,357518080495187,1583869112684,7.0,52.6344463,5.8243168,4.0,276324.0,157.0,4.25,11.0,244.0,357518080495187.0,32.0,2.0,1583869124.0,524.0,10.51,,EC 304
2020-03-10 19:39:16.746,mijnomgeving,357518080200454,1583869156746,3.0,52.331223,5.0624986,7.0,23541365.0,17.0,3.88,8.0,0.0,357518080200454.0,16.0,0.0,1583869166.0,6727.0,9.72,,EC Prototype 002
2020-03-10 19:39:26.509,mijnomgeving,357518080169006,1583869166509,4.0,,,,39613.0,,3.64,11.0,,357518080169006.0,32.0,,1583869165.0,749.0,11.66,,EC 213
2020-03-10 19:39:30.818,mijnomgeving,357518080495526,1583869170818,1.0,52.2261292,5.1746446,5.0,28818.0,15.0,4.15,9.0,236.0,357518080495526.0,32.0,0.0,1583869168.0,135.0,12.27,,EC 327
2020-03-10 19:39:34.813,mijnomgeving,357518080495146,1583869174813,1.0,52.3869477,5.3122563,5.0,50418.0,9.0,4.17,10.0,43.0,357518080495146.0,32.0,0.0,1583869172.0,1690.0,10.77,,EC 317
2020-03-10 19:39:48.800,mijnomgeving,357518080495112,1583869188800,1.0,52.8374277,5.7139898,6.0,121518.0,-13.0,4.21,9.0,216.0,357518080495112.0,32.0,0.0,1583869190.0,1777.0,10.69,,EC 306
2020-03-10 19:39:56.794,mijnomgeving,357518080494875,1583869196794,15.0,52.6579378,5.6143392,5.0,80132.0,-9.0,4.189999999999999,9.0,0.0,357518080494875.0,32.0,0.0,1583869197.0,1827.0,10.51,,EC 311
2020-03-10 19:40:30.947,mijnomgeving,357518080494909,1583869230947,0.0,52.2261665,5.1746358,5.0,451817.0,9.0,4.17,9.0,5.0,357518080494909.0,32.0,0.0,1583869249.0,124.0,12.36,,EC 329
2020-03-10 19:41:16.655,mijnomgeving,357518080167000,1583869276655,1.0,52.1741274,5.0361211,5.0,154812.0,-5.0,4.13,8.0,36.0,357518080167000.0,32.0,1.0,1583869280.0,616.0,9.63,,EC 228
2020-03-10 19:41:26.953,mijnomgeving,357518080495088,1583869286953,255.0,2.55e-05,2.55e-05,0.0,28155.0,0.0,3.88,24.0,0.0,357518080495088.0,32.0,0.0,1583869283.0,2.0,21.44,3.041,EC 321
2020-03-10 19:41:50.066,mijnomgeving,357518080494768,1583869310066,1.0,52.4165867,5.2267782,6.0,164718.0,-47.0,4.21,11.0,219.0,357518080494768.0,32.0,0.0,1583869294.0,1585.0,10.33,,EC 305
2020-03-10 19:41:59.285,mijnomgeving,357518080203151,1583869319285,33.0,52.4208667,4.8601029,7.0,21692767.0,0.0,4.16,9.0,2.0,357518080203151.0,16.0,0.0,1583869321.0,88.0,10.24,,EC Prototype 001
2020-03-10 19:42:00.204,mijnomgeving,357518080166663,1583869320204,3.0,51.8982284,4.4232907,7.0,143112.0,-3.0,4.12,9.0,0.0,357518080166663.0,32.0,0.0,1583869126.0,734.0,9.98,,EC 243
2020-03-10 19:42:00.789,mijnomgeving,357518080168917,1583869320789,3.0,52.3406664,4.9255073,6.0,21720667.0,-22.0,4.0,11.0,28.0,357518080168917.0,16.0,0.0,1583869320.0,2.0,12.36,,EC 209
2020-03-10 19:42:05.107,mijnomgeving,357518080497423,1583869325107,1.0,52.5229936,5.5903116,5.0,26117.0,8.0,4.17,10.0,227.0,357518080497423.0,32.0,0.0,1583869323.0,1913.0,11.04,,EC 318
2020-03-10 19:42:07.043,mijnomgeving,357518080495070,1583869327043,255.0,2.55e-05,2.55e-05,0.0,25338.0,0.0,4.03,24.0,0.0,357518080495070.0,32.0,0.0,1583869325.0,2.0,21.09,,EC 320
2020-03-10 19:42:09.058,mijnomgeving,357518080495021,1583869329058,255.0,2.55e-05,2.55e-05,0.0,5538.0,0.0,3.92,16.0,0.0,357518080495021.0,32.0,0.0,1583869326.0,0.0,15.36,,EC 325
2020-03-10 19:42:11.065,mijnomgeving,357518080495203,1583869331065,1.0,52.2261723,5.1746517,5.0,6318.0,19.0,4.17,10.0,223.0,357518080495203.0,32.0,0.0,1583869327.0,130.0,12.62,,EC 324
2020-03-10 19:43:00.208,mijnomgeving,357518080497639,1583869380208,1.0,52.6591893,5.660778,7.0,69318.0,-12.0,4.21,10.0,197.0,357518080497639.0,32.0,0.0,1583869376.0,2189.0,10.6,,EC 308
2020-03-10 19:43:12.225,mijnomgeving,357518080163405,1583869392225,4.0,52.3730285,4.9159559999999995,6.0,73815.0,10.0,4.13,8.0,0.0,357518080163405.0,32.0,0.0,1583869392.0,1656.0,9.98,,EC 226
2020-03-10 19:43:21.606,mijnomgeving,357518080165368,1583869401606,20.0,52.3398835,4.9108072,6.0,20681180.0,-32.0,3.76,10.0,0.0,357518080165368.0,16.0,0.0,1583869417.0,1227.0,10.42,,EC 208
2020-03-10 19:43:23.178,mijnomgeving,357518080495104,1583869403178,0.0,52.337354500000004,5.5373823,7.0,137717.0,-10.0,4.12,12.0,29.0,357518080495104.0,32.0,0.0,1583869405.0,717.0,11.21,,EC 312
2020-03-10 19:43:33.236,mijnomgeving,357518080497662,1583869413236,1.0,52.2261005,5.1747422,4.0,27919.0,-9.0,4.21,12.0,228.0,357518080497662.0,32.0,0.0,1583869409.0,139.0,12.54,,EC 328
2020-03-10 19:43:49.184,mijnomgeving,357518080495682,1583869429184,10.0,52.549388,5.58797,5.0,98128.0,-51.0,4.189999999999999,10.0,0.0,357518080495682.0,32.0,0.0,1583869430.0,1490.0,11.04,,EC 316
2020-03-10 19:44:14.213,mijnomgeving,357518080494776,1583869454213,1.0,52.225991,5.1749595,5.0,6318.0,74.0,4.16,10.0,227.0,357518080494776.0,32.0,0.0,1583869451.0,136.0,12.27,,EC 330
2020-03-10 19:44:25.216,mijnomgeving,357518080495088,1583869465216,255.0,2.55e-05,2.55e-05,0.0,28335.0,0.0,3.88,24.0,0.0,357518080495088.0,32.0,0.0,1583869463.0,2.0,21.44,3.041,EC 321
2020-03-10 19:44:40.066,mijnomgeving,357518080166960,1583869480066,33.0,52.7138017,6.8789531,9.0,194443.0,22.0,3.96,10.0,0.0,357518080166960.0,32.0,0.0,1583869485.0,538.0,10.24,,EC 232
2020-03-10 19:45:13.286,mijnomgeving,357518080495047,1583869513286,1.0,52.2261298,5.1747472,5.0,82818.0,15.0,4.17,11.0,204.0,357518080495047.0,32.0,0.0,1583869514.0,133.0,12.45,,EC 322
2020-03-10 19:45:25.250,mijnomgeving,357518080495120,1583869525250,0.0,52.3337744,5.3126057,7.0,27018.0,2.0,4.18,10.0,0.0,357518080495120.0,32.0,0.0,1583869517.0,1496.0,10.42,,EC 303
2020-03-10 19:45:55.803,mijnomgeving,357518080166580,1583869555803,6.0,52.3603743,4.8154743,5.0,3616.0,-14.0,4.05,9.0,219.0,357518080166580.0,32.0,0.0,1583869553.0,665.0,9.63,,EC 224
2020-03-10 19:46:12.369,mijnomgeving,357518080495153,1583869572369,1.0,52.5789477,5.7568342999999995,5.0,43218.0,0.0,4.2,10.0,0.0,357518080495153.0,32.0,0.0,1583869570.0,2533.0,10.42,,EC 313
2020-03-10 19:46:18.102,mijnomgeving,357518080165475,1583869578102,18.0,52.3719973,4.9251721,5.0,13224664.0,-48.0,4.12,9.0,243.0,357518080165475.0,1.0,0.0,1583869595.0,1297.0,9.63,,EC 201
2020-03-10 19:46:39.448,mijnomgeving,357518080495534,1583869599448,1.0,52.5326487,5.5930499000000005,8.0,26118.0,-2.0,4.21,10.0,5.0,357518080495534.0,32.0,0.0,1583869596.0,1869.0,10.95,,EC 307
2020-03-10 19:46:43.620,mijnomgeving,357518080163249,1583869603620,2.0,,,,13512.0,,4.16,11.0,,357518080163249.0,32.0,,1583869601.0,531.0,11.3,,EC 212
2020-03-10 19:47:14.123,mijnomgeving,357518080497696,1583869634123,1.0,52.5172537,5.5093990999999995,7.0,78318.0,-3.0,4.17,9.0,27.0,357518080497696.0,32.0,0.0,1583869634.0,1024.0,10.51,,EC 319
2020-03-10 19:47:24.133,mijnomgeving,357518080494826,1583869644133,1.0,52.2262135,5.1745874,5.0,18018.0,7.0,4.18,12.0,6.0,357518080494826.0,32.0,0.0,1583869641.0,129.0,12.1,,EC 323
2020-03-10 19:47:26.141,mijnomgeving,357518080495088,1583869646141,255.0,2.55e-05,2.55e-05,0.0,28515.0,0.0,3.88,24.0,0.0,357518080495088.0,32.0,0.0,1583869643.0,1.0,21.44,3.041,EC 321
2020-03-10 19:48:00.344,mijnomgeving,357518080495161,1583869680344,8.0,52.4995345,5.4527522,5.0,6480029.0,-6.0,4.189999999999999,10.0,9.0,357518080495161.0,32.0,1.0,1583869686.0,911.0,10.33,,EC 315
2020-03-10 19:48:17.334,mijnomgeving,357518080166754,1583869697334,2.0,52.3537209,4.9250559,4.0,21098747.0,69.0,4.17,10.0,222.0,357518080166754.0,16.0,0.0,1583869710.0,1213.0,10.51,,EC 204
2020-03-10 19:48:24.505,mijnomgeving,357518080494982,1583869704505,0.0,52.2261436,5.1746717,5.0,10818.0,-3.0,4.17,11.0,0.0,357518080494982.0,32.0,0.0,1583869701.0,135.0,12.27,,EC 326
2020-03-10 19:48:31.029,mijnomgeving,357518080166887,1583869711029,33.0,52.3701562,4.9009952,8.0,11959282.0,13.0,3.6,9.0,218.0,357518080166887.0,4.0,0.0,1583869707.0,47.0,12.98,,EC 200
2020-03-10 19:48:34.898,mijnomgeving,357518080164395,1583869714898,8.0,51.8981125,4.4233407,6.0,65718.0,57.0,4.04,9.0,235.0,357518080164395.0,32.0,0.0,1583869713.0,781.0,10.24,,EC 241
2020-03-10 19:48:45.020,mijnomgeving,357518080163173,1583869725020,19.0,52.721524,6.8191399,4.0,59429.0,132.0,3.96,8.0,11.0,357518080163173.0,32.0,0.0,1583869724.0,528.0,10.33,,EC 231
2020-03-10 19:49:05.167,mijnomgeving,357518080330582,1583869745167,5.0,52.3731494,4.9461075,4.0,34215.0,27.0,4.09,11.0,0.0,357518080330582.0,32.0,0.0,1583869743.0,1456.0,10.24,,EC 219
2020-03-10 19:50:25.633,mijnomgeving,357518080495088,1583869825633,255.0,2.55e-05,2.55e-05,0.0,28695.0,0.0,3.88,24.0,0.0,357518080495088.0,32.0,0.0,1583869823.0,2.0,21.44,3.112,EC 321
2020-03-10 19:51:25.688,mijnomgeving,357518080494859,1583869885688,1.0,52.5409842,5.5887693,10.0,77418.0,-1.0,4.17,9.0,0.0,357518080494859.0,32.0,0.0,1583869885.0,1683.0,10.95,,EC 302
2020-03-10 19:51:37.981,mijnomgeving,357518080328131,1583869897981,13.0,52.3866616,4.9177272,5.0,95423.0,43.0,3.8200000000000003,10.0,248.0,357518080328131.0,32.0,0.0,1583869900.0,45.0,12.45,,EC 230
2020-03-10 19:52:35.951,mijnomgeving,357518080494834,1583869955951,0.0,52.4255484,5.4207377,7.0,257418.0,-19.0,4.11,9.0,4.0,357518080494834.0,32.0,0.0,1583869965.0,1318.0,11.3,,EC 314
2020-03-10 19:52:40.429,mijnomgeving,357518080171390,1583869960429,3.0,52.0318658,5.3036754,5.0,21729640.0,32.0,4.17,10.0,23.0,357518080171390.0,64.0,1.0,1583869970.0,834.0,10.77,,EC 202
2020-03-10 19:52:56.502,mijnomgeving,357518080170889,1583869976502,2.0,52.0146071,4.2955013,7.0,147612.0,-3.0,4.189999999999999,7.0,27.0,357518080170889.0,32.0,0.0,1583869978.0,1021.0,12.01,,EC 236
2020-03-10 19:53:03.961,mijnomgeving,357518080494818,1583869983961,1.0,52.8092322,5.7452816,9.0,917.0,0.0,4.22,8.0,16.0,357518080494818.0,32.0,0.0,1583869980.0,1563.0,10.77,,EC 309
2020-03-10 19:53:05.315,mijnomgeving,357518080332257,1583869985315,3.0,51.8983997,4.4232008,8.0,9012.0,56.0,4.09,8.0,7.0,357518080332257.0,32.0,1.0,1583869976.0,536.0,9.98,,EC 240
2020-03-10 19:53:06.257,mijnomgeving,357518080330764,1583869986257,11.0,51.8212204,4.6108945,4.0,78320.0,80.0,3.94,10.0,56.0,357518080330764.0,32.0,0.0,1583869986.0,305.0,11.66,,EC 244
2020-03-10 19:53:25.043,mijnomgeving,357518080495088,1583870005043,255.0,2.55e-05,2.55e-05,0.0,28875.0,0.0,3.87,24.0,0.0,357518080495088.0,32.0,0.0,1583870003.0,2.0,21.44,3.041,EC 321
2020-03-10 19:53:25.977,mijnomgeving,357518080495187,1583870005977,1.0,52.6353009,5.8233767,4.0,277218.0,-1.0,4.25,11.0,233.0,357518080495187.0,32.0,0.0,1583870018.0,525.0,10.51,,EC 304
2020-03-10 19:53:38.398,mijnomgeving,357518080332265,1583870018398,34.0,52.3922014,4.937371,10.0,72044.0,0.0,3.7,10.0,222.0,357518080332265.0,32.0,0.0,1583870014.0,1512.0,10.69,,EC 221
2020-03-10 19:54:17.845,mijnomgeving,357518080200454,1583870057845,3.0,52.3312943,5.062271,6.0,23542265.0,-37.0,3.89,8.0,222.0,357518080200454.0,16.0,0.0,1583870066.0,6721.0,9.72,,EC Prototype 002
2020-03-10 19:54:26.355,mijnomgeving,357518080169006,1583870066355,4.0,,,,40513.0,,3.64,11.0,,357518080169006.0,32.0,,1583870065.0,762.0,11.66,,EC 213
2020-03-10 19:54:32.111,mijnomgeving,357518080495146,1583870072111,1.0,52.3869272,5.3122562,5.0,51318.0,13.0,4.17,10.0,17.0,357518080495146.0,32.0,0.0,1583870072.0,1693.0,10.77,,EC 317
2020-03-10 19:54:39.067,mijnomgeving,357518080495526,1583870079067,1.0,52.2261394,5.1746495,5.0,29728.0,0.0,4.15,10.0,0.0,357518080495526.0,32.0,0.0,1583870078.0,135.0,12.27,,EC 327
2020-03-10 19:54:42.053,mijnomgeving,357518080494875,1583870082053,1.0,52.6579023,5.6143742,4.0,81018.0,-27.0,4.189999999999999,9.0,53.0,357518080494875.0,32.0,1.0,1583870083.0,1819.0,10.51,,EC 311
2020-03-10 19:54:48.088,mijnomgeving,357518080495112,1583870088088,1.0,52.8374096,5.714192,6.0,122418.0,4.0,4.21,8.0,221.0,357518080495112.0,32.0,0.0,1583870090.0,1757.0,10.77,,EC 306
2020-03-10 19:55:31.444,mijnomgeving,357518080494909,1583870131444,0.0,52.2262694,5.174642,4.0,452717.0,63.0,4.17,9.0,16.0,357518080494909.0,32.0,0.0,1583870149.0,124.0,12.36,,EC 329
2020-03-10 19:56:17.814,mijnomgeving,357518080167000,1583870177814,2.0,52.1739359,5.0359397,5.0,155713.0,-11.0,4.13,8.0,39.0,357518080167000.0,32.0,0.0,1583870181.0,617.0,9.63,,EC 228
2020-03-10 19:56:25.592,mijnomgeving,357518080495088,1583870185592,255.0,2.55e-05,2.55e-05,0.0,29055.0,0.0,3.87,24.0,0.0,357518080495088.0,32.0,0.0,1583870183.0,2.0,21.44,3.041,EC 321
2020-03-10 19:56:38.707,mijnomgeving,357518080494768,1583870198707,1.0,52.4165655,5.2266956,5.0,165618.0,-12.0,4.2,11.0,233.0,357518080494768.0,32.0,0.0,1583870194.0,1542.0,10.42,,EC 305
2020-03-10 19:56:48.549,mijnomgeving,357518080203151,1583870208549,2.0,52.4208798,4.8602586,7.0,21693636.0,-5.0,4.15,9.0,39.0,357518080203151.0,16.0,0.0,1583870190.0,88.0,10.24,,EC Prototype 001
2020-03-10 19:56:59.032,mijnomgeving,357518080168917,1583870219032,2.0,52.3407687,4.9254533,6.0,21721575.0,-38.0,4.0,10.0,3.0,357518080168917.0,16.0,0.0,1583870228.0,3.0,12.27,,EC 209
2020-03-10 19:57:06.728,mijnomgeving,357518080497423,1583870226728,0.0,52.5229156,5.5902316,5.0,27018.0,-39.0,4.17,10.0,248.0,357518080497423.0,32.0,0.0,1583870224.0,1905.0,11.04,,EC 318
2020-03-10 19:57:06.789,mijnomgeving,357518080495070,1583870226789,255.0,2.55e-05,2.55e-05,0.0,26237.0,0.0,4.03,24.0,0.0,357518080495070.0,32.0,0.0,1583870224.0,0.0,21.09,,EC 320
2020-03-10 19:57:08.715,mijnomgeving,357518080495021,1583870228715,255.0,2.55e-05,2.55e-05,0.0,6438.0,0.0,3.92,15.0,0.0,357518080495021.0,32.0,0.0,1583870226.0,0.0,15.36,,EC 325
2020-03-10 19:57:10.718,mijnomgeving,357518080495203,1583870230718,1.0,52.2260855,5.1746284,5.0,7218.0,6.0,4.17,10.0,24.0,357518080495203.0,32.0,0.0,1583870227.0,129.0,12.62,,EC 324
2020-03-10 19:57:55.327,mijnomgeving,357518080497639,1583870275327,0.0,52.6591651,5.6608191,7.0,70218.0,-20.0,4.21,9.0,47.0,357518080497639.0,32.0,0.0,1583870276.0,2191.0,10.6,,EC 308
2020-03-10 19:57:56.126,mijnomgeving,357518080166663,1583870276126,2.0,51.8982399,4.4232521,7.0,144011.0,0.0,4.12,9.0,2.0,357518080166663.0,32.0,0.0,1583870025.0,732.0,9.98,,EC 243
2020-03-10 19:58:09.499,mijnomgeving,357518080163405,1583870289499,2.0,52.3730247,4.9158544,5.0,74713.0,13.0,4.14,8.0,0.0,357518080163405.0,32.0,0.0,1583870290.0,1661.0,9.98,,EC 226
2020-03-10 19:58:22.712,mijnomgeving,357518080495104,1583870302712,0.0,52.3374205,5.5374451,6.0,138617.0,-11.0,4.12,11.0,243.0,357518080495104.0,32.0,0.0,1583870305.0,717.0,11.21,,EC 312
2020-03-10 19:58:24.719,mijnomgeving,357518080165368,1583870304719,24.0,52.3397559,4.9108582,6.0,20682084.0,-42.0,3.76,10.0,236.0,357518080165368.0,16.0,1.0,1583870321.0,1215.0,10.42,,EC 208
2020-03-10 19:58:42.516,mijnomgeving,357518080495682,1583870322516,0.0,52.5494664,5.588235,5.0,99018.0,-23.0,4.189999999999999,9.0,2.0,357518080495682.0,32.0,0.0,1583870320.0,1488.0,11.04,,EC 316
2020-03-10 19:58:45.320,mijnomgeving,357518080497662,1583870325320,4.0,52.2261126,5.1747556,4.0,28831.0,19.0,4.21,11.0,236.0,357518080497662.0,32.0,1.0,1583870321.0,137.0,12.54,,EC 328
2020-03-10 19:59:17.371,mijnomgeving,357518080494776,1583870357371,1.0,52.2259958,5.1746532,5.0,7218.0,47.0,4.16,10.0,52.0,357518080494776.0,32.0,0.0,1583870351.0,137.0,12.27,,EC 330
2020-03-10 19:59:24.337,mijnomgeving,357518080495088,1583870364337,255.0,2.55e-05,2.55e-05,0.0,29235.0,0.0,3.88,24.0,0.0,357518080495088.0,32.0,0.0,1583870363.0,2.0,21.44,3.041,EC 321
2020-03-10 19:59:32.845,mijnomgeving,357518080166960,1583870372845,26.0,52.7136317,6.8786178,8.0,195336.0,58.0,3.96,10.0,52.0,357518080166960.0,32.0,0.0,1583870378.0,538.0,10.24,,EC 232
2020-03-10 20:00:15.580,mijnomgeving,357518080495047,1583870415580,1.0,52.2261045,5.1748484,5.0,83718.0,18.0,4.17,10.0,233.0,357518080495047.0,32.0,0.0,1583870414.0,133.0,12.45,,EC 322
2020-03-10 20:00:19.630,mijnomgeving,357518080495120,1583870419630,0.0,52.3337632,5.3126504,7.0,27918.0,-4.0,4.18,9.0,249.0,357518080495120.0,32.0,0.0,1583870417.0,1498.0,10.42,,EC 303
2020-03-10 20:00:55.614,mijnomgeving,357518080166580,1583870455614,4.0,52.3602586,4.8150895,6.0,4513.0,5.0,4.05,9.0,0.0,357518080166580.0,32.0,0.0,1583870450.0,665.0,9.63,,EC 224
2020-03-10 20:01:07.074,mijnomgeving,357518080165475,1583870467074,7.0,52.3718446,4.9251607,5.0,13225553.0,-14.0,4.12,8.0,0.0,357518080165475.0,1.0,0.0,1583870485.0,1350.0,9.72,,EC 201
2020-03-10 20:01:10.797,mijnomgeving,357518080495153,1583870470797,0.0,52.578769,5.7574518999999995,4.0,44117.0,85.0,4.189999999999999,9.0,226.0,357518080495153.0,32.0,0.0,1583870469.0,2535.0,10.42,,EC 313
2020-03-10 20:01:42.929,mijnomgeving,357518080495534,1583870502929,1.0,52.5327239,5.593054,8.0,27019.0,-4.0,4.21,10.0,16.0,357518080495534.0,32.0,0.0,1583870497.0,1870.0,10.86,,EC 307
2020-03-10 20:01:43.699,mijnomgeving,357518080163249,1583870503699,2.0,,,,14412.0,,4.16,11.0,,357518080163249.0,32.0,,1583870501.0,516.0,11.3,,EC 212
2020-03-10 20:02:12.904,mijnomgeving,357518080497696,1583870532904,1.0,52.5172721,5.5094284,7.0,79218.0,2.0,4.17,8.0,202.0,357518080497696.0,32.0,0.0,1583870534.0,1024.0,10.51,,EC 319
2020-03-10 20:02:26.904,mijnomgeving,357518080494826,1583870546904,0.0,52.2262514,5.1744984,5.0,18918.0,-15.0,4.18,12.0,235.0,357518080494826.0,32.0,0.0,1583870541.0,129.0,12.1,,EC 323
2020-03-10 20:02:32.933,mijnomgeving,357518080495088,1583870552933,255.0,2.55e-05,2.55e-05,0.0,29415.0,0.0,3.87,24.0,0.0,357518080495088.0,32.0,0.0,1583870543.0,1.0,21.35,3.041,EC 321
2020-03-10 20:03:06.221,mijnomgeving,357518080166887,1583870586221,8.0,52.370138,4.9008759,8.0,11960157.0,2.0,3.61,9.0,9.0,357518080166887.0,4.0,0.0,1583870582.0,53.0,12.8,,EC 200
2020-03-10 20:03:09.880,mijnomgeving,357518080495161,1583870589880,5.0,52.4999915,5.4527174,4.0,6480943.0,19.0,4.189999999999999,9.0,15.0,357518080495161.0,32.0,1.0,1583870600.0,905.0,10.33,,EC 315
2020-03-10 20:03:18.458,mijnomgeving,357518080166754,1583870598458,3.0,52.3538216,4.9249251,4.0,21099648.0,0.0,4.17,10.0,237.0,357518080166754.0,16.0,0.0,1583870611.0,1207.0,10.6,,EC 204
2020-03-10 20:03:33.948,mijnomgeving,357518080494982,1583870613948,1.0,52.2261641,5.1747345,4.0,11727.0,18.0,4.17,11.0,232.0,357518080494982.0,32.0,0.0,1583870610.0,134.0,12.27,,EC 326
2020-03-10 20:03:57.740,mijnomgeving,357518080163173,1583870637740,32.0,52.721815,6.8192093,12.0,60342.0,0.0,3.96,9.0,0.0,357518080163173.0,32.0,0.0,1583870637.0,528.0,10.24,,EC 231
2020-03-10 20:04:18.948,mijnomgeving,357518080330582,1583870658948,18.0,52.3731602,4.9460507,6.0,35128.0,-10.0,4.1,10.0,0.0,357518080330582.0,32.0,0.0,1583870656.0,1472.0,10.24,,EC 219
2020-03-10 20:04:42.882,mijnomgeving,357518080164395,1583870682882,21.0,51.8981759,4.4232514,7.0,66631.0,-7.0,4.04,9.0,222.0,357518080164395.0,32.0,0.0,1583870626.0,780.0,10.24,,EC 241
2020-03-10 20:05:34.483,mijnomgeving,357518080495088,1583870734483,255.0,2.55e-05,2.55e-05,0.0,29604.0,0.0,3.87,24.0,0.0,357518080495088.0,32.0,0.0,1583870732.0,2.0,21.35,3.041,EC 321
2020-03-10 20:06:24.531,mijnomgeving,357518080494859,1583870784531,1.0,52.5409695,5.588787,10.0,78318.0,-6.0,4.17,9.0,252.0,357518080494859.0,32.0,0.0,1583870785.0,1681.0,10.95,,EC 302
2020-03-10 20:06:48.729,mijnomgeving,357518080328131,1583870808729,24.0,52.3866774,4.9177777,4.0,96334.0,28.0,3.8200000000000003,10.0,248.0,357518080328131.0,32.0,0.0,1583870811.0,45.0,12.45,,EC 230
2020-03-10 20:07:55.592,mijnomgeving,357518080170889,1583870875592,2.0,52.0145618,4.2955225,6.0,148512.0,-10.0,4.189999999999999,7.0,217.0,357518080170889.0,32.0,1.0,1583870878.0,1222.0,12.01,,EC 236
2020-03-10 20:07:58.682,mijnomgeving,357518080494834,1583870878682,0.0,52.4258663,5.4207765,7.0,258318.0,0.0,4.1,9.0,16.0,357518080494834.0,32.0,0.0,1583870865.0,1341.0,11.3,,EC 314
2020-03-10 20:08:04.392,mijnomgeving,357518080494818,1583870884392,1.0,52.8092588,5.7452385,7.0,1817.0,0.0,4.22,8.0,38.0,357518080494818.0,32.0,0.0,1583870880.0,1574.0,10.77,,EC 309
2020-03-10 20:08:06.496,mijnomgeving,357518080332265,1583870886496,1.0,52.3922913,4.9375478,6.0,72911.0,-2.0,3.7,10.0,57.0,357518080332265.0,32.0,3.0,1583870881.0,1517.0,10.77,,EC 221
2020-03-10 20:08:08.131,mijnomgeving,357518080171390,1583870888131,31.0,52.03201,5.3037754,5.0,21730567.0,-13.0,4.17,10.0,0.0,357518080171390.0,64.0,0.0,1583870897.0,831.0,10.77,,EC 202
2020-03-10 20:08:18.889,mijnomgeving,357518080330764,1583870898889,23.0,51.8211925,4.6110132,6.0,79232.0,58.0,3.94,10.0,223.0,357518080330764.0,32.0,0.0,1583870898.0,303.0,11.66,,EC 244
2020-03-10 20:08:26.038,mijnomgeving,357518080495088,1583870906038,255.0,2.55e-05,2.55e-05,0.0,29775.0,0.0,3.88,24.0,0.0,357518080495088.0,32.0,0.0,1583870903.0,2.0,21.35,3.041,EC 321
2020-03-10 20:08:39.891,mijnomgeving,357518080495187,1583870919891,15.0,52.6353233,5.8234969,6.0,278132.0,-5.0,4.24,11.0,229.0,357518080495187.0,32.0,0.0,1583870932.0,528.0,10.51,,EC 304
2020-03-10 20:08:40.680,mijnomgeving,357518080332257,1583870920680,32.0,51.8982414,4.4232852,10.0,9942.0,0.0,4.09,8.0,24.0,357518080332257.0,32.0,0.0,1583870906.0,537.0,9.98,,EC 240
2020-03-10 20:09:15.713,mijnomgeving,357518080200454,1583870955713,2.0,52.3313772,5.0623023,5.0,23543164.0,-3.0,3.88,8.0,229.0,357518080200454.0,16.0,0.0,1583870965.0,6712.0,9.72,,EC Prototype 002
2020-03-10 20:09:32.960,mijnomgeving,357518080495146,1583870972960,1.0,52.3869262,5.3122396,5.0,52218.0,-4.0,4.17,10.0,227.0,357518080495146.0,32.0,0.0,1583870972.0,1688.0,10.77,,EC 317
2020-03-10 20:09:39.356,mijnomgeving,357518080169006,1583870979356,17.0,,,,41427.0,,3.64,11.0,,357518080169006.0,32.0,,1583870978.0,762.0,11.74,,EC 213
2020-03-10 20:09:41.943,mijnomgeving,357518080495526,1583870981943,12.0,52.2261822,5.1746733,6.0,30630.0,3.0,4.15,9.0,205.0,357518080495526.0,32.0,0.0,1583870980.0,134.0,12.27,,EC 327
2020-03-10 20:09:49.960,mijnomgeving,357518080495112,1583870989960,1.0,52.8374667,5.7140732,6.0,123318.0,-3.0,4.21,9.0,223.0,357518080495112.0,32.0,0.0,1583870990.0,1765.0,10.77,,EC 306
2020-03-10 20:10:08.897,mijnomgeving,357518080494875,1583871008897,26.0,52.6579019,5.6147238,6.0,81943.0,46.0,4.189999999999999,10.0,200.0,357518080494875.0,32.0,0.0,1583871008.0,1809.0,10.51,,EC 311
2020-03-10 20:10:31.024,mijnomgeving,357518080494909,1583871031024,0.0,52.2262359,5.1744939,5.0,453618.0,27.0,4.17,9.0,241.0,357518080494909.0,32.0,0.0,1583871050.0,124.0,12.36,,EC 329
2020-03-10 20:11:17.331,mijnomgeving,357518080167000,1583871077331,2.0,52.174018,5.036202,5.0,156613.0,-28.0,4.13,8.0,0.0,357518080167000.0,32.0,0.0,1583871081.0,618.0,9.63,,EC 228
2020-03-10 20:11:25.131,mijnomgeving,357518080495088,1583871085131,255.0,2.55e-05,2.55e-05,0.0,29955.0,0.0,3.88,24.0,0.0,357518080495088.0,32.0,0.0,1583871083.0,3.0,21.35,3.041,EC 321
2020-03-10 20:11:27.468,mijnomgeving,357518080203151,1583871087468,2.0,52.4208296,4.8601261000000004,7.0,21694536.0,6.0,4.15,8.0,56.0,357518080203151.0,16.0,0.0,1583871090.0,88.0,10.24,,EC Prototype 001
2020-03-10 20:11:34.088,mijnomgeving,357518080494768,1583871094088,1.0,52.4166209,5.2259623,4.0,166518.0,49.0,4.2,10.0,213.0,357518080494768.0,32.0,0.0,1583871094.0,1661.0,10.33,,EC 305
2020-03-10 20:11:45.821,mijnomgeving,357518080166663,1583871105821,2.0,51.8982219,4.4232676,7.0,144911.0,-9.0,4.12,9.0,0.0,357518080166663.0,32.0,0.0,1583870925.0,732.0,9.98,,EC 243
2020-03-10 20:11:49.304,mijnomgeving,357518080168917,1583871109304,2.0,52.3407423,4.9255665,6.0,21722466.0,-7.0,4.0,9.0,229.0,357518080168917.0,16.0,0.0,1583871119.0,46.0,12.1,,EC 209
2020-03-10 20:12:07.111,mijnomgeving,357518080495070,1583871127111,255.0,2.55e-05,2.55e-05,0.0,27138.0,0.0,4.03,23.0,0.0,357518080495070.0,32.0,0.0,1583871124.0,0.0,21.09,,EC 320
2020-03-10 20:12:09.112,mijnomgeving,357518080497423,1583871129112,1.0,52.5229989,5.5899554,4.0,27919.0,-83.0,4.17,10.0,240.0,357518080497423.0,32.0,0.0,1583871125.0,1887.0,11.13,,EC 318
2020-03-10 20:12:09.142,mijnomgeving,357518080495021,1583871129142,255.0,2.55e-05,2.55e-05,0.0,7338.0,0.0,3.92,15.0,0.0,357518080495021.0,32.0,0.0,1583871126.0,1.0,15.36,,EC 325
2020-03-10 20:12:11.069,mijnomgeving,357518080495203,1583871131069,1.0,52.2260361,5.1747472,5.0,8118.0,34.0,4.17,10.0,223.0,357518080495203.0,32.0,0.0,1583871127.0,131.0,12.62,,EC 324
2020-03-10 20:12:56.330,mijnomgeving,357518080497639,1583871176330,1.0,52.6591792,5.6608083,6.0,71118.0,-12.0,4.21,9.0,0.0,357518080497639.0,32.0,0.0,1583871176.0,2191.0,10.6,,EC 308
2020-03-10 20:13:11.339,mijnomgeving,357518080163405,1583871191339,3.0,52.37295,4.9158584,6.0,75614.0,2.0,4.13,8.0,9.0,357518080163405.0,32.0,0.0,1583871191.0,1662.0,9.98,,EC 226
2020-03-10 20:13:24.392,mijnomgeving,357518080495104,1583871204392,1.0,52.3374237,5.537506,6.0,139518.0,5.0,4.12,12.0,3.0,357518080495104.0,32.0,0.0,1583871206.0,720.0,11.21,,EC 312
2020-03-10 20:13:49.370,mijnomgeving,357518080497662,1583871229370,18.0,52.2259706,5.1747132,4.0,29736.0,54.0,4.21,11.0,239.0,357518080497662.0,32.0,0.0,1583871226.0,139.0,12.45,,EC 328
2020-03-10 20:13:53.362,mijnomgeving,357518080495682,1583871233362,11.0,52.5493624,5.5882836000000005,5.0,99928.0,7.0,4.189999999999999,9.0,254.0,357518080495682.0,32.0,0.0,1583871230.0,1480.0,11.04,,EC 316
2020-03-10 20:14:17.641,mijnomgeving,357518080166960,1583871257641,11.0,52.7139561,6.8789552,5.0,196221.0,-5.0,3.96,10.0,24.0,357518080166960.0,32.0,0.0,1583871263.0,536.0,10.24,,EC 232
2020-03-10 20:14:19.405,mijnomgeving,357518080494776,1583871259405,1.0,52.2261821,5.1745333,5.0,8118.0,1.0,4.17,10.0,206.0,357518080494776.0,32.0,0.0,1583871251.0,136.0,12.27,,EC 330
2020-03-10 20:14:25.383,mijnomgeving,357518080495088,1583871265383,255.0,2.55e-05,2.55e-05,0.0,30135.0,0.0,3.87,24.0,0.0,357518080495088.0,32.0,0.0,1583871263.0,1.0,21.35,3.041,EC 321
2020-03-10 20:15:15.478,mijnomgeving,357518080495047,1583871315478,1.0,52.2261845,5.1746373,4.0,84618.0,-8.0,4.17,10.0,231.0,357518080495047.0,32.0,0.0,1583871314.0,133.0,12.36,,EC 322
2020-03-10 20:16:03.062,mijnomgeving,357518080165475,1583871363062,3.0,52.371885,4.9246939,4.0,13226449.0,-12.0,4.11,8.0,52.0,357518080165475.0,1.0,0.0,1583871381.0,1339.0,9.72,,EC 201
2020-03-10 20:16:11.566,mijnomgeving,357518080495153,1583871371566,0.0,52.5789971,5.756654,4.0,45017.0,-19.0,4.189999999999999,9.0,225.0,357518080495153.0,32.0,1.0,1583871369.0,2535.0,10.42,,EC 313
2020-03-10 20:16:16.728,mijnomgeving,357518080166580,1583871376728,10.0,52.3603581,4.8155832,4.0,5419.0,-7.0,4.04,8.0,51.0,357518080166580.0,32.0,2.0,1583871356.0,662.0,9.63,,EC 224
2020-03-10 20:16:26.534,mijnomgeving,357518080495120,1583871386534,0.0,52.3337229,5.3125381,13.0,42.0,0.0,4.17,11.0,46.0,357518080495120.0,32.0,0.0,1583871383.0,1491.0,10.42,,EC 303
2020-03-10 20:16:47.259,mijnomgeving,357518080165368,1583871407259,33.0,52.3397681,4.9109809,4.0,20682993.0,-12.0,3.76,9.0,0.0,357518080165368.0,16.0,0.0,1583871230.0,1212.0,10.42,,EC 208
2020-03-10 20:16:48.660,mijnomgeving,357518080163249,1583871408660,2.0,,,,15312.0,,4.16,11.0,,357518080163249.0,32.0,,1583871401.0,501.0,11.3,,EC 212
2020-03-10 20:16:51.535,mijnomgeving,357518080495534,1583871411535,11.0,52.5325625,5.5930595,10.0,27929.0,-5.0,4.21,10.0,2.0,357518080495534.0,32.0,0.0,1583871406.0,1864.0,10.86,,EC 307
2020-03-10 20:17:14.826,mijnomgeving,357518080497696,1583871434826,1.0,52.5172169,5.5093881,7.0,80118.0,7.0,4.17,9.0,5.0,357518080497696.0,32.0,0.0,1583871434.0,1023.0,10.51,,EC 319
2020-03-10 20:17:24.592,mijnomgeving,357518080494826,1583871444592,1.0,52.225701,5.1753582,5.0,19818.0,74.0,4.18,11.0,230.0,357518080494826.0,32.0,0.0,1583871441.0,130.0,12.1,,EC 323
2020-03-10 20:17:34.623,mijnomgeving,357518080495088,1583871454623,255.0,2.55e-05,2.55e-05,0.0,30324.0,0.0,3.87,24.0,0.0,357518080495088.0,32.0,0.0,1583871452.0,3.0,21.35,3.041,EC 321
2020-03-10 20:17:53.936,mijnomgeving,357518080495161,1583871473936,3.0,52.4995952,5.4529488,5.0,6481824.0,20.0,4.189999999999999,9.0,4.0,357518080495161.0,32.0,0.0,1583871481.0,915.0,10.33,,EC 315
2020-03-10 20:18:07.300,mijnomgeving,357518080166887,1583871487300,11.0,52.3700903,4.9010391,7.0,11961060.0,16.0,3.6,9.0,225.0,357518080166887.0,4.0,0.0,1583871485.0,49.0,12.8,,EC 200
2020-03-10 20:18:17.317,mijnomgeving,357518080166754,1583871497317,2.0,52.3539242,4.9248079,5.0,21100547.0,-4.0,4.17,9.0,0.0,357518080166754.0,16.0,0.0,1583871510.0,1209.0,10.6,,EC 204
2020-03-10 20:18:27.392,mijnomgeving,357518080163173,1583871507392,2.0,52.7218503,6.8192189,11.0,61212.0,12.0,3.96,8.0,23.0,357518080163173.0,32.0,0.0,1583871506.0,535.0,10.24,,EC 231
2020-03-10 20:18:33.661,mijnomgeving,357518080494982,1583871513661,1.0,52.2261485,5.1746818,5.0,12627.0,19.0,4.17,10.0,243.0,357518080494982.0,32.0,0.0,1583871510.0,133.0,12.27,,EC 326
2020-03-10 20:18:41.647,mijnomgeving,357518080164395,1583871521647,4.0,51.8982378,4.4233596,7.0,67514.0,2.0,4.04,9.0,4.0,357518080164395.0,32.0,0.0,1583871509.0,781.0,10.24,,EC 241
2020-03-10 20:19:04.452,mijnomgeving,357518080330582,1583871544452,3.0,52.3731405,4.9460961999999995,5.0,36013.0,-12.0,4.09,10.0,29.0,357518080330582.0,32.0,0.0,1583871541.0,1478.0,10.24,,EC 219
2020-03-10 20:20:36.850,mijnomgeving,357518080495088,1583871636850,255.0,2.55e-05,2.55e-05,0.0,30504.0,0.0,3.88,24.0,0.0,357518080495088.0,32.0,0.0,1583871632.0,0.0,21.35,3.041,EC 321
2020-03-10 20:21:25.900,mijnomgeving,357518080494859,1583871685900,1.0,52.541010299999996,5.5887453,9.0,79218.0,0.0,4.17,9.0,206.0,357518080494859.0,32.0,0.0,1583871685.0,1679.0,10.95,,EC 302
2020-03-10 20:21:46.599,mijnomgeving,357518080328131,1583871706599,22.0,52.3865489,4.9179776,4.0,97232.0,54.0,3.8200000000000003,10.0,243.0,357518080328131.0,32.0,0.0,1583871709.0,47.0,12.36,,EC 230
2020-03-10 20:22:39.489,mijnomgeving,357518080171390,1583871759489,2.0,52.0320248,5.3036747,4.0,21731439.0,-7.0,4.17,10.0,36.0,357518080171390.0,64.0,0.0,1583871769.0,834.0,10.77,,EC 202
2020-03-10 20:22:44.957,mijnomgeving,357518080494834,1583871764957,0.0,52.4256192,5.4206005,7.0,259218.0,-72.0,4.1,9.0,11.0,357518080494834.0,32.0,0.0,1583871765.0,1355.0,11.39,,EC 314
2020-03-10 20:22:55.727,mijnomgeving,357518080170889,1583871775727,2.0,52.0143367,4.2952744,5.0,149412.0,-21.0,4.189999999999999,7.0,0.0,357518080170889.0,32.0,0.0,1583871778.0,1392.0,12.01,,EC 236
2020-03-10 20:22:59.384,mijnomgeving,357518080332257,1583871779384,3.0,51.8983118,4.4232917,9.0,10812.0,-1.0,4.09,8.0,11.0,357518080332257.0,32.0,0.0,1583871776.0,537.0,9.98,,EC 240
2020-03-10 20:23:03.913,mijnomgeving,357518080494818,1583871783913,1.0,52.8091478,5.7452003,8.0,2717.0,-7.0,4.22,8.0,4.0,357518080494818.0,32.0,0.0,1583871780.0,1579.0,10.77,,EC 309
2020-03-10 20:23:05.482,mijnomgeving,357518080330764,1583871785482,6.0,51.8213212,4.6112661,5.0,80115.0,65.0,3.93,10.0,59.0,357518080330764.0,32.0,0.0,1583871781.0,299.0,11.66,,EC 244
2020-03-10 20:23:06.055,mijnomgeving,357518080332265,1583871786055,2.0,52.3922358,4.9374254,7.0,73812.0,-10.0,3.7,9.0,222.0,357518080332265.0,32.0,0.0,1583871782.0,1518.0,10.69,,EC 221
2020-03-10 20:23:28.014,mijnomgeving,357518080495187,1583871808014,1.0,52.6349405,5.8237342,6.0,279018.0,-76.0,4.25,10.0,5.0,357518080495187.0,32.0,0.0,1583871818.0,529.0,10.51,,EC 304
2020-03-10 20:23:36.983,mijnomgeving,357518080495088,1583871816983,255.0,2.55e-05,2.55e-05,0.0,30684.0,0.0,3.87,24.0,0.0,357518080495088.0,32.0,0.0,1583871812.0,3.0,21.35,3.041,EC 321
2020-03-10 20:24:15.924,mijnomgeving,357518080200454,1583871855924,2.0,52.331537,5.0619853,5.0,23544064.0,-43.0,3.88,8.0,244.0,357518080200454.0,16.0,0.0,1583871865.0,6695.0,9.72,,EC Prototype 002
2020-03-10 20:24:26.361,mijnomgeving,357518080169006,1583871866361,4.0,,,,42314.0,,3.64,11.0,,357518080169006.0,32.0,,1583871866.0,759.0,11.74,,EC 213
2020-03-10 20:24:31.058,mijnomgeving,357518080495526,1583871871058,1.0,52.2261542,5.174668,6.0,31519.0,14.0,4.15,9.0,27.0,357518080495526.0,32.0,0.0,1583871869.0,133.0,12.18,,EC 327
2020-03-10 20:24:33.040,mijnomgeving,357518080495146,1583871873040,1.0,52.3869941,5.3122246,5.0,53118.0,-10.0,4.17,10.0,227.0,357518080495146.0,32.0,0.0,1583871872.0,1686.0,10.77,,EC 317
2020-03-10 20:24:44.158,mijnomgeving,357518080494875,1583871884158,0.0,52.6579083,5.6148047,6.0,82818.0,12.0,4.189999999999999,9.0,249.0,357518080494875.0,32.0,0.0,1583871883.0,1801.0,10.51,,EC 311
2020-03-10 20:24:48.133,mijnomgeving,357518080495112,1583871888133,1.0,52.8373288,5.714104,5.0,124218.0,-11.0,4.21,8.0,227.0,357518080495112.0,32.0,1.0,1583871890.0,1763.0,10.69,,EC 306
2020-03-10 20:25:41.229,mijnomgeving,357518080494909,1583871941229,0.0,52.2262471,5.1743563,4.0,454527.0,1.0,4.17,8.0,37.0,357518080494909.0,32.0,0.0,1583871959.0,124.0,12.36,,EC 329
2020-03-10 20:26:18.275,mijnomgeving,357518080167000,1583871978275,2.0,52.1739157,5.0358396,5.0,157513.0,3.0,4.13,8.0,48.0,357518080167000.0,32.0,0.0,1583871981.0,617.0,9.63,,EC 228
2020-03-10 20:26:26.253,mijnomgeving,357518080495088,1583871986253,255.0,2.55e-05,2.55e-05,0.0,30855.0,0.0,3.87,24.0,0.0,357518080495088.0,32.0,0.0,1583871983.0,0.0,21.35,3.041,EC 321
2020-03-10 20:26:30.030,mijnomgeving,357518080203151,1583871990030,4.0,52.4207618,4.8599920999999995,5.0,21695438.0,12.0,4.15,8.0,26.0,357518080203151.0,16.0,0.0,1583871992.0,88.0,10.24,,EC Prototype 001
2020-03-10 20:26:44.314,mijnomgeving,357518080494768,1583872004314,1.0,52.4166576,5.2265319,5.0,167418.0,-15.0,4.2,10.0,229.0,357518080494768.0,32.0,0.0,1583871994.0,1664.0,10.33,,EC 305
2020-03-10 20:26:59.029,mijnomgeving,357518080168917,1583872019029,2.0,52.3406413,4.9257392,5.0,21723375.0,5.0,4.0,9.0,240.0,357518080168917.0,16.0,0.0,1583872028.0,52.0,12.1,,EC 209
2020-03-10 20:27:07.258,mijnomgeving,357518080495070,1583872027258,255.0,2.55e-05,2.55e-05,0.0,28038.0,0.0,4.03,24.0,0.0,357518080495070.0,32.0,0.0,1583872025.0,2.0,21.09,,EC 320
2020-03-10 20:27:09.239,mijnomgeving,357518080495021,1583872029239,255.0,2.55e-05,2.55e-05,0.0,8237.0,0.0,3.92,15.0,0.0,357518080495021.0,32.0,0.0,1583872025.0,0.0,15.36,,EC 325
2020-03-10 20:27:11.234,mijnomgeving,357518080495203,1583872031234,1.0,52.2262352,5.1744058,5.0,9018.0,18.0,4.17,10.0,229.0,357518080495203.0,32.0,0.0,1583872027.0,130.0,12.62,,EC 324
2020-03-10 20:27:17.231,mijnomgeving,357518080497423,1583872037231,0.0,52.5229599,5.5899111,4.0,28818.0,-10.0,4.17,9.0,213.0,357518080497423.0,32.0,0.0,1583872024.0,1889.0,11.13,,EC 318
2020-03-10 20:27:56.340,mijnomgeving,357518080497639,1583872076340,0.0,52.6591533,5.6608748,6.0,72018.0,-17.0,4.21,9.0,225.0,357518080497639.0,32.0,0.0,1583872076.0,2193.0,10.6,,EC 308
2020-03-10 20:28:10.540,mijnomgeving,357518080163405,1583872090540,3.0,52.3729591,4.9161619,5.0,76514.0,32.0,4.14,8.0,0.0,357518080163405.0,32.0,0.0,1583872091.0,1662.0,9.98,,EC 226
2020-03-10 20:28:24.345,mijnomgeving,357518080495104,1583872104345,1.0,52.3374577,5.5374254,6.0,140418.0,11.0,4.12,11.0,27.0,357518080495104.0,32.0,0.0,1583872106.0,720.0,11.21,,EC 312
2020-03-10 20:28:31.323,mijnomgeving,357518080165368,1583872111323,25.0,52.3396867,4.9108944999999995,6.0,20683885.0,23.0,3.76,9.0,4.0,357518080165368.0,16.0,0.0,1583872122.0,1226.0,10.42,,EC 208
2020-03-10 20:28:40.343,mijnomgeving,357518080497662,1583872120343,9.0,52.2256548,5.1748455,4.0,30627.0,99.0,4.21,11.0,4.0,357518080497662.0,32.0,1.0,1583872117.0,139.0,12.45,,EC 328
2020-03-10 20:28:44.336,mijnomgeving,357518080495682,1583872124336,1.0,52.5494025,5.5882513,5.0,100818.0,-6.0,4.18,9.0,2.0,357518080495682.0,32.0,1.0,1583872120.0,1504.0,10.95,,EC 316
2020-03-10 20:29:14.621,mijnomgeving,357518080166960,1583872154621,8.0,52.7137757,6.8790035,5.0,197118.0,22.0,3.96,9.0,3.0,357518080166960.0,32.0,0.0,1583872160.0,534.0,10.24,,EC 232
2020-03-10 20:29:18.256,mijnomgeving,357518080166663,1583872158256,2.0,51.8982202,4.4233381,7.0,145811.0,-7.0,4.11,10.0,0.0,357518080166663.0,32.0,0.0,1583871825.0,737.0,9.98,,EC 243
2020-03-10 20:29:19.346,mijnomgeving,357518080494776,1583872159346,4.0,52.2261836,5.1745789,5.0,9022.0,8.0,4.16,9.0,225.0,357518080494776.0,32.0,4.0,1583872155.0,136.0,12.27,,EC 330
2020-03-10 20:29:25.410,mijnomgeving,357518080495088,1583872165410,255.0,2.55e-05,2.55e-05,0.0,31035.0,0.0,3.88,24.0,0.0,357518080495088.0,32.0,0.0,1583872163.0,0.0,21.35,3.112,EC 321
2020-03-10 20:30:14.208,mijnomgeving,357518080495047,1583872214208,1.0,52.2260452,5.1749026,5.0,85518.0,21.0,4.17,10.0,225.0,357518080495047.0,32.0,0.0,1583872214.0,133.0,12.36,,EC 322
2020-03-10 20:30:55.330,mijnomgeving,357518080166580,1583872255330,6.0,52.3602881,4.8152928,4.0,6315.0,13.0,4.04,8.0,49.0,357518080166580.0,32.0,2.0,1583872252.0,665.0,9.63,,EC 224
2020-03-10 20:31:02.905,mijnomgeving,357518080165475,1583872262905,3.0,52.3718655,4.9249878,4.0,13227349.0,-3.0,4.12,9.0,42.0,357518080165475.0,1.0,0.0,1583872281.0,1352.0,9.72,,EC 201
2020-03-10 20:31:03.277,mijnomgeving,357518080495120,1583872263277,0.0,52.3337062,5.3125719,12.0,918.0,-4.0,4.18,9.0,224.0,357518080495120.0,32.0,0.0,1583872259.0,1497.0,10.42,,EC 303
2020-03-10 20:31:26.295,mijnomgeving,357518080495153,1583872286295,16.0,52.5786579,5.7571911,5.0,45933.0,47.0,4.189999999999999,10.0,225.0,357518080495153.0,32.0,0.0,1583872285.0,2540.0,10.42,,EC 313
2020-03-10 20:31:42.434,mijnomgeving,357518080495534,1583872302434,1.0,52.5325252,5.5930467,10.0,28819.0,-11.0,4.21,10.0,0.0,357518080495534.0,32.0,0.0,1583872297.0,1861.0,10.86,,EC 307
2020-03-10 20:31:46.414,mijnomgeving,357518080163249,1583872306414,5.0,,,,16215.0,,4.16,11.0,,357518080163249.0,32.0,,1583872304.0,472.0,11.3,,EC 212
2020-03-10 20:32:14.304,mijnomgeving,357518080497696,1583872334304,1.0,52.5172445,5.5095251,7.0,81018.0,3.0,4.17,8.0,42.0,357518080497696.0,32.0,0.0,1583872334.0,1023.0,10.51,,EC 319
2020-03-10 20:32:25.288,mijnomgeving,357518080495088,1583872345288,255.0,2.55e-05,2.55e-05,0.0,31215.0,0.0,3.87,24.0,0.0,357518080495088.0,32.0,0.0,1583872343.0,1.0,21.35,3.041,EC 321
2020-03-10 20:32:37.323,mijnomgeving,357518080494826,1583872357323,4.0,52.2267422,5.1733744,5.0,20731.0,-39.0,4.18,11.0,228.0,357518080494826.0,32.0,0.0,1583872354.0,130.0,12.01,,EC 323
2020-03-10 20:32:51.337,mijnomgeving,357518080495161,1583872371337,4.0,52.4997321,5.4527052,5.0,6482725.0,19.0,4.189999999999999,9.0,17.0,357518080495161.0,32.0,0.0,1583872382.0,915.0,10.33,,EC 315
2020-03-10 20:33:17.522,mijnomgeving,357518080166754,1583872397522,2.0,52.3538954,4.9247923,5.0,21101447.0,-13.0,4.17,9.0,233.0,357518080166754.0,16.0,0.0,1583872410.0,1210.0,10.6,,EC 204
2020-03-10 20:33:24.421,mijnomgeving,357518080494982,1583872404421,1.0,52.2261601,5.1746022,5.0,13518.0,14.0,4.17,10.0,235.0,357518080494982.0,32.0,0.0,1583872401.0,134.0,12.27,,EC 326
2020-03-10 20:33:27.554,mijnomgeving,357518080163173,1583872407554,2.0,52.7218256,6.8191697,10.0,62112.0,17.0,3.96,8.0,0.0,357518080163173.0,32.0,0.0,1583872407.0,535.0,10.24,,EC 231
2020-03-10 20:33:28.898,mijnomgeving,357518080166887,1583872408898,33.0,52.370135,4.9009533,9.0,11961982.0,7.0,3.6,8.0,2.0,357518080166887.0,4.0,0.0,1583872407.0,40.0,12.54,,EC 200
2020-03-10 20:33:34.248,mijnomgeving,357518080164395,1583872414248,4.0,51.898238,4.423304,5.0,68414.0,-6.0,4.04,9.0,16.0,357518080164395.0,32.0,0.0,1583872409.0,780.0,10.24,,EC 241
2020-03-10 20:34:05.889,mijnomgeving,357518080330582,1583872445889,5.0,52.3732805,4.9460283,6.0,36915.0,-19.0,4.1,10.0,1.0,357518080330582.0,32.0,0.0,1583872443.0,1532.0,10.24,,EC 219
2020-03-10 20:35:25.557,mijnomgeving,357518080495088,1583872525557,255.0,2.55e-05,2.55e-05,0.0,31395.0,0.0,3.87,24.0,0.0,357518080495088.0,32.0,0.0,1583872523.0,1.0,21.35,3.041,EC 321
2020-03-10 20:36:25.637,mijnomgeving,357518080494859,1583872585637,1.0,52.5409915,5.5887696,9.0,80118.0,-5.0,4.17,8.0,0.0,357518080494859.0,32.0,0.0,1583872585.0,1674.0,10.95,,EC 302
2020-03-10 20:36:58.004,mijnomgeving,357518080328131,1583872618004,33.0,52.3866977,4.9177596,7.0,98143.0,-3.0,3.8200000000000003,9.0,0.0,357518080328131.0,32.0,0.0,1583872620.0,45.0,12.36,,EC 230
2020-03-10 20:37:39.334,mijnomgeving,357518080171390,1583872659334,2.0,52.0319757,5.3037499,4.0,21732339.0,-34.0,4.17,10.0,17.0,357518080171390.0,64.0,0.0,1583872669.0,829.0,10.77,,EC 202
2020-03-10 20:37:57.501,mijnomgeving,357518080170889,1583872677501,4.0,52.0144015,4.2955974,6.0,150314.0,15.0,4.18,8.0,2.0,357518080170889.0,32.0,0.0,1583872680.0,1529.0,11.92,,EC 236
2020-03-10 20:37:58.588,mijnomgeving,357518080332257,1583872678588,2.0,51.8982355,4.423331,8.0,11712.0,0.0,4.09,8.0,0.0,357518080332257.0,32.0,0.0,1583872676.0,535.0,9.98,,EC 240
2020-03-10 20:38:02.685,mijnomgeving,357518080332265,1583872682685,2.0,52.3921606,4.9373393,8.0,74712.0,0.0,3.7,9.0,2.0,357518080332265.0,32.0,0.0,1583872682.0,1515.0,10.77,,EC 221
2020-03-10 20:38:03.689,mijnomgeving,357518080494818,1583872683689,1.0,52.8092003,5.7452458,7.0,3618.0,0.0,4.22,8.0,23.0,357518080494818.0,32.0,0.0,1583872680.0,1585.0,10.77,,EC 309
2020-03-10 20:38:08.685,mijnomgeving,357518080330764,1583872688685,9.0,51.8211175,4.6117235999999995,5.0,81019.0,48.0,3.94,10.0,0.0,357518080330764.0,32.0,0.0,1583872684.0,300.0,11.66,,EC 244
2020-03-10 20:38:14.727,mijnomgeving,357518080494834,1583872694727,0.0,52.4258663,5.4206796,7.0,260135.0,2.0,4.11,9.0,5.0,357518080494834.0,32.0,0.0,1583872682.0,1355.0,11.39,,EC 314
2020-03-10 20:38:24.722,mijnomgeving,357518080495088,1583872704722,255.0,2.55e-05,2.55e-05,0.0,31575.0,0.0,3.87,24.0,0.0,357518080495088.0,32.0,0.0,1583872703.0,1.0,21.35,3.041,EC 321
2020-03-10 20:38:25.698,mijnomgeving,357518080495187,1583872705698,0.0,52.635298,5.8235978,5.0,279918.0,-6.0,4.25,10.0,13.0,357518080495187.0,32.0,0.0,1583872718.0,532.0,10.51,,EC 304
2020-03-10 20:39:20.408,mijnomgeving,357518080200454,1583872760408,3.0,52.3312196,5.0629532,4.0,23544965.0,46.0,3.88,8.0,0.0,357518080200454.0,16.0,0.0,1583872766.0,6709.0,9.72,,EC Prototype 002
2020-03-10 20:39:28.833,mijnomgeving,357518080495526,1583872768833,0.0,52.2261767,5.1746299,6.0,32417.0,11.0,4.15,9.0,31.0,357518080495526.0,32.0,0.0,1583872767.0,136.0,12.18,,EC 327
2020-03-10 20:39:32.793,mijnomgeving,357518080495146,1583872772793,1.0,52.3873891,5.3113106,5.0,54018.0,-56.0,4.17,10.0,227.0,357518080495146.0,32.0,0.0,1583872772.0,1680.0,10.77,,EC 317
2020-03-10 20:39:35.703,mijnomgeving,357518080166663,1583872775703,2.0,51.8981846,4.4233272,6.0,146711.0,-4.0,4.12,9.0,3.0,357518080166663.0,32.0,1.0,1583872725.0,733.0,9.98,,EC 243
2020-03-10 20:39:43.023,mijnomgeving,357518080494875,1583872783023,0.0,52.6580052,5.6148852,6.0,83718.0,-2.0,4.189999999999999,8.0,1.0,357518080494875.0,32.0,0.0,1583872783.0,1802.0,10.51,,EC 311
2020-03-10 20:39:47.001,mijnomgeving,357518080169006,1583872787001,25.0,,,,43234.0,,3.64,10.0,,357518080169006.0,32.0,,1583872786.0,762.0,11.74,,EC 213
2020-03-10 20:39:49.889,mijnomgeving,357518080495112,1583872789889,1.0,52.8371919,5.7146355,6.0,125118.0,6.0,4.21,8.0,229.0,357518080495112.0,32.0,3.0,1583872790.0,1764.0,10.69,,EC 306
2020-03-10 20:40:48.861,mijnomgeving,357518080494909,1583872848861,18.0,52.2260581,5.174811,5.0,455435.0,27.0,4.16,8.0,26.0,357518080494909.0,32.0,0.0,1583872867.0,126.0,12.27,,EC 329
2020-03-10 20:41:17.621,mijnomgeving,357518080167000,1583872877621,2.0,52.173948,5.0357945,4.0,158413.0,1.0,4.13,8.0,40.0,357518080167000.0,32.0,0.0,1583872881.0,618.0,9.63,,EC 228
2020-03-10 20:41:31.171,mijnomgeving,357518080203151,1583872891171,5.0,52.4208751,4.8601716,6.0,21696339.0,-13.0,4.15,8.0,0.0,357518080203151.0,16.0,0.0,1583872893.0,90.0,10.24,,EC Prototype 001
2020-03-10 20:41:34.991,mijnomgeving,357518080495088,1583872894991,255.0,2.55e-05,2.55e-05,0.0,31764.0,0.0,3.87,24.0,0.0,357518080495088.0,32.0,0.0,1583872892.0,1.0,21.35,3.041,EC 321
2020-03-10 20:41:37.151,mijnomgeving,357518080494768,1583872897151,5.0,52.4169944,5.2249745,4.0,168322.0,3.0,4.2,10.0,225.0,357518080494768.0,32.0,3.0,1583872898.0,1676.0,10.42,,EC 305
2020-03-10 20:42:06.958,mijnomgeving,357518080495070,1583872926958,255.0,2.55e-05,2.55e-05,0.0,28938.0,0.0,4.04,24.0,0.0,357518080495070.0,32.0,0.0,1583872925.0,0.0,21.0,,EC 320
2020-03-10 20:42:08.978,mijnomgeving,357518080495021,1583872928978,255.0,2.55e-05,2.55e-05,0.0,9138.0,0.0,3.92,15.0,0.0,357518080495021.0,32.0,0.0,1583872926.0,1.0,15.36,,EC 325
2020-03-10 20:42:21.057,mijnomgeving,357518080497423,1583872941057,13.0,52.5229775,5.5902268,5.0,29730.0,-14.0,4.17,9.0,0.0,357518080497423.0,32.0,0.0,1583872936.0,1872.0,11.13,,EC 318
2020-03-10 20:42:21.119,mijnomgeving,357518080495203,1583872941119,9.0,52.2261211,5.1747265,7.0,9926.0,24.0,4.17,10.0,242.0,357518080495203.0,32.0,0.0,1583872935.0,132.0,12.54,,EC 324
2020-03-10 20:42:56.032,mijnomgeving,357518080497639,1583872976032,1.0,52.6591302,5.6608534,6.0,72918.0,-12.0,4.21,10.0,57.0,357518080497639.0,32.0,0.0,1583872976.0,2188.0,10.6,,EC 308
2020-03-10 20:43:11.683,mijnomgeving,357518080163405,1583872991683,3.0,52.3731744,4.9159334999999995,5.0,77414.0,21.0,4.13,8.0,253.0,357518080163405.0,32.0,0.0,1583872991.0,1658.0,9.98,,EC 226
2020-03-10 20:43:25.162,mijnomgeving,357518080495104,1583873005162,1.0,52.3375366,5.5376628,6.0,141318.0,22.0,4.12,11.0,31.0,357518080495104.0,32.0,0.0,1583873006.0,722.0,11.21,,EC 312
2020-03-10 20:43:55.160,mijnomgeving,357518080495682,1583873035160,8.0,52.5494284,5.5882262,4.0,101725.0,-7.0,4.189999999999999,9.0,250.0,357518080495682.0,32.0,0.0,1583873027.0,1481.0,10.95,,EC 316
2020-03-10 20:43:57.161,mijnomgeving,357518080497662,1583873037161,25.0,52.2261237,5.1746256,11.0,31544.0,21.0,4.21,11.0,252.0,357518080497662.0,32.0,0.0,1583873034.0,139.0,12.45,,EC 328
2020-03-10 20:44:20.870,mijnomgeving,357518080166960,1583873060870,14.0,52.7138435,6.878825,5.0,198024.0,16.0,3.96,9.0,20.0,357518080166960.0,32.0,0.0,1583873066.0,537.0,10.24,,EC 232
2020-03-10 20:44:34.217,mijnomgeving,357518080495088,1583873074217,255.0,2.55e-05,2.55e-05,0.0,31944.0,0.0,3.88,24.0,0.0,357518080495088.0,32.0,0.0,1583873072.0,2.0,21.35,3.112,EC 321
2020-03-10 20:44:35.161,mijnomgeving,357518080165368,1583873075161,21.0,52.3397786,4.9108923,6.0,20684781.0,-14.0,3.76,8.0,12.0,357518080165368.0,16.0,0.0,1583873018.0,1235.0,10.42,,EC 208
2020-03-10 20:44:39.181,mijnomgeving,357518080494776,1583873079181,24.0,52.2260301,5.1746642,6.0,9941.0,18.0,4.17,10.0,214.0,357518080494776.0,32.0,0.0,1583873074.0,135.0,12.27,,EC 330
2020-03-10 20:45:20.225,mijnomgeving,357518080495047,1583873120225,1.0,52.2261134,5.1746319,5.0,86418.0,19.0,4.17,9.0,225.0,357518080495047.0,32.0,0.0,1583873114.0,132.0,12.36,,EC 322
2020-03-10 20:46:02.219,mijnomgeving,357518080166580,1583873162219,13.0,52.3601903,4.8152003,4.0,7222.0,40.0,4.04,8.0,0.0,357518080166580.0,32.0,0.0,1583873159.0,662.0,9.63,,EC 224
2020-03-10 20:46:18.250,mijnomgeving,357518080165475,1583873178250,18.0,52.3720095,4.9252899,7.0,13228264.0,-11.0,4.12,9.0,50.0,357518080165475.0,1.0,0.0,1583873196.0,1349.0,9.72,,EC 201
2020-03-10 20:46:19.255,mijnomgeving,357518080495153,1583873179255,9.0,52.5786077,5.7570519,5.0,46826.0,37.0,4.189999999999999,9.0,210.0,357518080495153.0,32.0,0.0,1583873177.0,2540.0,10.51,,EC 313
2020-03-10 20:46:36.347,mijnomgeving,357518080495120,1583873196347,0.0,52.3337063,5.3125585,11.0,1818.0,1.0,4.18,9.0,0.0,357518080495120.0,32.0,0.0,1583873159.0,1499.0,10.42,,EC 303
2020-03-10 20:46:38.267,mijnomgeving,357518080495534,1583873198267,0.0,52.5325324,5.5930415,9.0,29718.0,-9.0,4.21,10.0,244.0,357518080495534.0,32.0,0.0,1583873196.0,1855.0,10.86,,EC 307
2020-03-10 20:46:44.627,mijnomgeving,357518080163249,1583873204627,3.0,,,,17113.0,,4.16,11.0,,357518080163249.0,32.0,,1583873202.0,453.0,11.3,,EC 212
2020-03-10 20:47:14.381,mijnomgeving,357518080497696,1583873234381,1.0,52.5172304,5.5095427,7.0,81918.0,1.0,4.17,8.0,245.0,357518080497696.0,32.0,0.0,1583873234.0,1024.0,10.51,,EC 319
2020-03-10 20:47:25.357,mijnomgeving,357518080495088,1583873245357,255.0,2.55e-05,2.55e-05,0.0,32115.0,0.0,3.87,24.0,0.0,357518080495088.0,32.0,0.0,1583873243.0,2.0,21.35,3.041,EC 321
2020-03-10 20:47:41.433,mijnomgeving,357518080494826,1583873261433,17.0,52.2260975,5.1746231,10.0,21635.0,37.0,4.17,11.0,0.0,357518080494826.0,32.0,0.0,1583873258.0,129.0,12.01,,EC 323
2020-03-10 20:47:54.476,mijnomgeving,357518080495161,1583873274476,3.0,52.4999516,5.4529104,4.0,6483623.0,20.0,4.189999999999999,9.0,10.0,357518080495161.0,32.0,2.0,1583873280.0,916.0,10.33,,EC 315
2020-03-10 20:47:59.305,mijnomgeving,357518080166887,1583873279305,3.0,52.3702094,4.9009931,7.0,11962852.0,14.0,3.6,9.0,19.0,357518080166887.0,4.0,0.0,1583873277.0,39.0,12.54,,EC 200
2020-03-10 20:48:17.703,mijnomgeving,357518080166754,1583873297703,2.0,52.3537462,4.9248285,5.0,21102347.0,-5.0,4.16,9.0,0.0,357518080166754.0,16.0,0.0,1583873310.0,1206.0,10.6,,EC 204
2020-03-10 20:48:25.469,mijnomgeving,357518080494982,1583873305469,1.0,52.2262344,5.1745459,5.0,14418.0,15.0,4.17,10.0,231.0,357518080494982.0,32.0,0.0,1583873301.0,134.0,12.18,,EC 326
2020-03-10 20:48:28.693,mijnomgeving,357518080163173,1583873308693,3.0,52.721871,6.8190998,12.0,63013.0,4.0,3.96,8.0,23.0,357518080163173.0,32.0,0.0,1583873308.0,535.0,10.24,,EC 231
2020-03-10 20:48:29.150,mijnomgeving,357518080164395,1583873309150,2.0,51.8982167,4.4232283,5.0,69312.0,-92.0,4.04,8.0,0.0,357518080164395.0,32.0,0.0,1583873307.0,782.0,10.24,,EC 241
2020-03-10 20:49:04.499,mijnomgeving,357518080330582,1583873344499,5.0,52.3732656,4.9457336,4.0,37815.0,19.0,4.1,11.0,8.0,357518080330582.0,32.0,1.0,1583873343.0,1516.0,10.24,,EC 219
2020-03-10 20:50:24.586,mijnomgeving,357518080495088,1583873424586,255.0,2.55e-05,2.55e-05,0.0,32295.0,0.0,3.87,24.0,0.0,357518080495088.0,32.0,0.0,1583873423.0,1.0,21.35,3.041,EC 321
2020-03-10 20:51:24.669,mijnomgeving,357518080494859,1583873484669,0.0,52.5409881,5.5887665,9.0,81018.0,-3.0,4.17,8.0,217.0,357518080494859.0,32.0,0.0,1583873485.0,1667.0,10.95,,EC 302
2020-03-10 20:51:40.846,mijnomgeving,357518080328131,1583873500846,16.0,52.3869408,4.9180211,6.0,99026.0,79.0,3.8200000000000003,9.0,218.0,357518080328131.0,32.0,0.0,1583873503.0,46.0,12.36,,EC 230
2020-03-10 20:52:39.478,mijnomgeving,357518080171390,1583873559478,2.0,52.0319249,5.3036063,4.0,21733239.0,25.0,4.17,10.0,0.0,357518080171390.0,64.0,0.0,1583873569.0,828.0,10.86,,EC 202
2020-03-10 20:52:42.775,mijnomgeving,357518080494834,1583873562775,0.0,52.4257042,5.4207281,4.0,261018.0,-6.0,4.1,9.0,27.0,357518080494834.0,32.0,0.0,1583873565.0,1362.0,11.39,,EC 314
2020-03-10 20:52:59.088,mijnomgeving,357518080170889,1583873579088,5.0,52.0145121,4.2957401,4.0,151215.0,7.0,4.189999999999999,8.0,0.0,357518080170889.0,32.0,0.0,1583873581.0,1508.0,11.92,,EC 236
2020-03-10 20:52:59.253,mijnomgeving,357518080332257,1583873579253,2.0,51.8982194,4.4231381,9.0,12612.0,36.0,4.09,8.0,7.0,357518080332257.0,32.0,1.0,1583873576.0,538.0,9.98,,EC 240
2020-03-10 20:53:00.962,mijnomgeving,357518080330764,1583873580962,6.0,51.8210483,4.6114217,4.0,81916.0,24.0,3.94,10.0,0.0,357518080330764.0,32.0,0.0,1583873581.0,298.0,11.66,,EC 244
2020-03-10 20:53:04.430,mijnomgeving,357518080494818,1583873584430,1.0,52.8091637,5.7453082,7.0,4518.0,-7.0,4.22,9.0,11.0,357518080494818.0,32.0,0.0,1583873581.0,1591.0,10.77,,EC 309
2020-03-10 20:53:24.126,mijnomgeving,357518080332265,1583873604126,3.0,52.3919421,4.9373249,6.0,75613.0,-32.0,3.7,8.0,0.0,357518080332265.0,32.0,0.0,1583873583.0,1519.0,10.77,,EC 221
2020-03-10 20:53:24.794,mijnomgeving,357518080495088,1583873604794,255.0,2.55e-05,2.55e-05,0.0,32475.0,0.0,3.87,24.0,0.0,357518080495088.0,32.0,0.0,1583873603.0,2.0,21.35,3.041,EC 321
2020-03-10 20:53:25.755,mijnomgeving,357518080495187,1583873605755,1.0,52.6352899,5.8236099,5.0,280818.0,-13.0,4.25,10.0,208.0,357518080495187.0,32.0,0.0,1583873618.0,532.0,10.51,,EC 304
2020-03-10 20:54:03.055,mijnomgeving,357518080166663,1583873643055,3.0,51.898241,4.4231816,6.0,147612.0,8.0,4.12,9.0,0.0,357518080166663.0,32.0,0.0,1583873626.0,732.0,9.98,,EC 243
2020-03-10 20:54:20.123,mijnomgeving,357518080200454,1583873660123,6.0,52.3314172,5.0623081,4.0,23545868.0,17.0,3.88,8.0,39.0,357518080200454.0,16.0,0.0,1583873669.0,6712.0,9.72,,EC Prototype 002
2020-03-10 20:54:25.394,mijnomgeving,357518080169006,1583873665394,3.0,,,,44113.0,,3.64,11.0,,357518080169006.0,32.0,,1583873665.0,768.0,11.74,,EC 213
2020-03-10 20:54:33.890,mijnomgeving,357518080495146,1583873673890,2.0,52.3873555,5.3113356,4.0,54919.0,-64.0,4.17,10.0,225.0,357518080495146.0,32.0,0.0,1583873673.0,1675.0,10.86,,EC 317
2020-03-10 20:54:47.923,mijnomgeving,357518080495112,1583873687923,0.0,52.8375248,5.7138935,4.0,126017.0,-2.0,4.21,8.0,225.0,357518080495112.0,32.0,1.0,1583873689.0,1760.0,10.69,,EC 306
2020-03-10 20:54:47.998,mijnomgeving,357518080494875,1583873687998,5.0,52.6571324,5.6147507,5.0,84623.0,-27.0,4.189999999999999,9.0,9.0,357518080494875.0,32.0,7.0,1583873688.0,1802.0,10.51,,EC 311
2020-03-10 20:55:37.081,mijnomgeving,357518080495526,1583873737081,0.0,52.2261837,5.1746488,5.0,41.0,10.0,4.15,10.0,1.0,357518080495526.0,32.0,0.0,1583873732.0,130.0,12.18,,EC 327
2020-03-10 20:55:37.101,mijnomgeving,357518080494909,1583873737101,7.0,52.2261453,5.1748451,4.0,456324.0,29.0,4.16,8.0,33.0,357518080494909.0,32.0,0.0,1583873756.0,126.0,12.27,,EC 329
2020-03-10 20:56:17.761,mijnomgeving,357518080167000,1583873777761,2.0,52.1739217,5.035781,4.0,159313.0,0.0,4.13,8.0,42.0,357518080167000.0,32.0,1.0,1583873781.0,619.0,9.63,,EC 228
2020-03-10 20:56:25.080,mijnomgeving,357518080495088,1583873785080,255.0,2.55e-05,2.55e-05,0.0,32655.0,0.0,3.87,24.0,0.0,357518080495088.0,32.0,0.0,1583873783.0,1.0,21.35,3.041,EC 321
2020-03-10 20:56:29.205,mijnomgeving,357518080203151,1583873789205,3.0,52.4209208,4.8599831,7.0,21697237.0,10.0,4.15,8.0,24.0,357518080203151.0,16.0,0.0,1583873791.0,89.0,10.24,,EC Prototype 001
2020-03-10 20:57:07.112,mijnomgeving,357518080495070,1583873827112,255.0,2.55e-05,2.55e-05,0.0,29838.0,0.0,4.03,24.0,0.0,357518080495070.0,32.0,0.0,1583873825.0,1.0,21.0,,EC 320
2020-03-10 20:57:07.169,mijnomgeving,357518080494768,1583873827169,30.0,52.4166629,5.2265023,6.0,169247.0,-10.0,4.2,10.0,0.0,357518080494768.0,32.0,0.0,1583873823.0,1680.0,10.42,,EC 305
2020-03-10 20:57:09.096,mijnomgeving,357518080495021,1583873829096,255.0,2.55e-05,2.55e-05,0.0,10037.0,0.0,3.92,15.0,0.0,357518080495021.0,32.0,0.0,1583873825.0,0.0,15.36,,EC 325
2020-03-10 20:57:11.091,mijnomgeving,357518080495203,1583873831091,1.0,52.2260988,5.1746593,7.0,10818.0,34.0,4.17,10.0,222.0,357518080495203.0,32.0,0.0,1583873827.0,131.0,12.54,,EC 324
2020-03-10 20:57:13.106,mijnomgeving,357518080497423,1583873833106,0.0,52.5230329,5.590156,5.0,30618.0,-21.0,4.17,8.0,0.0,357518080497423.0,32.0,0.0,1583873824.0,1857.0,11.04,,EC 318
2020-03-10 20:57:56.200,mijnomgeving,357518080497639,1583873876200,0.0,52.6592107,5.6608355,5.0,73818.0,-12.0,4.21,9.0,4.0,357518080497639.0,32.0,0.0,1583873876.0,2189.0,10.6,,EC 308
2020-03-10 20:58:10.740,mijnomgeving,357518080163405,1583873890740,3.0,52.3727931,4.9161655,5.0,78314.0,-25.0,4.13,8.0,3.0,357518080163405.0,32.0,0.0,1583873891.0,1662.0,9.98,,EC 226
2020-03-10 20:58:22.227,mijnomgeving,357518080495104,1583873902227,0.0,52.3374644,5.5376897,6.0,142217.0,7.0,4.12,11.0,228.0,357518080495104.0,32.0,0.0,1583873905.0,726.0,11.21,,EC 312
2020-03-10 20:58:29.824,mijnomgeving,357518080165368,1583873909824,22.0,52.3398043,4.9109075,5.0,20685682.0,-18.0,3.76,9.0,0.0,357518080165368.0,16.0,0.0,1583873919.0,1237.0,10.42,,EC 208
2020-03-10 20:58:32.201,mijnomgeving,357518080497662,1583873912201,0.0,52.2261255,5.1746374,9.0,32419.0,22.0,4.2,10.0,8.0,357518080497662.0,32.0,0.0,1583873909.0,137.0,12.45,,EC 328
2020-03-10 20:58:52.219,mijnomgeving,357518080495682,1583873932219,12.0,52.5494838,5.5882138,6.0,102628.0,-5.0,4.189999999999999,9.0,254.0,357518080495682.0,32.0,0.0,1583873930.0,1476.0,10.95,,EC 316
2020-03-10 20:59:21.013,mijnomgeving,357518080168917,1583873961013,4.0,52.340839,4.9253517,6.0,21724278.0,17.0,4.0,8.0,242.0,357518080168917.0,16.0,0.0,1583872930.0,55.0,12.01,,EC 209
2020-03-10 20:59:24.276,mijnomgeving,357518080494776,1583873964276,0.0,52.2261225,5.1747131,7.0,10828.0,22.0,4.16,9.0,6.0,357518080494776.0,32.0,0.0,1583873961.0,138.0,12.18,,EC 330
2020-03-10 20:59:25.238,mijnomgeving,357518080495088,1583873965238,255.0,2.55e-05,2.55e-05,0.0,32835.0,0.0,3.87,24.0,0.0,357518080495088.0,32.0,0.0,1583873963.0,2.0,21.35,3.041,EC 321
2020-03-10 20:59:34.143,mijnomgeving,357518080168917,1583873974143,4.0,52.3408673,4.9253552,5.0,21725178.0,52.0,4.0,9.0,233.0,357518080168917.0,16.0,0.0,1583873830.0,55.0,11.92,,EC 209
2020-03-10 20:59:39.581,mijnomgeving,357518080166960,1583873979581,33.0,52.7139091,6.8788446,6.0,198943.0,13.0,3.96,9.0,0.0,357518080166960.0,32.0,0.0,1583873985.0,535.0,10.24,,EC 232
2020-03-10 21:00:30.393,mijnomgeving,357518080495047,1583874030393,1.0,52.2262233,5.1742245,4.0,87334.0,15.0,4.16,10.0,224.0,357518080495047.0,32.0,0.0,1583874030.0,131.0,12.36,,EC 322
2020-03-10 21:01:03.984,mijnomgeving,357518080165475,1583874063984,4.0,52.3726241,4.9252607,5.0,13229150.0,46.0,4.12,8.0,251.0,357518080165475.0,1.0,0.0,1583874082.0,1444.0,9.72,,EC 201
2020-03-10 21:01:04.627,mijnomgeving,357518080495120,1583874064627,0.0,52.3337388,5.3126873,9.0,2718.0,-15.0,4.18,9.0,25.0,357518080495120.0,32.0,0.0,1583874059.0,1498.0,10.42,,EC 303
2020-03-10 21:01:15.700,mijnomgeving,357518080495153,1583874075700,5.0,52.5781366,5.7573955,4.0,47722.0,115.0,4.189999999999999,8.0,31.0,357518080495153.0,32.0,0.0,1583874074.0,2546.0,10.51,,EC 313
2020-03-10 21:01:31.541,mijnomgeving,357518080166580,1583874091541,21.0,52.3604435,4.8156231,6.0,8130.0,-2.0,4.04,8.0,223.0,357518080166580.0,32.0,0.0,1583874067.0,664.0,9.63,,EC 224
2020-03-10 21:01:41.686,mijnomgeving,357518080495534,1583874101686,0.0,52.5325969,5.593053,7.0,30618.0,-7.0,4.21,10.0,48.0,357518080495534.0,32.0,0.0,1583874095.0,1843.0,10.86,,EC 307
2020-03-10 21:01:57.379,mijnomgeving,357518080163249,1583874117379,16.0,,,,18026.0,,4.16,11.0,,357518080163249.0,32.0,,1583874115.0,434.0,11.3,,EC 212
2020-03-10 21:02:12.699,mijnomgeving,357518080497696,1583874132699,0.0,52.5172546,5.5094209,6.0,82817.0,0.0,4.16,8.0,225.0,357518080497696.0,32.0,0.0,1583874133.0,1024.0,10.51,,EC 319
2020-03-10 21:02:25.720,mijnomgeving,357518080495088,1583874145720,255.0,2.55e-05,2.55e-05,0.0,33015.0,0.0,3.87,24.0,0.0,357518080495088.0,32.0,0.0,1583874143.0,1.0,21.35,3.041,EC 321
2020-03-10 21:02:33.741,mijnomgeving,357518080494826,1583874153741,1.0,52.2261723,5.1747433,8.0,22527.0,19.0,4.17,11.0,42.0,357518080494826.0,32.0,0.0,1583874150.0,130.0,12.01,,EC 323
2020-03-10 21:02:52.796,mijnomgeving,357518080495161,1583874172796,4.0,52.4999252,5.4528291,4.0,6484524.0,-1.0,4.189999999999999,8.0,16.0,357518080495161.0,32.0,5.0,1583874181.0,915.0,10.33,,EC 315
2020-03-10 21:03:10.678,mijnomgeving,357518080166887,1583874190678,12.0,52.3701149,4.9009269,8.0,11963761.0,3.0,3.61,9.0,4.0,357518080166887.0,4.0,0.0,1583874186.0,42.0,12.45,,EC 200
2020-03-10 21:03:18.436,mijnomgeving,357518080166754,1583874198436,3.0,52.3538761,4.9247211,4.0,21103248.0,-4.0,4.17,8.0,0.0,357518080166754.0,16.0,0.0,1583874211.0,1202.0,10.6,,EC 204
2020-03-10 21:03:24.846,mijnomgeving,357518080494982,1583874204846,1.0,52.2271966,5.1744748,4.0,15318.0,208.0,4.17,10.0,246.0,357518080494982.0,32.0,0.0,1583874201.0,133.0,12.18,,EC 326
2020-03-10 21:03:27.873,mijnomgeving,357518080163173,1583874207873,2.0,52.7219317,6.8193727,9.0,63912.0,0.0,3.96,8.0,5.0,357518080163173.0,32.0,2.0,1583874207.0,537.0,10.24,,EC 231
2020-03-10 21:03:29.547,mijnomgeving,357518080164395,1583874209547,3.0,51.8981933,4.4222218,4.0,70213.0,69.0,4.04,8.0,213.0,357518080164395.0,32.0,0.0,1583874208.0,782.0,10.24,,EC 241
2020-03-10 21:04:05.676,mijnomgeving,357518080330582,1583874245676,6.0,52.3731852,4.9459605,5.0,38716.0,24.0,4.09,10.0,224.0,357518080330582.0,32.0,0.0,1583874244.0,1539.0,10.24,,EC 219
2020-03-10 21:05:34.011,mijnomgeving,357518080495088,1583874334011,255.0,2.55e-05,2.55e-05,0.0,33204.0,0.0,3.88,24.0,0.0,357518080495088.0,32.0,0.0,1583874332.0,0.0,21.35,3.112,EC 321
2020-03-10 21:06:25.064,mijnomgeving,357518080494859,1583874385064,1.0,52.5409911,5.5887255,8.0,81918.0,-7.0,4.17,8.0,0.0,357518080494859.0,32.0,0.0,1583874385.0,1659.0,10.95,,EC 302
2020-03-10 21:06:35.885,mijnomgeving,357518080328131,1583874395885,11.0,52.3865504,4.9176313,6.0,99921.0,-65.0,3.8200000000000003,9.0,248.0,357518080328131.0,32.0,0.0,1583874398.0,49.0,12.27,,EC 230
2020-03-10 21:07:40.285,mijnomgeving,357518080171390,1583874460285,3.0,52.0320661,5.3035008,4.0,21734140.0,-23.0,4.17,10.0,0.0,357518080171390.0,64.0,0.0,1583874470.0,829.0,10.86,,EC 202
2020-03-10 21:08:03.185,mijnomgeving,357518080332257,1583874483185,2.0,51.8980822,4.423351,7.0,13512.0,-21.0,4.09,8.0,6.0,357518080332257.0,32.0,0.0,1583874476.0,537.0,9.98,,EC 240
2020-03-10 21:08:04.165,mijnomgeving,357518080494818,1583874484165,1.0,52.8091356,5.7452645,6.0,5418.0,-2.0,4.22,9.0,8.0,357518080494818.0,32.0,0.0,1583874481.0,1604.0,10.77,,EC 309
2020-03-10 21:08:05.157,mijnomgeving,357518080332265,1583874485157,5.0,52.3920493,4.9374032,5.0,76515.0,4.0,3.7,8.0,0.0,357518080332265.0,32.0,0.0,1583874485.0,1518.0,10.77,,EC 221
2020-03-10 21:08:16.134,mijnomgeving,357518080494834,1583874496134,24.0,52.4257469,5.4207864,11.0,261942.0,-15.0,4.1,9.0,34.0,357518080494834.0,32.0,0.0,1583874489.0,1330.0,11.3,,EC 314
2020-03-10 21:08:17.036,mijnomgeving,357518080170889,1583874497036,24.0,52.0146607,4.2955657,6.0,152133.0,-17.0,4.189999999999999,7.0,48.0,357518080170889.0,32.0,0.0,1583874499.0,1650.0,11.92,,EC 236
2020-03-10 21:08:18.059,mijnomgeving,357518080330764,1583874498059,23.0,51.8210374,4.6110591,5.0,82833.0,2.0,3.94,10.0,202.0,357518080330764.0,32.0,0.0,1583874499.0,299.0,11.66,,EC 244
2020-03-10 21:08:27.119,mijnomgeving,357518080495187,1583874507119,1.0,52.6352779,5.8238581,4.0,281718.0,-35.0,4.24,10.0,14.0,357518080495187.0,32.0,0.0,1583874518.0,534.0,10.51,,EC 304
2020-03-10 21:08:34.134,mijnomgeving,357518080495088,1583874514134,255.0,2.55e-05,2.55e-05,0.0,33384.0,0.0,3.87,24.0,0.0,357518080495088.0,32.0,0.0,1583874512.0,2.0,21.26,3.041,EC 321
2020-03-10 21:08:49.827,mijnomgeving,357518080166663,1583874529827,2.0,51.898267,4.423269,5.0,148512.0,8.0,4.11,9.0,0.0,357518080166663.0,32.0,0.0,1583874525.0,736.0,9.98,,EC 243
2020-03-10 21:09:28.757,mijnomgeving,357518080200454,1583874568757,8.0,52.3312975,5.0626584,4.0,23546770.0,14.0,3.88,8.0,0.0,357518080200454.0,16.0,0.0,1583874571.0,6751.0,9.8,,EC Prototype 002
2020-03-10 21:09:33.226,mijnomgeving,357518080495146,1583874573226,1.0,52.3869093,5.3123568,4.0,55818.0,-4.0,4.17,9.0,224.0,357518080495146.0,32.0,1.0,1583874572.0,1666.0,10.86,,EC 317
2020-03-10 21:09:33.246,mijnomgeving,357518080169006,1583874573246,11.0,,,,45021.0,,3.64,11.0,,357518080169006.0,32.0,,1583874573.0,772.0,11.74,,EC 213
2020-03-10 21:09:46.231,mijnomgeving,357518080494875,1583874586231,3.0,52.6585345,5.6148557,4.0,85521.0,49.0,4.2,9.0,217.0,357518080494875.0,32.0,1.0,1583874586.0,1802.0,10.51,,EC 311
2020-03-10 21:09:47.196,mijnomgeving,357518080495112,1583874587196,0.0,52.8375741,5.7134632,4.0,126917.0,-29.0,4.21,9.0,224.0,357518080495112.0,32.0,0.0,1583874589.0,1756.0,10.69,,EC 306
2020-03-10 21:10:16.213,mijnomgeving,357518080495526,1583874616213,1.0,52.2261762,5.1746472,5.0,918.0,13.0,4.15,9.0,2.0,357518080495526.0,32.0,0.0,1583874610.0,134.0,12.18,,EC 327
2020-03-10 21:10:31.247,mijnomgeving,357518080494909,1583874631247,1.0,52.2261055,5.1747086,5.0,457218.0,35.0,4.17,8.0,234.0,357518080494909.0,32.0,0.0,1583874650.0,126.0,12.27,,EC 329
2020-03-10 21:11:17.643,mijnomgeving,357518080167000,1583874677643,2.0,52.1738447,5.0356328,5.0,160213.0,10.0,4.13,8.0,0.0,357518080167000.0,32.0,0.0,1583874681.0,619.0,9.63,,EC 228
2020-03-10 21:11:25.349,mijnomgeving,357518080495088,1583874685349,255.0,2.55e-05,2.55e-05,0.0,33555.0,0.0,3.87,24.0,0.0,357518080495088.0,32.0,0.0,1583874683.0,0.0,21.26,3.041,EC 321
2020-03-10 21:11:31.005,mijnomgeving,357518080203151,1583874691005,4.0,52.420723,4.859965,5.0,21698138.0,-2.0,4.15,8.0,0.0,357518080203151.0,16.0,0.0,1583874692.0,90.0,10.16,,EC Prototype 001
2020-03-10 21:11:32.328,mijnomgeving,357518080494768,1583874692328,1.0,52.4166273,5.2265239,5.0,170118.0,-4.0,4.2,8.0,236.0,357518080494768.0,32.0,0.0,1583874694.0,1678.0,10.42,,EC 305
2020-03-10 21:12:07.362,mijnomgeving,357518080495070,1583874727362,255.0,2.55e-05,2.55e-05,0.0,30738.0,0.0,4.03,24.0,0.0,357518080495070.0,32.0,0.0,1583874725.0,0.0,21.0,,EC 320
2020-03-10 21:12:09.337,mijnomgeving,357518080495021,1583874729337,255.0,2.55e-05,2.55e-05,0.0,10938.0,0.0,3.92,15.0,0.0,357518080495021.0,32.0,0.0,1583874726.0,0.0,15.36,,EC 325
2020-03-10 21:12:11.320,mijnomgeving,357518080495203,1583874731320,1.0,52.2260629,5.1748986,7.0,11718.0,45.0,4.17,9.0,58.0,357518080495203.0,32.0,0.0,1583874727.0,131.0,12.54,,EC 324
2020-03-10 21:12:14.826,mijnomgeving,357518080168917,1583874734826,2.0,52.3411718,4.9243397,5.0,21726066.0,3.0,4.0,8.0,233.0,357518080168917.0,16.0,1.0,1583874719.0,54.0,11.66,,EC 209
2020-03-10 21:12:21.344,mijnomgeving,357518080497423,1583874741344,13.0,52.5230151,5.5901016,5.0,31531.0,-28.0,4.17,9.0,27.0,357518080497423.0,32.0,0.0,1583874737.0,1858.0,11.04,,EC 318
2020-03-10 21:12:56.481,mijnomgeving,357518080497639,1583874776481,1.0,52.6591356,5.6605773,4.0,74718.0,-29.0,4.21,9.0,209.0,357518080497639.0,32.0,1.0,1583874776.0,2183.0,10.6,,EC 308
2020-03-10 21:13:16.287,mijnomgeving,357518080163405,1583874796287,8.0,52.3731484,4.9160917,5.0,79219.0,31.0,4.13,8.0,4.0,357518080163405.0,32.0,0.0,1583874796.0,1661.0,9.98,,EC 226
2020-03-10 21:13:21.126,mijnomgeving,357518080165368,1583874801126,20.0,52.3396651,4.9107322,5.0,20686580.0,21.0,3.76,8.0,24.0,357518080165368.0,16.0,0.0,1583874817.0,1227.0,10.42,,EC 208
2020-03-10 21:13:23.459,mijnomgeving,357518080495104,1583874803459,0.0,52.3375369,5.5374351,4.0,143117.0,22.0,4.12,10.0,220.0,357518080495104.0,32.0,0.0,1583874805.0,725.0,11.21,,EC 312
2020-03-10 21:13:32.413,mijnomgeving,357518080497662,1583874812413,1.0,52.2261694,5.1746276,9.0,33319.0,15.0,4.21,11.0,36.0,357518080497662.0,32.0,0.0,1583874809.0,139.0,12.36,,EC 328
2020-03-10 21:14:04.025,mijnomgeving,357518080495682,1583874844025,8.0,52.5495228,5.5881985,5.0,103525.0,3.0,4.189999999999999,8.0,225.0,357518080495682.0,32.0,0.0,1583874827.0,1478.0,10.86,,EC 316
2020-03-10 21:14:14.165,mijnomgeving,357518080166960,1583874854165,7.0,52.7137825,6.8789413,6.0,199817.0,25.0,3.96,9.0,28.0,357518080166960.0,32.0,3.0,1583874859.0,536.0,10.24,,EC 232
2020-03-10 21:14:15.425,mijnomgeving,357518080494776,1583874855425,0.0,52.225847,5.1745155,7.0,11718.0,74.0,4.16,9.0,26.0,357518080494776.0,32.0,0.0,1583874851.0,137.0,12.18,,EC 330
2020-03-10 21:14:36.504,mijnomgeving,357518080495088,1583874876504,255.0,2.55e-05,2.55e-05,0.0,33744.0,0.0,3.87,24.0,0.0,357518080495088.0,32.0,0.0,1583874872.0,1.0,21.26,3.041,EC 321
2020-03-10 21:15:18.524,mijnomgeving,357518080495047,1583874918524,4.0,52.2271161,5.1717561,4.0,88222.0,60.0,4.17,10.0,228.0,357518080495047.0,32.0,0.0,1583874918.0,132.0,12.36,,EC 322
2020-03-10 21:15:54.796,mijnomgeving,357518080166580,1583874954796,5.0,52.3605045,4.8155477,5.0,9014.0,17.0,4.05,8.0,10.0,357518080166580.0,32.0,0.0,1583874951.0,664.0,9.63,,EC 224
2020-03-10 21:16:03.168,mijnomgeving,357518080165475,1583874963168,3.0,52.3720239,4.925241,6.0,13230049.0,46.0,4.12,8.0,217.0,357518080165475.0,1.0,0.0,1583874981.0,1446.0,9.72,,EC 201
2020-03-10 21:16:15.573,mijnomgeving,357518080495153,1583874975573,5.0,52.5798189,5.7549835,4.0,48622.0,-33.0,4.189999999999999,9.0,42.0,357518080495153.0,32.0,0.0,1583874974.0,2538.0,10.51,,EC 313
2020-03-10 21:16:40.663,mijnomgeving,357518080495534,1583875000663,0.0,52.5324541,5.5929403,8.0,31518.0,-16.0,4.21,10.0,14.0,357518080495534.0,32.0,0.0,1583874996.0,1842.0,10.86,,EC 307
2020-03-10 21:17:11.878,mijnomgeving,357518080495120,1583875031878,0.0,52.3338139,5.3124648,9.0,42.0,-9.0,4.17,10.0,14.0,357518080495120.0,32.0,0.0,1583875028.0,1496.0,10.42,,EC 303
2020-03-10 21:17:11.950,mijnomgeving,357518080497696,1583875031950,1.0,52.5172622,5.5093215,5.0,83717.0,0.0,4.17,8.0,214.0,357518080497696.0,32.0,0.0,1583875033.0,1020.0,10.6,,EC 319
2020-03-10 21:17:17.728,mijnomgeving,357518080163249,1583875037728,29.0,,,,18939.0,,4.16,11.0,,357518080163249.0,32.0,,1583875028.0,426.0,11.3,,EC 212
2020-03-10 21:17:23.859,mijnomgeving,357518080494826,1583875043859,0.0,52.2260943,5.1746491,7.0,23418.0,32.0,4.17,10.0,245.0,357518080494826.0,32.0,0.0,1583875041.0,129.0,12.01,,EC 323
2020-03-10 21:17:23.899,mijnomgeving,357518080495088,1583875043899,255.0,2.55e-05,2.55e-05,0.0,33915.0,0.0,3.87,24.0,0.0,357518080495088.0,32.0,0.0,1583875043.0,0.0,21.26,3.041,EC 321
2020-03-10 21:18:14.099,mijnomgeving,357518080495161,1583875094099,24.0,52.4996878,5.4528226,7.0,6485444.0,-3.0,4.189999999999999,9.0,30.0,357518080495161.0,32.0,0.0,1583875101.0,918.0,10.33,,EC 315
2020-03-10 21:18:17.250,mijnomgeving,357518080166887,1583875097250,21.0,52.3701796,4.9008999,6.0,11964670.0,16.0,3.6,9.0,0.0,357518080166887.0,4.0,0.0,1583875095.0,45.0,12.36,,EC 200
2020-03-10 21:18:23.401,mijnomgeving,357518080166754,1583875103401,9.0,52.353895,4.9248002,4.0,21104153.0,-7.0,4.17,9.0,229.0,357518080166754.0,16.0,0.0,1583875116.0,1199.0,10.6,,EC 204
2020-03-10 21:18:28.681,mijnomgeving,357518080163173,1583875108681,3.0,52.7218669,6.819246,7.0,64813.0,18.0,3.96,7.0,11.0,357518080163173.0,32.0,0.0,1583875108.0,539.0,10.24,,EC 231
2020-03-10 21:18:35.035,mijnomgeving,357518080494982,1583875115035,11.0,52.2275997,5.1714702,4.0,16228.0,93.0,4.17,10.0,224.0,357518080494982.0,32.0,0.0,1583875111.0,135.0,12.18,,EC 326
2020-03-10 21:18:47.837,mijnomgeving,357518080164395,1583875127837,4.0,51.8982778,4.4232634,4.0,71113.0,-25.0,4.04,8.0,0.0,357518080164395.0,32.0,0.0,1583875108.0,781.0,10.24,,EC 241
2020-03-10 21:19:06.516,mijnomgeving,357518080330582,1583875146516,7.0,52.3733195,4.9455831,5.0,39617.0,22.0,4.09,10.0,239.0,357518080330582.0,32.0,1.0,1583875145.0,1472.0,10.24,,EC 219
2020-03-10 21:20:26.154,mijnomgeving,357518080495088,1583875226154,255.0,2.55e-05,2.55e-05,0.0,34095.0,0.0,3.87,24.0,0.0,357518080495088.0,32.0,0.0,1583875223.0,0.0,21.26,3.041,EC 321
2020-03-10 21:21:26.278,mijnomgeving,357518080494859,1583875286278,0.0,52.5409963,5.5887559,5.0,82818.0,-8.0,4.17,8.0,216.0,357518080494859.0,32.0,0.0,1583875285.0,1655.0,10.95,,EC 302
2020-03-10 21:21:28.026,mijnomgeving,357518080328131,1583875288026,3.0,52.3866249,4.9179637,5.0,100813.0,-28.0,3.8200000000000003,9.0,224.0,357518080328131.0,32.0,0.0,1583875290.0,46.0,12.18,,EC 230
2020-03-10 21:22:34.358,mijnomgeving,357518080494834,1583875354358,0.0,52.4257422,5.4207962,10.0,262818.0,-20.0,4.1,8.0,220.0,357518080494834.0,32.0,0.0,1583875365.0,1354.0,11.39,,EC 314
2020-03-10 21:22:42.349,mijnomgeving,357518080171390,1583875362349,5.0,52.0314477,5.3035625,4.0,21735042.0,87.0,4.17,10.0,202.0,357518080171390.0,64.0,0.0,1583875372.0,830.0,10.86,,EC 202
2020-03-10 21:22:56.711,mijnomgeving,357518080170889,1583875376711,3.0,52.0149313,4.2958395,5.0,153013.0,-15.0,4.189999999999999,7.0,51.0,357518080170889.0,32.0,1.0,1583875379.0,1714.0,12.01,,EC 236
2020-03-10 21:23:00.815,mijnomgeving,357518080330764,1583875380815,5.0,51.8210566,4.6110375,4.0,83715.0,-16.0,3.94,10.0,0.0,357518080330764.0,32.0,0.0,1583875381.0,299.0,11.66,,EC 244
2020-03-10 21:23:03.850,mijnomgeving,357518080332257,1583875383850,3.0,51.8982462,4.423319,6.0,14413.0,-13.0,4.09,8.0,0.0,357518080332257.0,32.0,0.0,1583875377.0,536.0,9.98,,EC 240
2020-03-10 21:23:04.123,mijnomgeving,357518080494818,1583875384123,1.0,52.809345,5.7452901,5.0,6318.0,12.0,4.22,8.0,14.0,357518080494818.0,32.0,0.0,1583875381.0,1620.0,10.77,,EC 309
2020-03-10 21:23:22.711,mijnomgeving,357518080332265,1583875402711,18.0,52.3920966,4.9375161,5.0,77428.0,8.0,3.7,9.0,222.0,357518080332265.0,32.0,0.0,1583875398.0,1517.0,10.77,,EC 221
2020-03-10 21:23:24.407,mijnomgeving,357518080495088,1583875404407,255.0,2.55e-05,2.55e-05,0.0,34275.0,0.0,3.87,24.0,0.0,357518080495088.0,32.0,0.0,1583875403.0,2.0,21.26,3.041,EC 321
2020-03-10 21:23:27.376,mijnomgeving,357518080495187,1583875407376,1.0,52.6351883,5.8234923,4.0,282618.0,8.0,4.25,10.0,230.0,357518080495187.0,32.0,2.0,1583875418.0,533.0,10.51,,EC 304
2020-03-10 21:24:26.361,mijnomgeving,357518080169006,1583875466361,4.0,,,,45914.0,,3.64,11.0,,357518080169006.0,32.0,,1583875466.0,766.0,11.74,,EC 213
2020-03-10 21:24:35.181,mijnomgeving,357518080166663,1583875475181,3.0,51.8982313,4.423345,5.0,149413.0,6.0,4.11,9.0,228.0,357518080166663.0,32.0,0.0,1583875427.0,734.0,9.98,,EC 243
2020-03-10 21:24:44.229,mijnomgeving,357518080200454,1583875484229,27.0,52.3312624,5.0624859,7.0,23547689.0,-1.0,3.88,8.0,220.0,357518080200454.0,16.0,0.0,1583875490.0,6806.0,9.8,,EC Prototype 002
2020-03-10 21:24:49.582,mijnomgeving,357518080495146,1583875489582,16.0,52.3869605,5.3122209,5.0,56734.0,3.0,4.17,9.0,220.0,357518080495146.0,32.0,0.0,1583875488.0,1666.0,10.86,,EC 317
2020-03-10 21:25:09.540,mijnomgeving,357518080494875,1583875509540,24.0,52.6574046,5.6143288,4.0,86441.0,63.0,4.189999999999999,10.0,222.0,357518080494875.0,32.0,0.0,1583875506.0,1813.0,10.42,,EC 311
2020-03-10 21:25:12.530,mijnomgeving,357518080495112,1583875512530,24.0,52.8374476,5.7139504,5.0,127841.0,-6.0,4.22,8.0,198.0,357518080495112.0,32.0,0.0,1583875513.0,1762.0,10.69,,EC 306
2020-03-10 21:25:13.758,mijnomgeving,357518080495526,1583875513758,0.0,52.2262257,5.1746324,5.0,1818.0,-3.0,4.15,9.0,249.0,357518080495526.0,32.0,0.0,1583875510.0,135.0,12.18,,EC 327
2020-03-10 21:25:33.807,mijnomgeving,357518080494909,1583875533807,4.0,52.2261242,5.1745696,4.0,458121.0,21.0,4.16,8.0,239.0,357518080494909.0,32.0,0.0,1583875553.0,126.0,12.27,,EC 329
2020-03-10 21:26:35.880,mijnomgeving,357518080495088,1583875595880,255.0,2.55e-05,2.55e-05,0.0,34464.0,0.0,3.87,24.0,0.0,357518080495088.0,32.0,0.0,1583875592.0,1.0,21.26,3.041,EC 321
2020-03-10 21:26:37.832,mijnomgeving,357518080494768,1583875597832,0.0,52.4167115,5.226461,6.0,171018.0,-22.0,4.2,8.0,220.0,357518080494768.0,32.0,0.0,1583875594.0,1648.0,10.51,,EC 305
2020-03-10 21:26:39.537,mijnomgeving,357518080167000,1583875599537,24.0,52.1739609,5.0359637,8.0,161135.0,-4.0,4.13,8.0,0.0,357518080167000.0,32.0,0.0,1583875603.0,618.0,9.63,,EC 228
2020-03-10 21:26:55.248,mijnomgeving,357518080203151,1583875615248,24.0,52.4207784,4.8599774,9.0,21699058.0,11.0,4.15,8.0,219.0,357518080203151.0,16.0,0.0,1583875612.0,89.0,10.24,,EC Prototype 001
2020-03-10 21:27:10.901,mijnomgeving,357518080495203,1583875630901,1.0,52.2261805,5.1745694,6.0,12618.0,11.0,4.17,9.0,48.0,357518080495203.0,32.0,0.0,1583875627.0,130.0,12.54,,EC 324
2020-03-10 21:27:18.035,mijnomgeving,357518080495070,1583875638035,255.0,2.55e-05,2.55e-05,0.0,31647.0,0.0,4.03,24.0,0.0,357518080495070.0,32.0,0.0,1583875634.0,1.0,21.0,,EC 320
2020-03-10 21:27:18.070,mijnomgeving,357518080495021,1583875638070,255.0,2.55e-05,2.55e-05,0.0,11847.0,0.0,3.92,15.0,0.0,357518080495021.0,32.0,0.0,1583875635.0,0.0,15.27,,EC 325
2020-03-10 21:27:21.701,mijnomgeving,357518080168917,1583875641701,22.0,52.3406289,4.9256069,7.0,21726986.0,1.0,4.0,8.0,228.0,357518080168917.0,16.0,0.0,1583875639.0,56.0,11.48,,EC 209
2020-03-10 21:27:25.907,mijnomgeving,357518080497423,1583875645907,12.0,52.523071,5.5901163,4.0,32429.0,-38.0,4.17,8.0,8.0,357518080497423.0,32.0,1.0,1583875635.0,1853.0,11.04,,EC 318
2020-03-10 21:28:11.009,mijnomgeving,357518080497639,1583875691009,16.0,52.6591881,5.6608068,7.0,75633.0,-18.0,4.21,10.0,226.0,357518080497639.0,32.0,0.0,1583875691.0,2169.0,10.69,,EC 308
2020-03-10 21:28:17.604,mijnomgeving,357518080163405,1583875697604,10.0,52.3729992,4.9160189,4.0,80121.0,32.0,4.13,8.0,0.0,357518080163405.0,32.0,0.0,1583875698.0,1655.0,10.07,,EC 226
2020-03-10 21:28:23.989,mijnomgeving,357518080495104,1583875703989,1.0,52.337162,5.5379553,4.0,144017.0,56.0,4.12,10.0,217.0,357518080495104.0,32.0,0.0,1583875705.0,730.0,11.21,,EC 312
2020-03-10 21:28:32.002,mijnomgeving,357518080497662,1583875712002,0.0,52.2261556,5.1746457,7.0,34218.0,11.0,4.21,10.0,2.0,357518080497662.0,32.0,0.0,1583875708.0,139.0,12.36,,EC 328
2020-03-10 21:28:37.669,mijnomgeving,357518080165368,1583875717669,21.0,52.3396929,4.9107880999999995,6.0,20687481.0,18.0,3.76,8.0,17.0,357518080165368.0,16.0,0.0,1583875718.0,1228.0,10.42,,EC 208
2020-03-10 21:29:06.142,mijnomgeving,357518080495682,1583875746142,11.0,52.5493458,5.5878582,6.0,104429.0,33.0,4.189999999999999,8.0,30.0,357518080495682.0,32.0,0.0,1583875730.0,1479.0,10.86,,EC 316
2020-03-10 21:29:14.152,mijnomgeving,357518080494776,1583875754152,1.0,52.2260958,5.1746617,6.0,12618.0,16.0,4.16,9.0,28.0,357518080494776.0,32.0,0.0,1583875751.0,137.0,12.18,,EC 330
2020-03-10 21:29:16.826,mijnomgeving,357518080166960,1583875756826,10.0,52.7139933,6.8788517,4.0,200720.0,2.0,3.96,9.0,45.0,357518080166960.0,32.0,0.0,1583875762.0,535.0,10.24,,EC 232
2020-03-10 21:29:25.146,mijnomgeving,357518080495088,1583875765146,255.0,2.55e-05,2.55e-05,0.0,34635.0,0.0,3.87,24.0,0.0,357518080495088.0,32.0,0.0,1583875763.0,1.0,21.26,3.041,EC 321
2020-03-10 21:30:39.071,mijnomgeving,357518080495047,1583875839071,24.0,52.2261131,5.1746915,5.0,89141.0,25.0,4.17,10.0,220.0,357518080495047.0,32.0,0.0,1583875837.0,133.0,12.27,,EC 322
2020-03-10 21:30:53.401,mijnomgeving,357518080166580,1583875853401,4.0,52.3604054,4.8154221,5.0,9913.0,-5.0,4.04,8.0,0.0,357518080166580.0,32.0,0.0,1583875850.0,664.0,9.63,,EC 224
2020-03-10 21:31:09.221,mijnomgeving,357518080165475,1583875869221,3.0,52.3720905,4.9253712,5.0,13230949.0,-19.0,4.12,8.0,34.0,357518080165475.0,1.0,0.0,1583875881.0,1442.0,9.72,,EC 201
2020-03-10 21:31:21.344,mijnomgeving,357518080495153,1583875881344,10.0,52.5789221,5.7566431,4.0,49527.0,13.0,4.189999999999999,9.0,239.0,357518080495153.0,32.0,0.0,1583875879.0,2529.0,10.51,,EC 313
2020-03-10 21:31:43.351,mijnomgeving,357518080163249,1583875903351,2.0,,,,19812.0,,4.16,10.0,,357518080163249.0,32.0,,1583875901.0,421.0,11.3,,EC 212
2020-03-10 21:31:48.379,mijnomgeving,357518080495120,1583875908379,0.0,52.3337581,5.3122208,8.0,918.0,-2.0,4.18,8.0,243.0,357518080495120.0,32.0,0.0,1583875904.0,1499.0,10.42,,EC 303
2020-03-10 21:32:13.394,mijnomgeving,357518080497696,1583875933394,1.0,52.5172248,5.5093855,5.0,84617.0,3.0,4.16,8.0,252.0,357518080497696.0,32.0,0.0,1583875933.0,1018.0,10.6,,EC 319
2020-03-10 21:32:24.494,mijnomgeving,357518080494826,1583875944494,1.0,52.2260954,5.174614,6.0,24318.0,32.0,4.17,10.0,223.0,357518080494826.0,32.0,0.0,1583875941.0,128.0,12.01,,EC 323
2020-03-10 21:32:27.465,mijnomgeving,357518080495088,1583875947465,255.0,2.55e-05,2.55e-05,0.0,34815.0,0.0,3.87,24.0,0.0,357518080495088.0,32.0,0.0,1583875943.0,1.0,21.26,3.112,EC 321
2020-03-10 21:32:49.568,mijnomgeving,357518080495161,1583875969568,2.0,52.4996477,5.4528488,5.0,6486322.0,-9.0,4.189999999999999,8.0,1.0,357518080495161.0,32.0,1.0,1583875979.0,914.0,10.33,,EC 315
2020-03-10 21:32:49.641,mijnomgeving,357518080495534,1583875969641,0.0,52.5326445,5.592995,14.0,43.0,-19.0,4.21,11.0,220.0,357518080495534.0,32.0,0.0,1583875962.0,1829.0,10.86,,EC 307
2020-03-10 21:33:28.865,mijnomgeving,357518080163173,1583876008865,3.0,52.7218876,6.8191849,5.0,65713.0,15.0,3.96,8.0,17.0,357518080163173.0,32.0,0.0,1583876008.0,536.0,10.33,,EC 231
2020-03-10 21:33:39.556,mijnomgeving,357518080166754,1583876019556,25.0,52.3538626,4.9248269,8.0,21105069.0,-1.0,4.17,9.0,226.0,357518080166754.0,16.0,0.0,1583876032.0,1197.0,10.6,,EC 204
2020-03-10 21:33:43.607,mijnomgeving,357518080166887,1583876023607,47.0,52.3701612,4.9010095,7.0,11965596.0,20.0,3.6,8.0,0.0,357518080166887.0,4.0,0.0,1583876021.0,48.0,12.27,,EC 200
2020-03-10 21:33:43.776,mijnomgeving,357518080494982,1583876023776,18.0,52.2261266,5.1746493,9.0,17135.0,15.0,4.17,10.0,215.0,357518080494982.0,32.0,0.0,1583876018.0,134.0,12.18,,EC 326
2020-03-10 21:33:47.573,mijnomgeving,357518080164395,1583876027573,22.0,51.8982242,4.4232612,5.0,72032.0,-7.0,4.04,9.0,0.0,357518080164395.0,32.0,0.0,1583876027.0,784.0,10.24,,EC 241
2020-03-10 21:34:31.603,mijnomgeving,357518080330582,1583876071603,32.0,52.3732659,4.9459935999999995,4.0,40542.0,19.0,4.09,10.0,231.0,357518080330582.0,32.0,0.0,1583876070.0,1446.0,10.24,,EC 219
2020-03-10 21:35:24.509,mijnomgeving,357518080495088,1583876124509,255.0,2.55e-05,2.55e-05,0.0,34995.0,0.0,3.87,24.0,0.0,357518080495088.0,32.0,0.0,1583876123.0,1.0,21.26,3.112,EC 321
2020-03-10 21:36:23.504,mijnomgeving,357518080494859,1583876183504,1.0,52.5410101,5.5887361,5.0,83717.0,-2.0,4.17,8.0,214.0,357518080494859.0,32.0,0.0,1583876184.0,1653.0,10.95,,EC 302
2020-03-10 21:36:38.129,mijnomgeving,357518080328131,1583876198129,4.0,52.3866832,4.9181129,6.0,101723.0,-21.0,3.8200000000000003,9.0,225.0,357518080328131.0,32.0,0.0,1583876200.0,49.0,12.18,,EC 230
2020-03-10 21:37:34.568,mijnomgeving,357518080494834,1583876254568,0.0,52.4257257,5.4208029,8.0,263718.0,-5.0,4.11,8.0,213.0,357518080494834.0,32.0,0.0,1583876265.0,1349.0,11.39,,EC 314
2020-03-10 21:37:40.589,mijnomgeving,357518080171390,1583876260589,3.0,52.0317879,5.3038318,4.0,21735940.0,37.0,4.17,9.0,0.0,357518080171390.0,64.0,0.0,1583876270.0,830.0,10.86,,EC 202
2020-03-10 21:37:56.532,mijnomgeving,357518080170889,1583876276532,3.0,52.014587,4.2954804,5.0,153913.0,-22.0,4.189999999999999,7.0,30.0,357518080170889.0,32.0,1.0,1583876279.0,1746.0,12.01,,EC 236
2020-03-10 21:38:01.740,mijnomgeving,357518080330764,1583876281740,7.0,51.8210637,4.6109198,4.0,84617.0,-6.0,3.93,10.0,203.0,357518080330764.0,32.0,1.0,1583876283.0,297.0,11.66,,EC 244
2020-03-10 21:38:03.571,mijnomgeving,357518080494818,1583876283571,1.0,52.8092578,5.7452167,5.0,7218.0,13.0,4.22,8.0,29.0,357518080494818.0,32.0,0.0,1583876281.0,1622.0,10.77,,EC 309
2020-03-10 21:38:23.404,mijnomgeving,357518080332257,1583876303404,22.0,51.8982233,4.4233864,9.0,15332.0,0.0,4.09,8.0,3.0,357518080332257.0,32.0,0.0,1583876296.0,534.0,9.98,,EC 240
2020-03-10 21:38:29.513,mijnomgeving,357518080332265,1583876309513,4.0,52.3920435,4.937176,5.0,78314.0,-34.0,3.7,8.0,0.0,357518080332265.0,32.0,0.0,1583876284.0,1516.0,10.77,,EC 221
2020-03-10 21:38:33.616,mijnomgeving,357518080495088,1583876313616,255.0,2.55e-05,2.55e-05,0.0,35184.0,0.0,3.87,24.0,0.0,357518080495088.0,32.0,0.0,1583876312.0,1.0,21.26,3.041,EC 321
2020-03-10 21:38:41.621,mijnomgeving,357518080495187,1583876321621,16.0,52.6353034,5.8234588,9.0,283533.0,0.0,4.25,10.0,16.0,357518080495187.0,32.0,0.0,1583876333.0,534.0,10.51,,EC 304
2020-03-10 21:39:15.693,mijnomgeving,357518080200454,1583876355693,2.0,52.3313212,5.062505,5.0,23548564.0,7.0,3.88,7.0,5.0,357518080200454.0,16.0,0.0,1583876365.0,6843.0,9.8,,EC Prototype 002
2020-03-10 21:39:26.178,mijnomgeving,357518080169006,1583876366178,4.0,,,,46814.0,,3.64,11.0,,357518080169006.0,32.0,,1583876366.0,766.0,11.74,,EC 213
2020-03-10 21:39:32.728,mijnomgeving,357518080495146,1583876372728,0.0,52.3870125,5.3121778,5.0,57618.0,-12.0,4.17,8.0,226.0,357518080495146.0,32.0,0.0,1583876372.0,1660.0,10.86,,EC 317
2020-03-10 21:39:46.742,mijnomgeving,357518080495112,1583876386742,0.0,52.8373633,5.7142076,5.0,128717.0,10.0,4.21,8.0,198.0,357518080495112.0,32.0,0.0,1583876389.0,1760.0,10.69,,EC 306
2020-03-10 21:40:00.032,mijnomgeving,357518080166663,1583876400032,6.0,51.8981497,4.4229058,4.0,150316.0,-61.0,4.12,9.0,212.0,357518080166663.0,32.0,0.0,1583876330.0,735.0,9.98,,EC 243
2020-03-10 21:40:00.715,mijnomgeving,357518080494875,1583876400715,2.0,52.6582445,5.6144613,4.0,87336.0,10.0,4.189999999999999,9.0,200.0,357518080494875.0,32.0,3.0,1583876401.0,1814.0,10.42,,EC 311
2020-03-10 21:40:14.765,mijnomgeving,357518080495526,1583876414765,1.0,52.2261371,5.1746697,5.0,2718.0,16.0,4.15,9.0,238.0,357518080495526.0,32.0,0.0,1583876410.0,133.0,12.01,,EC 327
2020-03-10 21:40:56.801,mijnomgeving,357518080494909,1583876456801,27.0,52.2260918,5.1747081999999995,10.0,459044.0,27.0,4.16,8.0,234.0,357518080494909.0,32.0,0.0,1583876476.0,127.0,12.18,,EC 329
2020-03-10 21:41:17.638,mijnomgeving,357518080167000,1583876477638,2.0,52.1741595,5.0359859,5.0,162013.0,23.0,4.13,8.0,0.0,357518080167000.0,32.0,0.0,1583876481.0,620.0,9.63,,EC 228
2020-03-10 21:41:25.855,mijnomgeving,357518080495088,1583876485855,255.0,2.55e-05,2.55e-05,0.0,35355.0,0.0,3.87,24.0,0.0,357518080495088.0,32.0,0.0,1583876483.0,1.0,21.26,3.041,EC 321
2020-03-10 21:41:27.986,mijnomgeving,357518080203151,1583876487986,2.0,52.4209993,4.8602205,8.0,21699936.0,-23.0,4.15,8.0,22.0,357518080203151.0,16.0,1.0,1583876490.0,90.0,10.24,,EC Prototype 001
2020-03-10 21:41:41.936,mijnomgeving,357518080494768,1583876501936,1.0,52.416657,5.226502,5.0,171918.0,-9.0,4.2,9.0,14.0,357518080494768.0,32.0,1.0,1583876494.0,1645.0,10.51,,EC 305
2020-03-10 21:41:56.721,mijnomgeving,357518080168917,1583876516721,1.0,52.3405739,4.9254944,5.0,21727865.0,-3.0,4.0,8.0,0.0,357518080168917.0,16.0,0.0,1583876518.0,56.0,11.3,,EC 209
2020-03-10 21:42:06.884,mijnomgeving,357518080495070,1583876526884,255.0,2.55e-05,2.55e-05,0.0,32538.0,0.0,4.03,23.0,0.0,357518080495070.0,32.0,0.0,1583876525.0,1.0,20.91,,EC 320
2020-03-10 21:42:08.890,mijnomgeving,357518080495021,1583876528890,255.0,2.55e-05,2.55e-05,0.0,12738.0,0.0,3.92,15.0,0.0,357518080495021.0,32.0,0.0,1583876526.0,0.0,15.36,,EC 325
2020-03-10 21:42:09.901,mijnomgeving,357518080495203,1583876529901,0.0,52.2261357,5.1746708,6.0,13517.0,4.0,4.17,8.0,220.0,357518080495203.0,32.0,0.0,1583876526.0,132.0,12.45,,EC 324
2020-03-10 21:42:25.931,mijnomgeving,357518080497423,1583876545931,14.0,52.5231586,5.5901021,6.0,33331.0,-38.0,4.17,9.0,24.0,357518080497423.0,32.0,0.0,1583876537.0,1849.0,11.04,,EC 318
2020-03-10 21:42:55.962,mijnomgeving,357518080497639,1583876575962,1.0,52.659178,5.6609733,6.0,76518.0,7.0,4.21,9.0,56.0,357518080497639.0,32.0,0.0,1583876576.0,2167.0,10.69,,EC 308
2020-03-10 21:43:13.606,mijnomgeving,357518080163405,1583876593606,6.0,52.3728,4.9159068,4.0,81017.0,-49.0,4.14,8.0,0.0,357518080163405.0,32.0,0.0,1583876594.0,1663.0,9.98,,EC 226
2020-03-10 21:43:24.022,mijnomgeving,357518080495104,1583876604022,1.0,52.337199,5.5380543,4.0,144917.0,-30.0,4.12,10.0,210.0,357518080495104.0,32.0,0.0,1583876605.0,733.0,11.21,,EC 312
2020-03-10 21:43:41.020,mijnomgeving,357518080497662,1583876621020,1.0,52.226164,5.1746724,6.0,35129.0,16.0,4.2,10.0,41.0,357518080497662.0,32.0,0.0,1583876619.0,138.0,12.36,,EC 328
2020-03-10 21:44:01.006,mijnomgeving,357518080495682,1583876641006,5.0,52.5497271,5.5885592,4.0,105322.0,-37.0,4.18,8.0,30.0,357518080495682.0,32.0,0.0,1583876624.0,1479.0,10.77,,EC 316
2020-03-10 21:44:14.771,mijnomgeving,357518080494776,1583876654771,1.0,52.2261143,5.1746575,6.0,13518.0,24.0,4.16,9.0,210.0,357518080494776.0,32.0,0.0,1583876651.0,134.0,12.1,,EC 330
2020-03-10 21:44:23.395,mijnomgeving,357518080166960,1583876663395,17.0,52.7139187,6.8788506,5.0,201627.0,6.0,3.96,8.0,17.0,357518080166960.0,32.0,5.0,1583876669.0,535.0,10.33,,EC 232
2020-03-10 21:44:24.011,mijnomgeving,357518080495088,1583876664011,255.0,2.55e-05,2.55e-05,0.0,35535.0,0.0,3.87,24.0,0.0,357518080495088.0,32.0,0.0,1583876663.0,3.0,21.26,3.041,EC 321
2020-03-10 21:44:32.027,mijnomgeving,357518080165368,1583876672027,28.0,52.3397812,4.9108887,4.0,20688387.0,-2.0,3.76,8.0,23.0,357518080165368.0,16.0,0.0,1583876624.0,1236.0,10.42,,EC 208
2020-03-10 21:45:17.134,mijnomgeving,357518080495047,1583876717134,1.0,52.22618,5.1747051,6.0,90018.0,30.0,4.17,9.0,7.0,357518080495047.0,32.0,0.0,1583876714.0,134.0,12.18,,EC 322
2020-03-10 21:45:59.093,mijnomgeving,357518080166580,1583876759093,4.0,52.360484,4.8154613,4.0,10814.0,14.0,4.04,8.0,0.0,357518080166580.0,32.0,0.0,1583876751.0,662.0,9.63,,EC 224
2020-03-10 21:46:04.325,mijnomgeving,357518080165475,1583876764325,4.0,52.372215,4.9251045,5.0,13231850.0,-24.0,4.12,8.0,0.0,357518080165475.0,1.0,0.0,1583876782.0,1373.0,9.72,,EC 201
2020-03-10 21:46:38.294,mijnomgeving,357518080495153,1583876798294,25.0,52.5788983,5.756911,8.0,50442.0,0.0,4.189999999999999,8.0,199.0,357518080495153.0,32.0,0.0,1583876794.0,2532.0,10.51,,EC 313
2020-03-10 21:46:49.240,mijnomgeving,357518080163249,1583876809240,2.0,,,,20712.0,,4.16,10.0,,357518080163249.0,32.0,,1583876801.0,417.0,11.3,,EC 212
2020-03-10 21:47:13.281,mijnomgeving,357518080497696,1583876833281,1.0,52.517138,5.5089102,4.0,85517.0,-52.0,4.17,8.0,54.0,357518080497696.0,32.0,0.0,1583876833.0,1020.0,10.6,,EC 319
2020-03-10 21:47:16.274,mijnomgeving,357518080495120,1583876836274,23.0,52.3337429,5.3125355,9.0,1841.0,-16.0,4.17,8.0,213.0,357518080495120.0,32.0,0.0,1583876827.0,1499.0,10.42,,EC 303
2020-03-10 21:47:22.262,mijnomgeving,357518080495534,1583876842262,0.0,52.5327017,5.593071,9.0,917.0,-9.0,4.2,10.0,252.0,357518080495534.0,32.0,0.0,1583876836.0,1836.0,10.77,,EC 307
2020-03-10 21:47:24.263,mijnomgeving,357518080494826,1583876844263,1.0,52.226032,5.1746529,5.0,25218.0,78.0,4.18,10.0,205.0,357518080494826.0,32.0,0.0,1583876841.0,130.0,11.92,,EC 323
2020-03-10 21:47:25.246,mijnomgeving,357518080495088,1583876845246,255.0,2.55e-05,2.55e-05,0.0,35715.0,0.0,3.87,24.0,0.0,357518080495088.0,32.0,0.0,1583876843.0,1.0,21.26,3.041,EC 321
2020-03-10 21:47:47.368,mijnomgeving,357518080495161,1583876867368,1.0,52.4996335,5.4528566,5.0,6487221.0,-23.0,4.18,8.0,11.0,357518080495161.0,32.0,2.0,1583876878.0,915.0,10.33,,EC 315
2020-03-10 21:48:03.807,mijnomgeving,357518080166887,1583876883807,5.0,52.3699643,4.9009891,7.0,11966454.0,-21.0,3.6,8.0,13.0,357518080166887.0,4.0,0.0,1583876879.0,48.0,12.1,,EC 200
2020-03-10 21:48:16.381,mijnomgeving,357518080166754,1583876896381,2.0,52.353995,4.9249074,5.0,21105946.0,-6.0,4.17,8.0,0.0,357518080166754.0,16.0,0.0,1583876909.0,1196.0,10.6,,EC 204
2020-03-10 21:48:26.436,mijnomgeving,357518080494982,1583876906436,1.0,52.2261743,5.1746429,7.0,18018.0,13.0,4.16,9.0,215.0,357518080494982.0,32.0,0.0,1583876901.0,134.0,12.1,,EC 326
2020-03-10 21:48:28.102,mijnomgeving,357518080164395,1583876908102,3.0,51.8982705,4.4231555,5.0,72912.0,11.0,4.04,8.0,0.0,357518080164395.0,32.0,0.0,1583876907.0,784.0,10.24,,EC 241
2020-03-10 21:48:28.698,mijnomgeving,357518080163173,1583876908698,3.0,52.7218527,6.8191911,5.0,66613.0,7.0,3.96,8.0,0.0,357518080163173.0,32.0,0.0,1583876908.0,540.0,10.33,,EC 231
2020-03-10 21:49:18.239,mijnomgeving,357518080330582,1583876958239,18.0,52.3730647,4.9461718,6.0,41428.0,-31.0,4.09,10.0,13.0,357518080330582.0,32.0,0.0,1583876956.0,1445.0,10.24,,EC 219
2020-03-10 21:50:34.965,mijnomgeving,357518080495088,1583877034965,255.0,2.55e-05,2.55e-05,0.0,35904.0,0.0,3.87,24.0,0.0,357518080495088.0,32.0,0.0,1583877032.0,2.0,21.18,3.041,EC 321
2020-03-10 21:51:25.021,mijnomgeving,357518080494859,1583877085021,1.0,52.5410267,5.5888463,4.0,84617.0,7.0,4.17,8.0,198.0,357518080494859.0,32.0,0.0,1583877084.0,1645.0,10.95,,EC 302
2020-03-10 21:51:38.286,mijnomgeving,357518080328131,1583877098286,7.0,52.3867985,4.9176601,5.0,102617.0,-8.0,3.8200000000000003,8.0,214.0,357518080328131.0,32.0,0.0,1583877094.0,47.0,12.1,,EC 230
2020-03-10 21:52:45.763,mijnomgeving,357518080494834,1583877165763,1.0,52.4257125,5.4208032,7.0,264618.0,-16.0,4.1,8.0,42.0,357518080494834.0,32.0,0.0,1583877165.0,1349.0,11.3,,EC 314
2020-03-10 21:52:57.636,mijnomgeving,357518080170889,1583877177636,4.0,52.0145026,4.2953619,4.0,154814.0,-29.0,4.189999999999999,7.0,0.0,357518080170889.0,32.0,0.0,1583877180.0,1689.0,11.92,,EC 236
2020-03-10 21:53:00.916,mijnomgeving,357518080330764,1583877180916,6.0,51.8209184,4.6113897999999995,4.0,85516.0,-33.0,3.93,10.0,0.0,357518080330764.0,32.0,0.0,1583877182.0,298.0,11.66,,EC 244
2020-03-10 21:53:04.005,mijnomgeving,357518080332257,1583877184005,3.0,51.8982071,4.4231613,7.0,16213.0,-24.0,4.09,8.0,22.0,357518080332257.0,32.0,0.0,1583877177.0,514.0,9.98,,EC 240
2020-03-10 21:53:05.183,mijnomgeving,357518080494818,1583877185183,1.0,52.8096149,5.7451654,4.0,8118.0,45.0,4.22,8.0,255.0,357518080494818.0,32.0,2.0,1583877181.0,1630.0,10.77,,EC 309
2020-03-10 21:53:08.562,mijnomgeving,357518080171390,1583877188562,31.0,52.0318559,5.3037023,4.0,21736868.0,13.0,4.17,9.0,0.0,357518080171390.0,64.0,0.0,1583877198.0,832.0,10.86,,EC 202
2020-03-10 21:53:09.488,mijnomgeving,357518080332265,1583877189488,5.0,52.3920577,4.9384881,5.0,79215.0,59.0,3.7,8.0,208.0,357518080332265.0,32.0,0.0,1583877185.0,1504.0,10.77,,EC 221
2020-03-10 21:53:25.114,mijnomgeving,357518080495088,1583877205114,255.0,2.55e-05,2.55e-05,0.0,36075.0,0.0,3.87,24.0,0.0,357518080495088.0,32.0,0.0,1583877203.0,2.0,21.18,3.041,EC 321
2020-03-10 21:53:26.050,mijnomgeving,357518080495187,1583877206050,1.0,52.6352837,5.8234029,8.0,284418.0,-3.0,4.25,9.0,30.0,357518080495187.0,32.0,0.0,1583877218.0,534.0,10.51,,EC 304
2020-03-10 21:54:16.925,mijnomgeving,357518080200454,1583877256925,3.0,52.3312236,5.0623825,7.0,23549465.0,9.0,3.88,7.0,0.0,357518080200454.0,16.0,0.0,1583877266.0,6847.0,9.8,,EC Prototype 002
2020-03-10 21:54:33.180,mijnomgeving,357518080495146,1583877273180,0.0,52.3869284,5.3121779,4.0,58518.0,-9.0,4.17,9.0,5.0,357518080495146.0,32.0,0.0,1583877272.0,1663.0,10.86,,EC 317
2020-03-10 21:54:43.151,mijnomgeving,357518080494875,1583877283151,1.0,52.6576459,5.614627,5.0,88218.0,4.0,4.189999999999999,9.0,29.0,357518080494875.0,32.0,1.0,1583877283.0,1820.0,10.42,,EC 311
2020-03-10 21:54:45.212,mijnomgeving,357518080169006,1583877285212,23.0,,,,47733.0,,3.64,11.0,,357518080169006.0,32.0,,1583877285.0,774.0,11.74,,EC 213
2020-03-10 21:54:47.136,mijnomgeving,357518080495112,1583877287136,0.0,52.837304,5.7141568,4.0,129617.0,0.0,4.21,9.0,253.0,357518080495112.0,32.0,0.0,1583877289.0,1753.0,10.69,,EC 306
2020-03-10 21:55:19.224,mijnomgeving,357518080495526,1583877319224,4.0,52.2261651,5.1747081,4.0,3621.0,16.0,4.15,8.0,209.0,357518080495526.0,32.0,0.0,1583877313.0,135.0,12.01,,EC 327
2020-03-10 21:55:21.223,mijnomgeving,357518080166663,1583877321223,7.0,51.8982868,4.4229815,4.0,151217.0,-24.0,4.11,9.0,242.0,357518080166663.0,32.0,0.0,1583877231.0,676.0,9.98,,EC 243
2020-03-10 21:55:31.200,mijnomgeving,357518080494909,1583877331200,1.0,52.2261026,5.1746849,9.0,459918.0,24.0,4.16,8.0,30.0,357518080494909.0,32.0,0.0,1583877350.0,126.0,12.18,,EC 329
2020-03-10 21:56:17.475,mijnomgeving,357518080167000,1583877377475,2.0,52.1738135,5.0358555,6.0,162913.0,-22.0,4.13,8.0,56.0,357518080167000.0,32.0,0.0,1583877381.0,616.0,9.72,,EC 228
2020-03-10 21:56:25.152,mijnomgeving,357518080495088,1583877385152,255.0,2.55e-05,2.55e-05,0.0,36255.0,0.0,3.87,24.0,0.0,357518080495088.0,32.0,0.0,1583877383.0,1.0,21.18,3.041,EC 321
2020-03-10 21:56:29.866,mijnomgeving,357518080203151,1583877389866,4.0,52.4207144,4.8597259,6.0,21700838.0,44.0,4.15,8.0,31.0,357518080203151.0,16.0,0.0,1583877392.0,91.0,10.24,,EC Prototype 001
2020-03-10 21:56:49.166,mijnomgeving,357518080494768,1583877409166,11.0,52.4165079,5.2269425,4.0,172828.0,45.0,4.2,9.0,199.0,357518080494768.0,32.0,0.0,1583877404.0,1641.0,10.51,,EC 305
2020-03-10 21:56:49.864,mijnomgeving,357518080168917,1583877409864,1.0,52.3406912,4.9258059,5.0,21728766.0,1.0,4.0,8.0,0.0,357518080168917.0,16.0,0.0,1583877418.0,55.0,11.13,,EC 209
2020-03-10 21:57:06.120,mijnomgeving,357518080495070,1583877426120,255.0,2.55e-05,2.55e-05,0.0,33438.0,0.0,4.03,23.0,0.0,357518080495070.0,32.0,0.0,1583877425.0,1.0,20.91,,EC 320
2020-03-10 21:57:07.096,mijnomgeving,357518080497423,1583877427096,1.0,52.5230621,5.589924,6.0,34218.0,30.0,4.17,8.0,35.0,357518080497423.0,32.0,0.0,1583877424.0,1839.0,11.04,,EC 318
2020-03-10 21:57:09.096,mijnomgeving,357518080495021,1583877429096,255.0,2.55e-05,2.55e-05,0.0,13638.0,0.0,3.92,15.0,0.0,357518080495021.0,32.0,0.0,1583877426.0,0.0,15.36,,EC 325
2020-03-10 21:57:14.118,mijnomgeving,357518080495203,1583877434118,4.0,52.2262117,5.1728194,4.0,14422.0,-58.0,4.16,9.0,212.0,357518080495203.0,32.0,0.0,1583877431.0,130.0,12.36,,EC 324
2020-03-10 21:58:01.233,mijnomgeving,357518080497639,1583877481233,1.0,52.6592128,5.6608775,6.0,77418.0,0.0,4.21,9.0,51.0,357518080497639.0,32.0,0.0,1583877476.0,2165.0,10.69,,EC 308
2020-03-10 21:58:14.669,mijnomgeving,357518080163405,1583877494669,6.0,52.372902,4.915969,4.0,81917.0,61.0,4.13,7.0,0.0,357518080163405.0,32.0,0.0,1583877494.0,1664.0,9.98,,EC 226
2020-03-10 21:58:33.280,mijnomgeving,357518080497662,1583877513280,0.0,52.2261569,5.1747042,6.0,36018.0,14.0,4.2,10.0,249.0,357518080497662.0,32.0,0.0,1583877508.0,141.0,12.27,,EC 328
2020-03-10 21:58:41.092,mijnomgeving,357518080165368,1583877521092,19.0,52.3398322,4.910908,4.0,20689279.0,-1.0,3.76,8.0,0.0,357518080165368.0,16.0,0.0,1583877516.0,1238.0,10.42,,EC 208
2020-03-10 21:58:43.249,mijnomgeving,357518080495104,1583877523249,19.0,52.3373565,5.5374824,6.0,145836.0,-14.0,4.12,10.0,210.0,357518080495104.0,32.0,0.0,1583877524.0,738.0,11.21,,EC 312
2020-03-10 21:58:58.246,mijnomgeving,357518080495682,1583877538246,16.0,52.5495159,5.5880322,4.0,106233.0,-4.0,4.18,8.0,251.0,357518080495682.0,32.0,0.0,1583877535.0,1479.0,10.77,,EC 316
2020-03-10 21:59:14.267,mijnomgeving,357518080494776,1583877554267,1.0,52.2261373,5.1748171,5.0,14418.0,45.0,4.16,8.0,46.0,357518080494776.0,32.0,0.0,1583877551.0,136.0,12.1,,EC 330
2020-03-10 21:59:16.291,mijnomgeving,357518080166960,1583877556291,9.0,52.7138546,6.8789037,5.0,202519.0,7.0,3.96,9.0,15.0,357518080166960.0,32.0,0.0,1583877561.0,534.0,10.33,,EC 232
2020-03-10 21:59:24.241,mijnomgeving,357518080495088,1583877564241,255.0,2.55e-05,2.55e-05,0.0,36435.0,0.0,3.87,24.0,0.0,357518080495088.0,32.0,0.0,1583877563.0,1.0,21.18,3.041,EC 321
2020-03-10 22:00:14.323,mijnomgeving,357518080495047,1583877614323,1.0,52.2261508,5.1747324,5.0,90918.0,18.0,4.17,9.0,27.0,357518080495047.0,32.0,0.0,1583877614.0,132.0,12.18,,EC 322
2020-03-10 22:00:54.684,mijnomgeving,357518080166580,1583877654684,5.0,52.3606363,4.8156856,4.0,11715.0,-39.0,4.04,8.0,6.0,357518080166580.0,32.0,0.0,1583877652.0,663.0,9.63,,EC 224
2020-03-10 22:01:05.157,mijnomgeving,357518080165475,1583877665157,5.0,52.3719359,4.9253092,5.0,13232751.0,-89.0,4.11,8.0,5.0,357518080165475.0,1.0,1.0,1583877683.0,1350.0,9.72,,EC 201
2020-03-10 22:01:11.394,mijnomgeving,357518080495153,1583877671394,1.0,52.5789388,5.7568578,8.0,51318.0,-4.0,4.189999999999999,8.0,0.0,357518080495153.0,32.0,0.0,1583877670.0,2525.0,10.51,,EC 313
2020-03-10 22:01:43.965,mijnomgeving,357518080163249,1583877703965,3.0,,,,21613.0,,4.16,9.0,,357518080163249.0,32.0,,1583877702.0,440.0,11.3,,EC 212
2020-03-10 22:01:48.483,mijnomgeving,357518080495120,1583877708483,1.0,52.333745,5.312597,8.0,2718.0,-7.0,4.18,8.0,238.0,357518080495120.0,32.0,0.0,1583877704.0,1498.0,10.42,,EC 303
2020-03-10 22:02:22.526,mijnomgeving,357518080494826,1583877742526,0.0,52.2260207,5.1746363,4.0,26118.0,36.0,4.17,10.0,50.0,357518080494826.0,32.0,0.0,1583877740.0,128.0,11.83,,EC 323
2020-03-10 22:02:23.447,mijnomgeving,357518080495534,1583877743447,0.0,52.5326782,5.5930731,8.0,1817.0,-8.0,4.21,9.0,0.0,357518080495534.0,32.0,0.0,1583877736.0,1830.0,10.77,,EC 307
2020-03-10 22:02:25.445,mijnomgeving,357518080495088,1583877745445,255.0,2.55e-05,2.55e-05,0.0,36615.0,0.0,3.87,24.0,0.0,357518080495088.0,32.0,0.0,1583877743.0,2.0,21.18,3.041,EC 321
2020-03-10 22:02:44.541,mijnomgeving,357518080497696,1583877764541,25.0,52.5173007,5.5094289,7.0,86441.0,-12.0,4.17,8.0,241.0,357518080497696.0,32.0,0.0,1583877757.0,1022.0,10.6,,EC 319
2020-03-10 22:02:50.541,mijnomgeving,357518080495161,1583877770541,4.0,52.499491,5.4529005999999995,5.0,6488124.0,0.0,4.189999999999999,8.0,2.0,357518080495161.0,32.0,3.0,1583877781.0,917.0,10.33,,EC 315
2020-03-10 22:03:15.151,mijnomgeving,357518080166887,1583877795151,20.0,52.3700638,4.9008616,6.0,11967369.0,-25.0,3.6,8.0,243.0,357518080166887.0,4.0,0.0,1583877794.0,50.0,12.01,,EC 200
2020-03-10 22:03:18.203,mijnomgeving,357518080166754,1583877798203,3.0,52.353725,4.9249296,5.0,21106847.0,6.0,4.17,8.0,0.0,357518080166754.0,16.0,0.0,1583877810.0,1199.0,10.6,,EC 204
2020-03-10 22:03:24.572,mijnomgeving,357518080494982,1583877804572,1.0,52.2261319,5.1747203,7.0,18918.0,21.0,4.17,10.0,9.0,357518080494982.0,32.0,0.0,1583877801.0,133.0,12.01,,EC 326
2020-03-10 22:03:28.826,mijnomgeving,357518080163173,1583877808826,3.0,52.7218197,6.8194821,5.0,67513.0,15.0,3.96,7.0,0.0,357518080163173.0,32.0,0.0,1583877808.0,539.0,10.33,,EC 231
2020-03-10 22:03:29.228,mijnomgeving,357518080164395,1583877809228,4.0,51.8981314,4.4231528,5.0,73813.0,23.0,4.04,8.0,56.0,357518080164395.0,32.0,0.0,1583877808.0,783.0,10.24,,EC 241
2020-03-10 22:04:07.529,mijnomgeving,357518080330582,1583877847529,8.0,52.373459,4.9460112,5.0,42318.0,58.0,4.09,9.0,4.0,357518080330582.0,32.0,0.0,1583877846.0,1449.0,10.24,,EC 219
2020-03-10 22:05:24.754,mijnomgeving,357518080495088,1583877924754,255.0,2.55e-05,2.55e-05,0.0,36795.0,0.0,3.87,24.0,0.0,357518080495088.0,32.0,0.0,1583877923.0,1.0,21.18,3.041,EC 321
2020-03-10 22:06:39.850,mijnomgeving,357518080494859,1583877999850,17.0,52.5409658,5.5888285,9.0,85534.0,0.0,4.17,8.0,0.0,357518080494859.0,32.0,0.0,1583878001.0,1639.0,10.95,,EC 302
2020-03-10 22:06:47.711,mijnomgeving,357518080328131,1583878007711,23.0,52.386705,4.917616,7.0,103533.0,12.0,3.8200000000000003,8.0,209.0,357518080328131.0,32.0,0.0,1583878010.0,49.0,12.1,,EC 230
2020-03-10 22:07:38.034,mijnomgeving,357518080171390,1583878058034,1.0,52.0320493,5.3034811,7.0,21737738.0,-34.0,4.17,10.0,0.0,357518080171390.0,64.0,0.0,1583878068.0,836.0,10.86,,EC 202
2020-03-10 22:07:59.319,mijnomgeving,357518080332257,1583878079319,3.0,51.898349,4.4233308000000005,8.0,17113.0,23.0,4.09,8.0,0.0,357518080332257.0,32.0,0.0,1583878077.0,516.0,9.98,,EC 240
2020-03-10 22:08:03.893,mijnomgeving,357518080494834,1583878083893,1.0,52.4256081,5.4206421,7.0,265518.0,-30.0,4.1,8.0,36.0,357518080494834.0,32.0,0.0,1583878065.0,1348.0,11.3,,EC 314
2020-03-10 22:08:17.975,mijnomgeving,357518080332265,1583878097975,18.0,52.3923463,4.9373374,5.0,80128.0,47.0,3.7,8.0,0.0,357518080332265.0,32.0,0.0,1583878097.0,1501.0,10.77,,EC 221
2020-03-10 22:08:18.139,mijnomgeving,357518080330764,1583878098139,23.0,51.8211066,4.6109437,5.0,86433.0,-4.0,3.94,10.0,201.0,357518080330764.0,32.0,0.0,1583878099.0,298.0,11.66,,EC 244
2020-03-10 22:08:18.729,mijnomgeving,357518080170889,1583878098729,24.0,52.0146909,4.2953665,5.0,155734.0,0.0,4.189999999999999,7.0,21.0,357518080170889.0,32.0,0.0,1583878100.0,1871.0,11.83,,EC 236
2020-03-10 22:08:24.975,mijnomgeving,357518080495187,1583878104975,0.0,52.6353375,5.8235328,7.0,285317.0,7.0,4.24,9.0,253.0,357518080495187.0,32.0,0.0,1583878117.0,535.0,10.51,,EC 304
2020-03-10 22:08:25.030,mijnomgeving,357518080495088,1583878105030,255.0,2.55e-05,2.55e-05,0.0,36975.0,0.0,3.87,24.0,0.0,357518080495088.0,32.0,0.0,1583878103.0,0.0,21.18,3.112,EC 321
2020-03-10 22:08:26.948,mijnomgeving,357518080494818,1583878106948,24.0,52.8095046,5.7451642,5.0,9041.0,17.0,4.22,9.0,221.0,357518080494818.0,32.0,0.0,1583878104.0,1635.0,10.77,,EC 309
2020-03-10 22:09:09.092,mijnomgeving,357518080166663,1583878149092,28.0,51.8982518,4.4232612,6.0,152138.0,-6.0,4.12,9.0,0.0,357518080166663.0,32.0,0.0,1583878152.0,708.0,9.98,,EC 243
2020-03-10 22:09:16.141,mijnomgeving,357518080200454,1583878156141,3.0,52.3313171,5.0624784,8.0,23550365.0,22.0,3.89,8.0,0.0,357518080200454.0,16.0,0.0,1583878165.0,6850.0,9.8,,EC Prototype 002
2020-03-10 22:09:46.995,mijnomgeving,357518080169006,1583878186995,25.0,,,,48634.0,,3.64,10.0,,357518080169006.0,32.0,,1583878186.0,770.0,11.74,,EC 213
2020-03-10 22:09:47.198,mijnomgeving,357518080495112,1583878187198,1.0,52.8374821,5.7141079999999995,5.0,130518.0,2.0,4.22,8.0,206.0,357518080495112.0,32.0,0.0,1583878189.0,1753.0,10.69,,EC 306
2020-03-10 22:09:50.150,mijnomgeving,357518080495146,1583878190150,17.0,52.3870383,5.3122426,5.0,59434.0,6.0,4.17,10.0,0.0,357518080495146.0,32.0,0.0,1583878188.0,1662.0,10.86,,EC 317
2020-03-10 22:10:09.269,mijnomgeving,357518080494875,1583878209269,27.0,52.6578446,5.6148978,5.0,89144.0,-4.0,4.189999999999999,9.0,217.0,357518080494875.0,32.0,0.0,1583878209.0,1833.0,10.42,,EC 311
2020-03-10 22:10:16.532,mijnomgeving,357518080495526,1583878216532,1.0,52.2261418,5.1747282,4.0,4518.0,22.0,4.15,8.0,216.0,357518080495526.0,32.0,0.0,1583878210.0,135.0,11.92,,EC 327
2020-03-10 22:10:42.383,mijnomgeving,357518080494909,1583878242383,1.0,52.2261453,5.1747162,8.0,460827.0,21.0,4.16,8.0,0.0,357518080494909.0,32.0,0.0,1583878259.0,126.0,12.1,,EC 329
2020-03-10 22:11:18.288,mijnomgeving,357518080167000,1583878278288,4.0,52.1737413,5.0356515,5.0,163814.0,-22.0,4.13,7.0,0.0,357518080167000.0,32.0,0.0,1583878282.0,616.0,9.72,,EC 228
2020-03-10 22:11:24.632,mijnomgeving,357518080495088,1583878284632,255.0,2.55e-05,2.55e-05,0.0,37155.0,0.0,3.87,24.0,0.0,357518080495088.0,32.0,0.0,1583878283.0,2.0,21.18,3.041,EC 321
2020-03-10 22:11:38.742,mijnomgeving,357518080203151,1583878298742,9.0,52.4201561,4.8591212,4.0,21701743.0,135.0,4.15,8.0,0.0,357518080203151.0,16.0,0.0,1583878297.0,91.0,10.24,,EC Prototype 001
2020-03-10 22:11:56.387,mijnomgeving,357518080168917,1583878316387,2.0,52.3407659,4.9255372,6.0,21729667.0,-22.0,4.0,8.0,0.0,357518080168917.0,16.0,0.0,1583878319.0,54.0,11.13,,EC 209
2020-03-10 22:12:09.340,mijnomgeving,357518080495021,1583878329340,255.0,2.55e-05,2.55e-05,0.0,14538.0,0.0,3.92,15.0,0.0,357518080495021.0,32.0,0.0,1583878326.0,0.0,15.36,,EC 325
2020-03-10 22:12:10.303,mijnomgeving,357518080494768,1583878330303,13.0,52.4165813,5.2266373,7.0,173747.0,3.0,4.2,9.0,53.0,357518080494768.0,32.0,0.0,1583878323.0,1639.0,10.51,,EC 305
2020-03-10 22:12:16.209,mijnomgeving,357518080495070,1583878336209,255.0,2.55e-05,2.55e-05,0.0,34347.0,0.0,4.03,23.0,0.0,357518080495070.0,32.0,0.0,1583878334.0,1.0,20.91,,EC 320
2020-03-10 22:12:19.779,mijnomgeving,357518080495203,1583878339779,9.0,52.2262002,5.1745774,5.0,15326.0,17.0,4.16,8.0,20.0,357518080495203.0,32.0,0.0,1583878335.0,131.0,12.27,,EC 324
2020-03-10 22:12:41.417,mijnomgeving,357518080497423,1583878361417,1.0,52.5231133,5.5900928,6.0,35118.0,-6.0,4.17,8.0,219.0,357518080497423.0,32.0,0.0,1583878324.0,1835.0,11.04,,EC 318
2020-03-10 22:12:56.740,mijnomgeving,357518080497639,1583878376740,1.0,52.659219,5.6608687,6.0,78318.0,-7.0,4.21,9.0,237.0,357518080497639.0,32.0,0.0,1583878376.0,2167.0,10.69,,EC 308
2020-03-10 22:13:23.519,mijnomgeving,357518080495104,1583878403519,1.0,52.3373586,5.5374514,5.0,146717.0,-9.0,4.12,9.0,221.0,357518080495104.0,32.0,0.0,1583878405.0,732.0,11.21,,EC 312
2020-03-10 22:13:28.789,mijnomgeving,357518080165368,1583878408789,28.0,52.3393444,4.910957,4.0,20690187.0,106.0,3.76,8.0,228.0,357518080165368.0,16.0,0.0,1583878424.0,1239.0,10.42,,EC 208
2020-03-10 22:13:31.411,mijnomgeving,357518080497662,1583878411411,1.0,52.2261047,5.1747358,5.0,36919.0,19.0,4.2,10.0,208.0,357518080497662.0,32.0,0.0,1583878408.0,142.0,12.18,,EC 328
2020-03-10 22:13:38.466,mijnomgeving,357518080163405,1583878418466,32.0,52.3729395,4.915991,8.0,82842.0,-9.0,4.13,7.0,0.0,357518080163405.0,32.0,0.0,1583878419.0,1664.0,9.98,,EC 226
2020-03-10 22:13:48.391,mijnomgeving,357518080495682,1583878428391,6.0,52.5496853,5.5883701,4.0,107123.0,20.0,4.18,9.0,254.0,357518080495682.0,32.0,0.0,1583878425.0,1518.0,10.69,,EC 316
2020-03-10 22:14:14.496,mijnomgeving,357518080494776,1583878454496,1.0,52.2260659,5.1751916,4.0,15318.0,107.0,4.17,8.0,204.0,357518080494776.0,32.0,0.0,1583878451.0,138.0,12.01,,EC 330
2020-03-10 22:14:18.930,mijnomgeving,357518080166960,1583878458930,12.0,52.7142511,6.8792522,4.0,203422.0,67.0,3.95,8.0,19.0,357518080166960.0,32.0,1.0,1583878464.0,533.0,10.33,,EC 232
2020-03-10 22:14:26.541,mijnomgeving,357518080495088,1583878466541,255.0,2.55e-05,2.55e-05,0.0,37335.0,0.0,3.86,24.0,0.0,357518080495088.0,32.0,0.0,1583878463.0,1.0,21.18,3.041,EC 321
2020-03-10 22:15:14.724,mijnomgeving,357518080495047,1583878514724,1.0,52.2261595,5.1746608,5.0,91818.0,24.0,4.17,8.0,26.0,357518080495047.0,32.0,0.0,1583878514.0,133.0,12.1,,EC 322
2020-03-10 22:16:06.435,mijnomgeving,357518080166580,1583878566435,5.0,52.3600898,4.8153008,4.0,12615.0,38.0,4.05,8.0,15.0,357518080166580.0,32.0,0.0,1583878552.0,663.0,9.63,,EC 224
2020-03-10 22:16:11.762,mijnomgeving,357518080495153,1583878571762,1.0,52.5789236,5.7568923,8.0,52218.0,-13.0,4.189999999999999,8.0,0.0,357518080495153.0,32.0,0.0,1583878570.0,2520.0,10.51,,EC 313
2020-03-10 22:16:17.879,mijnomgeving,357518080165475,1583878577879,18.0,52.3722026,4.9253254,4.0,13233664.0,13.0,4.11,8.0,0.0,357518080165475.0,1.0,0.0,1583878596.0,1352.0,9.72,,EC 201
2020-03-10 22:16:46.999,mijnomgeving,357518080163249,1583878606999,6.0,,,,22516.0,,4.16,9.0,,357518080163249.0,32.0,,1583878605.0,491.0,11.3,,EC 212
2020-03-10 22:16:49.034,mijnomgeving,357518080495120,1583878609034,0.0,52.3337407,5.3126241,8.0,3618.0,-5.0,4.17,8.0,248.0,357518080495120.0,32.0,0.0,1583878604.0,1497.0,10.42,,EC 303
2020-03-10 22:17:23.884,mijnomgeving,357518080495534,1583878643884,0.0,52.5326656,5.5930722,8.0,2717.0,-8.0,4.21,9.0,14.0,357518080495534.0,32.0,0.0,1583878636.0,1819.0,10.77,,EC 307
2020-03-10 22:17:24.731,mijnomgeving,357518080494826,1583878644731,0.0,52.2260398,5.1743064,5.0,27019.0,-15.0,4.17,10.0,42.0,357518080494826.0,32.0,0.0,1583878642.0,129.0,11.74,,EC 323
2020-03-10 22:17:25.979,mijnomgeving,357518080495088,1583878645979,255.0,2.55e-05,2.55e-05,0.0,37515.0,0.0,3.87,24.0,0.0,357518080495088.0,32.0,0.0,1583878643.0,2.0,21.18,3.041,EC 321
2020-03-10 22:17:30.809,mijnomgeving,357518080497696,1583878650809,1.0,52.5171965,5.5094553,7.0,87334.0,6.0,4.16,8.0,251.0,357518080497696.0,32.0,0.0,1583878650.0,1014.0,10.69,,EC 319
2020-03-10 22:17:52.912,mijnomgeving,357518080495161,1583878672912,3.0,52.4998126,5.4530014,4.0,6489023.0,2.0,4.18,8.0,30.0,357518080495161.0,32.0,0.0,1583878680.0,914.0,10.33,,EC 315
2020-03-10 22:18:16.374,mijnomgeving,357518080166754,1583878696374,2.0,52.3540897,4.924671,5.0,21107746.0,-38.0,4.17,8.0,0.0,357518080166754.0,16.0,0.0,1583878709.0,1196.0,10.6,,EC 204
2020-03-10 22:18:24.855,mijnomgeving,357518080494982,1583878704855,1.0,52.226151,5.1747093,7.0,19818.0,10.0,4.17,9.0,241.0,357518080494982.0,32.0,0.0,1583878701.0,132.0,11.92,,EC 326
2020-03-10 22:18:31.879,mijnomgeving,357518080163173,1583878711879,6.0,52.7218246,6.8193278,5.0,68416.0,26.0,3.96,7.0,213.0,357518080163173.0,32.0,0.0,1583878711.0,538.0,10.33,,EC 231
2020-03-10 22:19:02.709,mijnomgeving,357518080166887,1583878742709,67.0,52.3700636,4.9010848,8.0,11968316.0,23.0,3.6,8.0,0.0,357518080166887.0,4.0,0.0,1583878741.0,50.0,11.92,,EC 200
2020-03-10 22:19:31.591,mijnomgeving,357518080330582,1583878771591,32.0,52.3719715,4.9459077,6.0,43242.0,19.0,4.09,9.0,229.0,357518080330582.0,32.0,0.0,1583878770.0,1453.0,10.24,,EC 219
2020-03-10 22:20:24.944,mijnomgeving,357518080495088,1583878824944,255.0,2.55e-05,2.55e-05,0.0,37695.0,0.0,3.87,24.0,0.0,357518080495088.0,32.0,0.0,1583878823.0,2.0,21.18,3.041,EC 321
2020-03-10 22:20:30.462,mijnomgeving,357518080164395,1583878830462,4.0,51.8981562,4.4232981,5.0,74713.0,1.0,4.04,8.0,220.0,357518080164395.0,32.0,0.0,1583878708.0,783.0,10.24,,EC 241
2020-03-10 22:21:25.034,mijnomgeving,357518080494859,1583878885034,1.0,52.5409737,5.5888383,8.0,86417.0,-1.0,4.17,8.0,219.0,357518080494859.0,32.0,0.0,1583878884.0,1631.0,10.95,,EC 302
2020-03-10 22:21:28.036,mijnomgeving,357518080328131,1583878888036,3.0,52.3867921,4.9177226,6.0,104413.0,16.0,3.8200000000000003,8.0,0.0,357518080328131.0,32.0,0.0,1583878890.0,49.0,12.01,,EC 230
2020-03-10 22:22:38.511,mijnomgeving,357518080171390,1583878958511,2.0,52.0318678,5.3036636,7.0,21738638.0,-23.0,4.17,8.0,254.0,357518080171390.0,64.0,0.0,1583878968.0,834.0,10.86,,EC 202
2020-03-10 22:22:43.076,mijnomgeving,357518080494834,1583878963076,1.0,52.4256885,5.4208155,8.0,266418.0,-6.0,4.11,8.0,33.0,357518080494834.0,32.0,0.0,1583878965.0,1348.0,11.39,,EC 314
2020-03-10 22:22:56.706,mijnomgeving,357518080170889,1583878976706,3.0,52.0147014,4.2954514,5.0,156613.0,19.0,4.189999999999999,7.0,7.0,357518080170889.0,32.0,0.0,1583878979.0,1816.0,11.74,,EC 236
2020-03-10 22:23:03.097,mijnomgeving,357518080332265,1583878983097,3.0,52.3924111,4.9373482,5.0,81013.0,37.0,3.7,8.0,46.0,357518080332265.0,32.0,5.0,1583878983.0,1502.0,10.77,,EC 221
2020-03-10 22:23:04.219,mijnomgeving,357518080332257,1583878984219,3.0,51.8983004,4.4232257,7.0,18013.0,4.0,4.09,8.0,6.0,357518080332257.0,32.0,0.0,1583878977.0,511.0,9.98,,EC 240
2020-03-10 22:23:04.799,mijnomgeving,357518080494818,1583878984799,1.0,52.8094249,5.7451951,5.0,9918.0,19.0,4.22,8.0,205.0,357518080494818.0,32.0,0.0,1583878981.0,1627.0,10.77,,EC 309
2020-03-10 22:23:20.612,mijnomgeving,357518080330764,1583879000612,4.0,51.8211622,4.6108491,5.0,87330.0,21.0,3.93,10.0,57.0,357518080330764.0,32.0,7.0,1583878996.0,296.0,11.66,,EC 244
2020-03-10 22:23:25.143,mijnomgeving,357518080495187,1583879005143,0.0,52.6353234,5.8235124,7.0,286217.0,10.0,4.24,9.0,1.0,357518080495187.0,32.0,0.0,1583879017.0,536.0,10.51,,EC 304
2020-03-10 22:23:35.121,mijnomgeving,357518080495088,1583879015121,255.0,2.55e-05,2.55e-05,0.0,37884.0,0.0,3.87,24.0,0.0,357518080495088.0,32.0,0.0,1583879012.0,0.0,21.18,3.041,EC 321
2020-03-10 22:23:49.264,mijnomgeving,357518080166663,1583879029264,3.0,51.8982143,4.4232987999999995,5.0,153013.0,9.0,4.11,9.0,54.0,357518080166663.0,32.0,0.0,1583879027.0,705.0,9.98,,EC 243
2020-03-10 22:24:25.394,mijnomgeving,357518080169006,1583879065394,3.0,,,,49513.0,,3.64,10.0,,357518080169006.0,32.0,,1583879065.0,758.0,11.74,,EC 213
2020-03-10 22:24:33.211,mijnomgeving,357518080495146,1583879073211,1.0,52.3869326,5.3123351,5.0,60317.0,4.0,4.17,9.0,231.0,357518080495146.0,32.0,0.0,1583879071.0,1663.0,10.86,,EC 317
2020-03-10 22:24:43.213,mijnomgeving,357518080494875,1583879083213,1.0,52.6580929,5.6145442,5.0,90018.0,-159.0,4.189999999999999,8.0,237.0,357518080494875.0,32.0,0.0,1583879083.0,1836.0,10.42,,EC 311
2020-03-10 22:24:47.196,mijnomgeving,357518080495112,1583879087196,1.0,52.8374597,5.7140465,5.0,131417.0,-17.0,4.21,8.0,15.0,357518080495112.0,32.0,0.0,1583879089.0,1747.0,10.69,,EC 306
2020-03-10 22:25:31.260,mijnomgeving,357518080494909,1583879131260,1.0,52.2261416,5.1747361,9.0,461718.0,25.0,4.16,8.0,201.0,357518080494909.0,32.0,0.0,1583879150.0,128.0,12.01,,EC 329
2020-03-10 22:25:37.221,mijnomgeving,357518080495526,1583879137221,23.0,52.2261829,5.1746559,4.0,5441.0,14.0,4.15,8.0,214.0,357518080495526.0,32.0,0.0,1583879133.0,135.0,11.83,,EC 327
2020-03-10 22:26:17.464,mijnomgeving,357518080167000,1583879177464,3.0,52.1739236,5.0358372,5.0,164713.0,-6.0,4.13,7.0,41.0,357518080167000.0,32.0,1.0,1583879181.0,619.0,9.72,,EC 228
2020-03-10 22:26:28.384,mijnomgeving,357518080495088,1583879188384,255.0,2.55e-05,2.55e-05,0.0,38055.0,0.0,3.87,24.0,0.0,357518080495088.0,32.0,0.0,1583879183.0,2.0,21.18,3.041,EC 321
2020-03-10 22:26:51.761,mijnomgeving,357518080168917,1583879211761,3.0,52.3407088,4.925274,5.0,21730568.0,-73.0,4.0,8.0,199.0,357518080168917.0,16.0,0.0,1583879221.0,56.0,11.04,,EC 209
2020-03-10 22:27:08.320,mijnomgeving,357518080495070,1583879228320,255.0,2.55e-05,2.55e-05,0.0,35238.0,0.0,4.03,24.0,0.0,357518080495070.0,32.0,0.0,1583879224.0,0.0,20.91,,EC 320
2020-03-10 22:27:10.299,mijnomgeving,357518080495203,1583879230299,1.0,52.2263639,5.174774,4.0,16218.0,16.0,4.16,8.0,17.0,357518080495203.0,32.0,0.0,1583879227.0,129.0,12.18,,EC 324
2020-03-10 22:27:18.354,mijnomgeving,357518080497423,1583879238354,1.0,52.5232314,5.590244,5.0,36018.0,-30.0,4.17,8.0,17.0,357518080497423.0,32.0,0.0,1583879224.0,1829.0,11.04,,EC 318
2020-03-10 22:27:18.423,mijnomgeving,357518080495021,1583879238423,255.0,2.55e-05,2.55e-05,0.0,15447.0,0.0,3.92,15.0,0.0,357518080495021.0,32.0,0.0,1583879235.0,2.0,15.36,,EC 325
2020-03-10 22:27:56.367,mijnomgeving,357518080497639,1583879276367,1.0,52.659232,5.6606201,5.0,79218.0,-26.0,4.21,9.0,205.0,357518080497639.0,32.0,0.0,1583879276.0,2166.0,10.69,,EC 308
2020-03-10 22:28:10.270,mijnomgeving,357518080163405,1583879290270,2.0,52.3728583,4.9162003,6.0,83713.0,-24.0,4.13,7.0,0.0,357518080163405.0,32.0,0.0,1583879290.0,1660.0,9.98,,EC 226
2020-03-10 22:28:23.421,mijnomgeving,357518080495104,1583879303421,1.0,52.337354,5.5375232,5.0,147618.0,-16.0,4.12,10.0,251.0,357518080495104.0,32.0,0.0,1583879305.0,738.0,11.21,,EC 312
2020-03-10 22:28:31.419,mijnomgeving,357518080497662,1583879311419,1.0,52.2261599,5.1748408,4.0,37819.0,25.0,4.21,9.0,50.0,357518080497662.0,32.0,0.0,1583879309.0,139.0,12.1,,EC 328
2020-03-10 22:28:44.160,mijnomgeving,357518080165368,1583879324160,31.0,52.3400504,4.9107928,5.0,20691090.0,-42.0,3.76,8.0,0.0,357518080165368.0,16.0,0.0,1583879327.0,1247.0,10.42,,EC 208
2020-03-10 22:28:45.426,mijnomgeving,357518080495682,1583879325426,4.0,52.5496148,5.5879753,4.0,108022.0,-18.0,4.189999999999999,8.0,208.0,357518080495682.0,32.0,0.0,1583879324.0,1482.0,10.69,,EC 316
2020-03-10 22:29:14.496,mijnomgeving,357518080494776,1583879354496,1.0,52.2260834,5.17546,4.0,16218.0,93.0,4.16,8.0,0.0,357518080494776.0,32.0,0.0,1583879351.0,138.0,11.92,,EC 330
2020-03-10 22:29:26.508,mijnomgeving,357518080495088,1583879366508,255.0,2.55e-05,2.55e-05,0.0,38235.0,0.0,3.86,24.0,0.0,357518080495088.0,32.0,0.0,1583879363.0,2.0,21.18,3.041,EC 321
2020-03-10 22:29:40.877,mijnomgeving,357518080166960,1583879380877,34.0,52.71387,6.8789058999999995,6.0,204344.0,19.0,3.96,8.0,27.0,357518080166960.0,32.0,0.0,1583879386.0,530.0,10.33,,EC 232
2020-03-10 22:30:14.514,mijnomgeving,357518080495047,1583879414514,1.0,52.2261639,5.1746771,5.0,92718.0,14.0,4.16,8.0,30.0,357518080495047.0,32.0,0.0,1583879414.0,133.0,12.01,,EC 322
2020-03-10 22:31:02.929,mijnomgeving,357518080165475,1583879462929,3.0,52.3723525,4.9257691,4.0,13234549.0,29.0,4.12,8.0,25.0,357518080165475.0,1.0,1.0,1583879481.0,1434.0,9.72,,EC 201
2020-03-10 22:31:05.227,mijnomgeving,357518080166580,1583879465227,16.0,52.3598694,4.8151901,4.0,13526.0,77.0,4.04,8.0,21.0,357518080166580.0,32.0,0.0,1583879463.0,665.0,9.63,,EC 224
2020-03-10 22:31:11.610,mijnomgeving,357518080495153,1583879471610,1.0,52.5789151,5.7568215,8.0,53118.0,-13.0,4.189999999999999,8.0,250.0,357518080495153.0,32.0,0.0,1583879470.0,2518.0,10.51,,EC 313
2020-03-10 22:31:44.349,mijnomgeving,357518080163249,1583879504349,3.0,,,,23413.0,,4.16,9.0,,357518080163249.0,32.0,,1583879502.0,490.0,11.3,,EC 212
2020-03-10 22:31:54.705,mijnomgeving,357518080495120,1583879514705,0.0,52.3338036,5.3126501,8.0,4518.0,-4.0,4.18,8.0,47.0,357518080495120.0,32.0,0.0,1583879504.0,1498.0,10.42,,EC 303
2020-03-10 22:32:12.709,mijnomgeving,357518080497696,1583879532709,1.0,52.5172831,5.5094314,7.0,88217.0,7.0,4.16,8.0,236.0,357518080497696.0,32.0,0.0,1583879533.0,1017.0,10.69,,EC 319
2020-03-10 22:32:23.938,mijnomgeving,357518080494826,1583879543938,0.0,52.2262083,5.1739556,4.0,27918.0,-40.0,4.17,10.0,215.0,357518080494826.0,32.0,0.0,1583879541.0,129.0,11.66,,EC 323
2020-03-10 22:32:24.055,mijnomgeving,357518080495534,1583879544055,1.0,52.5326813,5.5930735,7.0,3617.0,-10.0,4.21,9.0,212.0,357518080495534.0,32.0,0.0,1583879536.0,1819.0,10.77,,EC 307
2020-03-10 22:32:24.681,mijnomgeving,357518080495088,1583879544681,255.0,2.55e-05,2.55e-05,0.0,38415.0,0.0,3.87,24.0,0.0,357518080495088.0,32.0,0.0,1583879543.0,2.0,21.18,3.112,EC 321
2020-03-10 22:32:50.796,mijnomgeving,357518080495161,1583879570796,4.0,52.4998073,5.4529914999999995,4.0,6489925.0,-27.0,4.189999999999999,8.0,47.0,357518080495161.0,32.0,1.0,1583879581.0,914.0,10.33,,EC 315
2020-03-10 22:33:17.299,mijnomgeving,357518080166754,1583879597299,2.0,52.3538697,4.9250377,5.0,21108646.0,14.0,4.17,8.0,253.0,357518080166754.0,16.0,0.0,1583879609.0,1197.0,10.6,,EC 204
2020-03-10 22:33:24.814,mijnomgeving,357518080494982,1583879604814,1.0,52.226155,5.1746952,7.0,20718.0,19.0,4.17,9.0,241.0,357518080494982.0,32.0,0.0,1583879601.0,133.0,11.83,,EC 326
2020-03-10 22:33:29.655,mijnomgeving,357518080164395,1583879609655,4.0,51.8981764,4.4229825,5.0,75613.0,23.0,4.04,8.0,39.0,357518080164395.0,32.0,0.0,1583879608.0,782.0,10.24,,EC 241
2020-03-10 22:33:46.782,mijnomgeving,357518080163173,1583879626782,21.0,52.7217416,6.8197583,4.0,69331.0,74.0,3.96,7.0,211.0,357518080163173.0,32.0,0.0,1583879626.0,540.0,10.33,,EC 231
2020-03-10 22:34:15.020,mijnomgeving,357518080330582,1583879655020,15.0,52.3731598,4.946096,4.0,44125.0,8.0,4.09,9.0,15.0,357518080330582.0,32.0,0.0,1583879653.0,1456.0,10.24,,EC 219
2020-03-10 22:35:24.896,mijnomgeving,357518080495088,1583879724896,255.0,2.55e-05,2.55e-05,0.0,38595.0,0.0,3.86,24.0,0.0,357518080495088.0,32.0,0.0,1583879723.0,2.0,21.09,3.112,EC 321
2020-03-10 22:36:40.206,mijnomgeving,357518080328131,1583879800206,14.0,52.3866379,4.9170206,4.0,105324.0,-66.0,3.8200000000000003,8.0,202.0,357518080328131.0,32.0,0.0,1583879801.0,48.0,12.01,,EC 230
2020-03-10 22:36:41.027,mijnomgeving,357518080494859,1583879801027,1.0,52.5409631,5.5887916,8.0,87335.0,-9.0,4.17,8.0,25.0,357518080494859.0,32.0,0.0,1583879802.0,1623.0,10.95,,EC 302
2020-03-10 22:37:38.367,mijnomgeving,357518080171390,1583879858367,2.0,52.0319256,5.3036536,7.0,21739538.0,-2.0,4.17,8.0,0.0,357518080171390.0,64.0,0.0,1583879868.0,837.0,10.86,,EC 202
2020-03-10 22:37:59.061,mijnomgeving,357518080494768,1583879879061,0.0,52.416599,5.2266124,6.0,174617.0,-3.0,4.2,9.0,250.0,357518080494768.0,32.0,0.0,1583879193.0,1639.0,10.42,,EC 305
2020-03-10 22:38:04.036,mijnomgeving,357518080494818,1583879884036,1.0,52.8095087,5.7453132,5.0,10818.0,39.0,4.22,9.0,0.0,357518080494818.0,32.0,0.0,1583879881.0,1624.0,10.77,,EC 309
2020-03-10 22:38:04.130,mijnomgeving,357518080332257,1583879884130,3.0,51.8983074,4.4232073,7.0,18913.0,1.0,4.09,8.0,211.0,357518080332257.0,32.0,0.0,1583879877.0,511.0,9.98,,EC 240
2020-03-10 22:38:07.810,mijnomgeving,357518080332265,1583879887810,3.0,52.3922774,4.9372961,5.0,81913.0,43.0,3.7,8.0,255.0,357518080332265.0,32.0,1.0,1583879883.0,1502.0,10.77,,EC 221
2020-03-10 22:38:08.031,mijnomgeving,357518080494834,1583879888031,15.0,52.4257673,5.4209064,9.0,267332.0,7.0,4.1,8.0,243.0,357518080494834.0,32.0,0.0,1583879879.0,1328.0,11.21,,EC 314
2020-03-10 22:38:09.966,mijnomgeving,357518080330764,1583879889966,13.0,51.821323,4.6109711,5.0,88223.0,-2.0,3.93,10.0,221.0,357518080330764.0,32.0,0.0,1583879889.0,301.0,11.66,,EC 244
2020-03-10 22:38:17.640,mijnomgeving,357518080170889,1583879897640,24.0,52.014652,4.295492,5.0,157534.0,18.0,4.189999999999999,6.0,248.0,357518080170889.0,32.0,0.0,1583879900.0,1856.0,11.83,,EC 236
2020-03-10 22:38:25.105,mijnomgeving,357518080495088,1583879905105,255.0,2.55e-05,2.55e-05,0.0,38775.0,0.0,3.86,24.0,0.0,357518080495088.0,32.0,0.0,1583879903.0,1.0,21.09,3.041,EC 321
2020-03-10 22:38:26.065,mijnomgeving,357518080495187,1583879906065,0.0,52.6353055,5.8235106,6.0,287117.0,-5.0,4.24,9.0,212.0,357518080495187.0,32.0,0.0,1583879917.0,530.0,10.6,,EC 304
2020-03-10 22:38:50.387,mijnomgeving,357518080166663,1583879930387,3.0,51.8983344,4.423383,5.0,153913.0,-5.0,4.11,9.0,0.0,357518080166663.0,32.0,0.0,1583879927.0,700.0,9.98,,EC 243
2020-03-10 22:39:16.502,mijnomgeving,357518080200454,1583879956502,3.0,52.331161,5.062528,7.0,23552165.0,-10.0,3.88,7.0,0.0,357518080200454.0,16.0,0.0,1583879966.0,6845.0,9.8,,EC Prototype 002
2020-03-10 22:39:25.558,mijnomgeving,357518080169006,1583879965558,3.0,,,,50413.0,,3.64,10.0,,357518080169006.0,32.0,,1583879965.0,758.0,11.66,,EC 213
2020-03-10 22:39:39.250,mijnomgeving,357518080495146,1583879979250,7.0,52.3872263,5.312335,4.0,61223.0,-17.0,4.17,8.0,0.0,357518080495146.0,32.0,0.0,1583879977.0,1655.0,10.86,,EC 317
2020-03-10 22:39:43.188,mijnomgeving,357518080494875,1583879983188,1.0,52.6578898,5.6148755,5.0,90918.0,-21.0,4.189999999999999,9.0,240.0,357518080494875.0,32.0,0.0,1583879983.0,1845.0,10.42,,EC 311
2020-03-10 22:39:47.166,mijnomgeving,357518080495112,1583879987166,1.0,52.8373706,5.7145146,4.0,132318.0,24.0,4.21,8.0,210.0,357518080495112.0,32.0,0.0,1583879989.0,1741.0,10.69,,EC 306
2020-03-10 22:40:17.239,mijnomgeving,357518080495526,1583880017239,0.0,52.2262079,5.1746578,8.0,6318.0,0.0,4.15,8.0,7.0,357518080495526.0,32.0,0.0,1583880010.0,136.0,11.74,,EC 327
2020-03-10 22:40:31.196,mijnomgeving,357518080494909,1583880031196,1.0,52.2261588,5.1747137,8.0,462618.0,26.0,4.16,8.0,247.0,357518080494909.0,32.0,0.0,1583880050.0,128.0,11.92,,EC 329
2020-03-10 22:41:18.287,mijnomgeving,357518080167000,1583880078287,4.0,52.1737989,5.03555,5.0,165614.0,-3.0,4.13,7.0,39.0,357518080167000.0,32.0,0.0,1583880082.0,617.0,9.72,,EC 228
2020-03-10 22:41:29.422,mijnomgeving,357518080203151,1583880089422,4.0,52.4209219,4.8599816,5.0,21703538.0,33.0,4.15,8.0,0.0,357518080203151.0,16.0,0.0,1583880092.0,90.0,10.33,,EC Prototype 001
2020-03-10 22:41:34.301,mijnomgeving,357518080495088,1583880094301,255.0,2.55e-05,2.55e-05,0.0,38964.0,0.0,3.86,24.0,0.0,357518080495088.0,32.0,0.0,1583880092.0,1.0,21.09,3.041,EC 321
2020-03-10 22:42:00.480,mijnomgeving,357518080168917,1583880120480,4.0,52.3404977,4.9253118,5.0,21731477.0,-114.0,4.0,8.0,12.0,357518080168917.0,16.0,0.0,1583880130.0,57.0,11.13,,EC 209
2020-03-10 22:42:02.330,mijnomgeving,357518080494768,1583880122330,1.0,52.41668,5.2266006,6.0,175517.0,-6.0,4.2,9.0,245.0,357518080494768.0,32.0,0.0,1583880093.0,1640.0,10.42,,EC 305
2020-03-10 22:42:09.271,mijnomgeving,357518080495021,1583880129271,255.0,2.55e-05,2.55e-05,0.0,16338.0,0.0,3.92,15.0,0.0,357518080495021.0,32.0,0.0,1583880126.0,0.0,15.45,,EC 325
2020-03-10 22:42:34.376,mijnomgeving,357518080495203,1583880154376,25.0,52.2263348,5.1745864,7.0,17142.0,0.0,4.16,9.0,24.0,357518080495203.0,32.0,0.0,1583880151.0,130.0,12.1,,EC 324
2020-03-10 22:42:56.352,mijnomgeving,357518080497639,1583880176352,1.0,52.6592111,5.6607197,5.0,80118.0,-12.0,4.21,9.0,216.0,357518080497639.0,32.0,0.0,1583880176.0,2165.0,10.69,,EC 308
2020-03-10 22:43:04.330,mijnomgeving,357518080497423,1583880184330,14.0,52.5232557,5.5901805,4.0,36931.0,9.0,4.17,9.0,255.0,357518080497423.0,32.0,0.0,1583880137.0,1821.0,11.04,,EC 318
2020-03-10 22:43:09.405,mijnomgeving,357518080163405,1583880189405,3.0,52.3729297,4.9159655,6.0,84613.0,-14.0,4.14,7.0,7.0,357518080163405.0,32.0,0.0,1583880190.0,1663.0,9.98,,EC 226
2020-03-10 22:43:13.309,mijnomgeving,357518080495070,1583880193309,255.0,2.55e-05,2.55e-05,0.0,160.0,0.0,4.01,24.0,0.0,357518080495070.0,32.0,0.0,1583880189.0,0.0,21.0,,EC 320
2020-03-10 22:43:19.445,mijnomgeving,357518080165368,1583880199445,19.0,52.3399331,4.9108441,4.0,20691979.0,-25.0,3.76,7.0,0.0,357518080165368.0,16.0,0.0,1583880216.0,1248.0,10.42,,EC 208
2020-03-10 22:43:24.324,mijnomgeving,357518080495104,1583880204324,1.0,52.3373916,5.5374541,5.0,148518.0,-9.0,4.12,10.0,2.0,357518080495104.0,32.0,0.0,1583880206.0,741.0,11.21,,EC 312
2020-03-10 22:43:49.357,mijnomgeving,357518080497662,1583880229357,19.0,52.2263338,5.1743956,6.0,38737.0,-34.0,4.2,10.0,34.0,357518080497662.0,32.0,0.0,1583880227.0,142.0,12.01,,EC 328
2020-03-10 22:44:09.430,mijnomgeving,357518080495682,1583880249430,17.0,52.5496326,5.5883749,6.0,108934.0,-3.0,4.18,8.0,47.0,357518080495682.0,32.0,0.0,1583880236.0,1484.0,10.69,,EC 316
2020-03-10 22:44:23.451,mijnomgeving,357518080166960,1583880263451,15.0,52.7138793,6.8788709,5.0,205225.0,3.0,3.95,8.0,15.0,357518080166960.0,32.0,0.0,1583880267.0,528.0,10.33,,EC 232
2020-03-10 22:44:24.410,mijnomgeving,357518080495088,1583880264410,255.0,2.55e-05,2.55e-05,0.0,39135.0,0.0,3.87,24.0,0.0,357518080495088.0,32.0,0.0,1583880263.0,2.0,21.09,3.041,EC 321
2020-03-10 22:44:40.481,mijnomgeving,357518080494776,1583880280481,25.0,52.2260544,5.1747613,6.0,17142.0,21.0,4.16,8.0,216.0,357518080494776.0,32.0,0.0,1583880275.0,137.0,11.83,,EC 330
2020-03-10 22:45:13.695,mijnomgeving,357518080495047,1583880313695,0.0,52.2261094,5.1745975,5.0,93619.0,9.0,4.17,8.0,29.0,357518080495047.0,32.0,0.0,1583880314.0,134.0,11.92,,EC 322
2020-03-10 22:46:02.566,mijnomgeving,357518080166580,1583880362566,13.0,52.3600726,4.8153497,4.0,14423.0,88.0,4.04,8.0,0.0,357518080166580.0,32.0,0.0,1583880360.0,663.0,9.54,,EC 224
2020-03-10 22:46:09.765,mijnomgeving,357518080495153,1583880369765,1.0,52.5789801,5.7567994,7.0,54018.0,-25.0,4.189999999999999,8.0,15.0,357518080495153.0,32.0,0.0,1583880370.0,2515.0,10.51,,EC 313
2020-03-10 22:46:18.233,mijnomgeving,357518080165475,1583880378233,18.0,52.3720937,4.9253218,5.0,13235464.0,60.0,4.12,8.0,38.0,357518080165475.0,1.0,0.0,1583880396.0,1344.0,9.72,,EC 201
2020-03-10 22:46:49.662,mijnomgeving,357518080163249,1583880409662,3.0,,,,24313.0,,4.15,9.0,,357518080163249.0,32.0,,1583880402.0,478.0,11.3,,EC 212
2020-03-10 22:47:16.916,mijnomgeving,357518080497696,1583880436916,1.0,52.5172133,5.5095291,7.0,89117.0,11.0,4.16,8.0,229.0,357518080497696.0,32.0,0.0,1583880433.0,1021.0,10.69,,EC 319
2020-03-10 22:47:21.894,mijnomgeving,357518080495534,1583880441894,1.0,52.5327088,5.593079,7.0,4517.0,4.0,4.2,9.0,31.0,357518080495534.0,32.0,0.0,1583880436.0,1816.0,10.77,,EC 307
2020-03-10 22:47:22.905,mijnomgeving,357518080495120,1583880442905,0.0,52.3337499,5.3125935,7.0,5418.0,0.0,4.18,8.0,245.0,357518080495120.0,32.0,0.0,1583880404.0,1493.0,10.42,,EC 303
2020-03-10 22:47:23.886,mijnomgeving,357518080495088,1583880443886,255.0,2.55e-05,2.55e-05,0.0,39315.0,0.0,3.86,24.0,0.0,357518080495088.0,32.0,0.0,1583880443.0,2.0,21.09,3.041,EC 321
2020-03-10 22:47:50.021,mijnomgeving,357518080494826,1583880470021,19.0,52.2261639,5.1746532,8.0,28845.0,18.0,4.17,10.0,224.0,357518080494826.0,32.0,0.0,1583880468.0,127.0,11.66,,EC 323
2020-03-10 22:47:51.954,mijnomgeving,357518080495161,1583880471954,6.0,52.5002743,5.4535724,4.0,6490827.0,-58.0,4.189999999999999,8.0,14.0,357518080495161.0,32.0,0.0,1583880483.0,916.0,10.33,,EC 315
2020-03-10 22:48:20.521,mijnomgeving,357518080166754,1583880500521,6.0,52.3541803,4.9247334,4.0,21109550.0,90.0,4.17,8.0,1.0,357518080166754.0,16.0,0.0,1583880513.0,1195.0,10.6,,EC 204
2020-03-10 22:48:23.981,mijnomgeving,357518080494982,1583880503981,1.0,52.226182,5.1746958,7.0,21618.0,14.0,4.16,9.0,32.0,357518080494982.0,32.0,0.0,1583880501.0,134.0,11.74,,EC 326
2020-03-10 22:48:33.525,mijnomgeving,357518080164395,1583880513525,8.0,51.8988048,4.4237595,4.0,76517.0,4.0,4.04,9.0,23.0,357518080164395.0,32.0,0.0,1583880512.0,776.0,10.24,,EC 241
2020-03-10 22:48:47.588,mijnomgeving,357518080163173,1583880527588,22.0,52.7218343,6.8191653,10.0,70232.0,3.0,3.95,7.0,224.0,357518080163173.0,32.0,0.0,1583880527.0,538.0,10.24,,EC 231
2020-03-10 22:49:12.788,mijnomgeving,357518080330582,1583880552788,13.0,52.373221,4.9461378,4.0,45023.0,12.0,4.09,9.0,13.0,357518080330582.0,32.0,0.0,1583880551.0,1449.0,10.24,,EC 219
2020-03-10 22:50:33.153,mijnomgeving,357518080495088,1583880633153,255.0,2.55e-05,2.55e-05,0.0,39504.0,0.0,3.86,24.0,0.0,357518080495088.0,32.0,0.0,1583880632.0,2.0,21.09,3.041,EC 321
2020-03-10 22:51:07.699,mijnomgeving,357518080166887,1583880667699,35.0,52.3701514,4.9009683,8.0,11969184.0,-1.0,3.6,8.0,0.0,357518080166887.0,4.0,0.0,1583879609.0,52.0,11.83,,EC 200
2020-03-10 22:51:10.471,mijnomgeving,357518080166887,1583880670471,7.0,52.370313,4.9010482,7.0,11970056.0,22.0,3.6,8.0,16.0,357518080166887.0,4.0,0.0,1583880481.0,48.0,11.66,,EC 200
2020-03-10 22:51:26.174,mijnomgeving,357518080494859,1583880686174,1.0,52.5409961,5.5887997,8.0,88218.0,-7.0,4.17,8.0,246.0,357518080494859.0,32.0,0.0,1583880685.0,1616.0,10.86,,EC 302
2020-03-10 22:51:37.960,mijnomgeving,357518080328131,1583880697960,4.0,52.3867775,4.9176668,5.0,106223.0,9.0,3.8200000000000003,8.0,55.0,357518080328131.0,32.0,0.0,1583880700.0,51.0,11.92,,EC 230
2020-03-10 22:52:39.486,mijnomgeving,357518080171390,1583880759486,3.0,52.0320441,5.303449,6.0,21740439.0,-18.0,4.17,8.0,0.0,357518080171390.0,64.0,0.0,1583880769.0,836.0,10.86,,EC 202
2020-03-10 22:52:57.790,mijnomgeving,357518080170889,1583880777790,4.0,52.0147268,4.2956115,5.0,158414.0,5.0,4.189999999999999,6.0,42.0,357518080170889.0,32.0,0.0,1583880780.0,1357.0,11.83,,EC 236
2020-03-10 22:52:59.894,mijnomgeving,357518080332257,1583880779894,3.0,51.8983408,4.4230216,6.0,19813.0,-3.0,4.09,8.0,52.0,357518080332257.0,32.0,0.0,1583880777.0,512.0,9.98,,EC 240
2020-03-10 22:53:02.938,mijnomgeving,357518080494834,1583880782938,1.0,52.4256778,5.4207830999999995,8.0,268218.0,-20.0,4.1,8.0,244.0,357518080494834.0,32.0,0.0,1583880765.0,1319.0,11.3,,EC 314
2020-03-10 22:53:03.268,mijnomgeving,357518080494818,1583880783268,1.0,52.8095248,5.7453696999999995,5.0,11718.0,44.0,4.22,8.0,11.0,357518080494818.0,32.0,0.0,1583880781.0,1616.0,10.77,,EC 309
2020-03-10 22:53:09.652,mijnomgeving,357518080332265,1583880789652,3.0,52.392292,4.9372666,5.0,82813.0,48.0,3.7,8.0,237.0,357518080332265.0,32.0,0.0,1583880783.0,1504.0,10.77,,EC 221
2020-03-10 22:53:24.312,mijnomgeving,357518080495187,1583880804312,1.0,52.635332,5.8234466,7.0,288017.0,10.0,4.24,9.0,8.0,357518080495187.0,32.0,0.0,1583880817.0,533.0,10.6,,EC 304
2020-03-10 22:53:27.176,mijnomgeving,357518080330764,1583880807176,32.0,51.821184,4.6107705,6.0,89142.0,-14.0,3.93,10.0,0.0,357518080330764.0,32.0,0.0,1583880808.0,299.0,11.66,,EC 244
2020-03-10 22:53:34.311,mijnomgeving,357518080495088,1583880814311,255.0,2.55e-05,2.55e-05,0.0,39684.0,0.0,3.86,24.0,0.0,357518080495088.0,32.0,0.0,1583880812.0,3.0,21.09,3.041,EC 321
2020-03-10 22:53:49.465,mijnomgeving,357518080166663,1583880829465,2.0,51.8982301,4.4233202,5.0,154812.0,1.0,4.12,9.0,250.0,357518080166663.0,32.0,0.0,1583880826.0,696.0,9.98,,EC 243
2020-03-10 22:54:14.905,mijnomgeving,357518080200454,1583880854905,2.0,52.3312648,5.0623368,7.0,23553064.0,-8.0,3.89,7.0,0.0,357518080200454.0,16.0,0.0,1583880865.0,6829.0,9.8,,EC Prototype 002
2020-03-10 22:54:25.392,mijnomgeving,357518080169006,1583880865392,3.0,,,,51313.0,,3.64,10.0,,357518080169006.0,32.0,,1583880865.0,782.0,11.66,,EC 213
2020-03-10 22:54:46.450,mijnomgeving,357518080494875,1583880886450,5.0,52.6579134,5.6149729,4.0,91822.0,-16.0,4.189999999999999,8.0,0.0,357518080494875.0,32.0,0.0,1583880887.0,1850.0,10.42,,EC 311
2020-03-10 22:54:46.494,mijnomgeving,357518080495112,1583880886494,1.0,52.83747,5.7139092,4.0,133218.0,-67.0,4.21,8.0,210.0,357518080495112.0,32.0,3.0,1583880889.0,1737.0,10.69,,EC 306
2020-03-10 22:54:50.390,mijnomgeving,357518080495146,1583880890390,20.0,52.3868552,5.3120234,4.0,62136.0,58.0,4.17,9.0,229.0,357518080495146.0,32.0,0.0,1583880890.0,1654.0,10.86,,EC 317
2020-03-10 22:55:14.452,mijnomgeving,357518080495526,1583880914452,0.0,52.2261693,5.1746549,7.0,7218.0,9.0,4.15,8.0,241.0,357518080495526.0,32.0,0.0,1583880910.0,135.0,11.66,,EC 327
2020-03-10 22:55:30.525,mijnomgeving,357518080494909,1583880930525,1.0,52.2261879,5.1746904,8.0,463518.0,16.0,4.16,6.0,0.0,357518080494909.0,32.0,0.0,1583880950.0,127.0,11.83,,EC 329
2020-03-10 22:56:17.490,mijnomgeving,357518080167000,1583880977490,3.0,52.1739538,5.0360275,5.0,166513.0,-17.0,4.13,7.0,45.0,357518080167000.0,32.0,0.0,1583880981.0,616.0,9.72,,EC 228
2020-03-10 22:56:25.562,mijnomgeving,357518080495088,1583880985562,255.0,2.55e-05,2.55e-05,0.0,39855.0,0.0,3.86,24.0,0.0,357518080495088.0,32.0,0.0,1583880983.0,1.0,21.09,3.041,EC 321
2020-03-10 22:56:28.413,mijnomgeving,357518080203151,1583880988413,3.0,52.4210155,4.8602408,5.0,21704437.0,-12.0,4.15,8.0,0.0,357518080203151.0,16.0,0.0,1583880991.0,92.0,10.33,,EC Prototype 001
2020-03-10 22:56:55.429,mijnomgeving,357518080168917,1583881015429,2.0,52.340832,4.9253286,4.0,21732366.0,-51.0,4.0,8.0,0.0,357518080168917.0,16.0,0.0,1583881018.0,58.0,10.95,,EC 209
2020-03-10 22:57:12.561,mijnomgeving,357518080495203,1583881032561,1.0,52.2261708,5.1746551,8.0,18018.0,30.0,4.16,8.0,13.0,357518080495203.0,32.0,0.0,1583881027.0,129.0,12.01,,EC 324
2020-03-10 22:57:12.648,mijnomgeving,357518080494768,1583881032648,1.0,52.4166035,5.2265774,6.0,176417.0,-10.0,4.2,8.0,223.0,357518080494768.0,32.0,0.0,1583880993.0,1637.0,10.42,,EC 305
2020-03-10 22:57:16.537,mijnomgeving,357518080495021,1583881036537,255.0,2.55e-05,2.55e-05,0.0,17247.0,0.0,3.92,15.0,0.0,357518080495021.0,32.0,0.0,1583881035.0,0.0,15.36,,EC 325
2020-03-10 22:57:34.605,mijnomgeving,357518080497423,1583881054605,23.0,52.5229564,5.590204,7.0,37840.0,-14.0,4.17,8.0,0.0,357518080497423.0,32.0,0.0,1583881046.0,1818.0,11.04,,EC 318
2020-03-10 22:57:50.879,mijnomgeving,357518080495070,1583881070879,255.0,2.55e-05,2.55e-05,0.0,1038.0,0.0,4.03,23.0,0.0,357518080495070.0,32.0,0.0,1583881067.0,0.0,20.82,,EC 320
2020-03-10 22:57:57.580,mijnomgeving,357518080497639,1583881077580,1.0,52.659223,5.6607377,5.0,81018.0,-14.0,4.21,8.0,219.0,357518080497639.0,32.0,0.0,1583881076.0,2170.0,10.69,,EC 308
2020-03-10 22:58:11.546,mijnomgeving,357518080163405,1583881091546,4.0,52.3728787,4.9158706,7.0,85514.0,-40.0,4.13,6.0,33.0,357518080163405.0,32.0,0.0,1583881091.0,1662.0,9.98,,EC 226
2020-03-10 22:58:25.669,mijnomgeving,357518080495104,1583881105669,1.0,52.3374799,5.5375417,5.0,149418.0,13.0,4.12,10.0,14.0,357518080495104.0,32.0,0.0,1583881106.0,743.0,11.21,,EC 312
2020-03-10 22:58:27.990,mijnomgeving,357518080165368,1583881107990,19.0,52.3399428,4.9107557,5.0,20692879.0,-12.0,3.76,7.0,0.0,357518080165368.0,16.0,0.0,1583881116.0,1247.0,10.42,,EC 208
2020-03-10 22:58:30.625,mijnomgeving,357518080497662,1583881110625,1.0,52.2262264,5.174458,6.0,39619.0,1.0,4.21,9.0,222.0,357518080497662.0,32.0,0.0,1583881109.0,140.0,12.01,,EC 328
2020-03-10 22:59:01.683,mijnomgeving,357518080495682,1583881141683,6.0,52.54962,5.5885262,5.0,109823.0,-36.0,4.18,8.0,0.0,357518080495682.0,32.0,1.0,1583881125.0,1492.0,10.6,,EC 316
2020-03-10 22:59:14.705,mijnomgeving,357518080494776,1583881154705,1.0,52.2261059,5.1745877,6.0,18018.0,30.0,4.16,8.0,13.0,357518080494776.0,32.0,0.0,1583881151.0,138.0,11.74,,EC 330
2020-03-10 22:59:15.704,mijnomgeving,357518080166960,1583881155704,8.0,52.7138989,6.8786752,7.0,206118.0,-7.0,3.96,8.0,0.0,357518080166960.0,32.0,0.0,1583881160.0,532.0,10.24,,EC 232
2020-03-10 22:59:32.756,mijnomgeving,357518080495088,1583881172756,255.0,2.55e-05,2.55e-05,0.0,40044.0,0.0,3.86,24.0,0.0,357518080495088.0,32.0,0.0,1583881172.0,1.0,21.09,3.112,EC 321
2020-03-10 23:00:25.852,mijnomgeving,357518080495047,1583881225852,0.0,52.2261489,5.1746909,5.0,94527.0,6.0,4.16,8.0,38.0,357518080495047.0,32.0,0.0,1583881223.0,133.0,11.92,,EC 322
2020-03-10 23:01:02.479,mijnomgeving,357518080165475,1583881262479,2.0,52.3720921,4.9252921,5.0,13236348.0,59.0,4.12,8.0,38.0,357518080165475.0,1.0,0.0,1583881280.0,1347.0,9.72,,EC 201
2020-03-10 23:01:11.884,mijnomgeving,357518080495153,1583881271884,1.0,52.5789663,5.7568463,7.0,54918.0,-23.0,4.189999999999999,8.0,244.0,357518080495153.0,32.0,0.0,1583881270.0,2504.0,10.51,,EC 313
2020-03-10 23:01:14.915,mijnomgeving,357518080166580,1583881274915,21.0,52.3604213,4.8157106,8.0,15331.0,2.0,4.04,8.0,37.0,357518080166580.0,32.0,0.0,1583881268.0,662.0,9.63,,EC 224
2020-03-10 23:01:43.510,mijnomgeving,357518080163249,1583881303510,2.0,,,,25212.0,,4.15,9.0,,357518080163249.0,32.0,,1583881301.0,461.0,11.21,,EC 212
2020-03-10 23:01:50.903,mijnomgeving,357518080495120,1583881310903,0.0,52.3337798,5.312588,8.0,6318.0,-3.0,4.18,8.0,16.0,357518080495120.0,32.0,0.0,1583881304.0,1498.0,10.33,,EC 303
2020-03-10 23:02:11.916,mijnomgeving,357518080497696,1583881331916,1.0,52.5172241,5.5095054999999995,7.0,90018.0,3.0,4.16,8.0,241.0,357518080497696.0,32.0,0.0,1583881333.0,1019.0,10.69,,EC 319
2020-03-10 23:02:18.894,mijnomgeving,357518080495534,1583881338894,1.0,52.532678,5.5930707,7.0,5417.0,-14.0,4.2,9.0,12.0,357518080495534.0,32.0,0.0,1583881336.0,1803.0,10.77,,EC 307
2020-03-10 23:02:21.898,mijnomgeving,357518080494826,1583881341898,1.0,52.226144,5.1746649,8.0,29718.0,14.0,4.17,9.0,0.0,357518080494826.0,32.0,0.0,1583881341.0,127.0,11.57,,EC 323
2020-03-10 23:02:32.943,mijnomgeving,357518080495088,1583881352943,255.0,2.55e-05,2.55e-05,0.0,40224.0,0.0,3.86,24.0,0.0,357518080495088.0,32.0,0.0,1583881352.0,1.0,21.09,3.112,EC 321
2020-03-10 23:02:50.969,mijnomgeving,357518080495161,1583881370969,2.0,52.4994891,5.4522376999999995,4.0,6491723.0,10.0,4.189999999999999,8.0,0.0,357518080495161.0,32.0,0.0,1583881380.0,914.0,10.33,,EC 315
2020-03-10 23:03:18.486,mijnomgeving,357518080166754,1583881398486,4.0,52.3537524,4.9249572,5.0,21110448.0,-9.0,4.17,8.0,0.0,357518080166754.0,16.0,0.0,1583881411.0,1199.0,10.6,,EC 204
2020-03-10 23:03:24.010,mijnomgeving,357518080494982,1583881404010,1.0,52.2261909,5.1747085,7.0,22518.0,14.0,4.17,8.0,8.0,357518080494982.0,32.0,0.0,1583881401.0,134.0,11.66,,EC 326
2020-03-10 23:03:24.901,mijnomgeving,357518080166887,1583881404901,26.0,52.3700541,4.9009349,7.0,11970976.0,-6.0,3.6,8.0,15.0,357518080166887.0,4.0,0.0,1583881400.0,49.0,11.0,,EC 200
2020-03-10 23:03:28.513,mijnomgeving,357518080163173,1583881408513,3.0,52.7219234,6.8191152,8.0,71113.0,21.0,3.96,7.0,235.0,357518080163173.0,32.0,0.0,1583881408.0,543.0,10.24,,EC 231
2020-03-10 23:03:48.877,mijnomgeving,357518080164395,1583881428877,22.0,51.8982981,4.4233281,6.0,77432.0,4.0,4.04,9.0,0.0,357518080164395.0,32.0,0.0,1583881427.0,777.0,10.24,,EC 241
2020-03-10 23:04:31.911,mijnomgeving,357518080330582,1583881471911,32.0,52.3731326,4.9461161,6.0,45942.0,-1.0,4.09,9.0,245.0,357518080330582.0,32.0,0.0,1583881470.0,1441.0,10.24,,EC 219
2020-03-10 23:05:33.356,mijnomgeving,357518080495088,1583881533356,255.0,2.55e-05,2.55e-05,0.0,40404.0,0.0,3.87,24.0,0.0,357518080495088.0,32.0,0.0,1583881532.0,1.0,21.09,3.112,EC 321
2020-03-10 23:06:23.482,mijnomgeving,357518080494859,1583881583482,1.0,52.5409912,5.5888088,8.0,89118.0,-2.0,4.17,8.0,32.0,357518080494859.0,32.0,0.0,1583881585.0,1599.0,10.86,,EC 302
2020-03-10 23:06:31.712,mijnomgeving,357518080328131,1583881591712,7.0,52.3867008,4.9177437,5.0,107117.0,42.0,3.8200000000000003,8.0,48.0,357518080328131.0,32.0,0.0,1583881594.0,49.0,11.92,,EC 230
2020-03-10 23:07:38.365,mijnomgeving,357518080171390,1583881658365,2.0,52.0318719,5.3038317,5.0,21741338.0,17.0,4.17,8.0,0.0,357518080171390.0,64.0,0.0,1583881668.0,837.0,10.86,,EC 202
2020-03-10 23:07:48.471,mijnomgeving,357518080494834,1583881668471,0.0,52.4257473,5.420897,9.0,269117.0,-7.0,4.1,8.0,232.0,357518080494834.0,32.0,0.0,1583881664.0,1307.0,11.3,,EC 314
2020-03-10 23:07:58.132,mijnomgeving,357518080170889,1583881678132,4.0,52.014713,4.2957027,4.0,159314.0,-11.0,4.189999999999999,6.0,0.0,357518080170889.0,32.0,0.0,1583881680.0,1307.0,11.74,,EC 236
2020-03-10 23:07:58.880,mijnomgeving,357518080330764,1583881678880,4.0,51.8211242,4.6110992,6.0,90014.0,23.0,3.93,10.0,27.0,357518080330764.0,32.0,2.0,1583881680.0,300.0,11.66,,EC 244
2020-03-10 23:08:04.170,mijnomgeving,357518080494818,1583881684170,1.0,52.8094584,5.7455917,5.0,12618.0,43.0,4.22,8.0,232.0,357518080494818.0,32.0,0.0,1583881681.0,1619.0,10.77,,EC 309
2020-03-10 23:08:21.920,mijnomgeving,357518080332257,1583881701920,22.0,51.8983031,4.4232987,9.0,20732.0,5.0,4.08,8.0,231.0,357518080332257.0,32.0,0.0,1583881696.0,521.0,9.98,,EC 240
2020-03-10 23:08:25.017,mijnomgeving,357518080495187,1583881705017,1.0,52.6352192,5.8235218,7.0,288917.0,8.0,4.24,9.0,14.0,357518080495187.0,32.0,0.0,1583881717.0,529.0,10.6,,EC 304
2020-03-10 23:08:33.538,mijnomgeving,357518080495088,1583881713538,255.0,2.55e-05,2.55e-05,0.0,40584.0,0.0,3.86,24.0,0.0,357518080495088.0,32.0,0.0,1583881712.0,0.0,21.09,3.112,EC 321
2020-03-10 23:08:51.351,mijnomgeving,357518080332265,1583881731351,29.0,52.3923324,4.9375683,5.0,83739.0,58.0,3.7,8.0,45.0,357518080332265.0,32.0,0.0,1583881709.0,1503.0,10.77,,EC 221
2020-03-10 23:09:15.835,mijnomgeving,357518080200454,1583881755835,3.0,52.3313419,5.0623649,6.0,23553965.0,-21.0,3.88,7.0,217.0,357518080200454.0,16.0,0.0,1583881766.0,6822.0,9.8,,EC Prototype 002
2020-03-10 23:09:16.449,mijnomgeving,357518080166663,1583881756449,2.0,51.898306,4.4234485,4.0,155712.0,-10.0,4.11,9.0,0.0,357518080166663.0,32.0,0.0,1583881726.0,706.0,9.98,,EC 243
2020-03-10 23:09:27.459,mijnomgeving,357518080169006,1583881767459,5.0,,,,52215.0,,3.64,10.0,,357518080169006.0,32.0,,1583881767.0,784.0,11.66,,EC 213
2020-03-10 23:09:31.643,mijnomgeving,357518080495146,1583881771643,1.0,52.386615,5.3116576,4.0,63018.0,50.0,4.17,8.0,32.0,357518080495146.0,32.0,0.0,1583881771.0,1653.0,10.86,,EC 317
2020-03-10 23:09:42.621,mijnomgeving,357518080494875,1583881782621,1.0,52.657804,5.6151965,5.0,92718.0,28.0,4.18,9.0,219.0,357518080494875.0,32.0,0.0,1583881783.0,1862.0,10.42,,EC 311
2020-03-10 23:09:46.595,mijnomgeving,357518080495112,1583881786595,1.0,52.8374922,5.7140851,4.0,134118.0,-5.0,4.21,8.0,218.0,357518080495112.0,32.0,0.0,1583881790.0,1738.0,10.69,,EC 306
2020-03-10 23:10:14.695,mijnomgeving,357518080495526,1583881814695,1.0,52.2261317,5.1746814,7.0,8118.0,7.0,4.15,8.0,0.0,357518080495526.0,32.0,0.0,1583881810.0,137.0,11.66,,EC 327
2020-03-10 23:10:30.693,mijnomgeving,357518080494909,1583881830693,1.0,52.2261378,5.1746756,5.0,464418.0,9.0,4.16,7.0,44.0,357518080494909.0,32.0,0.0,1583881850.0,127.0,11.83,,EC 329
2020-03-10 23:11:17.335,mijnomgeving,357518080167000,1583881877335,3.0,52.1739,5.035975,5.0,167413.0,-15.0,4.13,7.0,0.0,357518080167000.0,32.0,0.0,1583881881.0,618.0,9.72,,EC 228
2020-03-10 23:11:23.908,mijnomgeving,357518080495088,1583881883908,255.0,2.55e-05,2.55e-05,0.0,40755.0,0.0,3.87,24.0,0.0,357518080495088.0,32.0,0.0,1583881883.0,1.0,21.09,3.041,EC 321
2020-03-10 23:11:27.621,mijnomgeving,357518080203151,1583881887621,3.0,52.4211089,4.8605441,5.0,21705337.0,-9.0,4.15,8.0,0.0,357518080203151.0,16.0,0.0,1583881890.0,92.0,10.33,,EC Prototype 001
2020-03-10 23:11:46.024,mijnomgeving,357518080494768,1583881906024,1.0,52.4166597,5.2265529,6.0,177317.0,-24.0,4.189999999999999,8.0,53.0,357518080494768.0,32.0,0.0,1583881893.0,1636.0,10.42,,EC 305
2020-03-10 23:11:52.108,mijnomgeving,357518080168917,1583881912108,3.0,52.3406441,4.9256876,5.0,21733267.0,25.0,4.0,8.0,0.0,357518080168917.0,16.0,0.0,1583881920.0,57.0,10.86,,EC 209
2020-03-10 23:12:07.395,mijnomgeving,357518080497423,1583881927395,1.0,52.5230684,5.5901398,8.0,38718.0,-27.0,4.17,8.0,197.0,357518080497423.0,32.0,0.0,1583881924.0,1803.0,11.04,,EC 318
2020-03-10 23:12:07.915,mijnomgeving,357518080495021,1583881927915,255.0,2.55e-05,2.55e-05,0.0,18138.0,0.0,3.91,15.0,0.0,357518080495021.0,32.0,0.0,1583881926.0,0.0,15.36,,EC 325
2020-03-10 23:12:19.957,mijnomgeving,357518080495203,1583881939957,1.0,52.2261795,5.1745472,8.0,18927.0,8.0,4.17,8.0,227.0,357518080495203.0,32.0,0.0,1583881936.0,129.0,12.01,,EC 324
2020-03-10 23:12:51.012,mijnomgeving,357518080495070,1583881971012,255.0,2.55e-05,2.55e-05,0.0,1938.0,0.0,4.03,23.0,0.0,357518080495070.0,32.0,0.0,1583881966.0,1.0,20.82,,EC 320
2020-03-10 23:12:54.987,mijnomgeving,357518080497639,1583881974987,0.0,52.6591801,5.6608775,5.0,81917.0,-7.0,4.21,9.0,239.0,357518080497639.0,32.0,0.0,1583881975.0,2162.0,10.69,,EC 308
2020-03-10 23:13:10.703,mijnomgeving,357518080163405,1583881990703,4.0,52.3730048,4.9158855,6.0,86414.0,22.0,4.13,7.0,0.0,357518080163405.0,32.0,0.0,1583881991.0,1661.0,9.98,,EC 226
2020-03-10 23:13:22.032,mijnomgeving,357518080495104,1583882002032,1.0,52.3374472,5.5373433,5.0,150318.0,-67.0,4.12,10.0,13.0,357518080495104.0,32.0,0.0,1583882006.0,747.0,11.21,,EC 312
2020-03-10 23:13:31.232,mijnomgeving,357518080497662,1583882011232,1.0,52.2262866,5.1744579,7.0,40519.0,-2.0,4.2,9.0,223.0,357518080497662.0,32.0,0.0,1583882009.0,142.0,11.92,,EC 328
2020-03-10 23:13:53.037,mijnomgeving,357518080495682,1583882033037,12.0,52.5495713,5.5884644,5.0,110729.0,3.0,4.18,8.0,41.0,357518080495682.0,32.0,0.0,1583882031.0,1477.0,10.6,,EC 316
2020-03-10 23:14:14.048,mijnomgeving,357518080494776,1583882054048,1.0,52.2259593,5.1746043,6.0,18918.0,34.0,4.16,8.0,14.0,357518080494776.0,32.0,0.0,1583882051.0,138.0,11.74,,EC 330
2020-03-10 23:14:27.322,mijnomgeving,357518080495088,1583882067322,255.0,2.55e-05,2.55e-05,0.0,40935.0,0.0,3.87,24.0,0.0,357518080495088.0,32.0,0.0,1583882063.0,2.0,21.09,3.041,EC 321
2020-03-10 23:14:28.979,mijnomgeving,357518080166960,1583882068979,22.0,52.7139431,6.8789144,7.0,207032.0,-5.0,3.96,8.0,0.0,357518080166960.0,32.0,0.0,1583882074.0,532.0,10.24,,EC 232
2020-03-10 23:14:36.984,mijnomgeving,357518080165368,1583882076984,21.0,52.3399071,4.910753,5.0,20693780.0,-65.0,3.76,7.0,12.0,357518080165368.0,16.0,0.0,1583882017.0,1244.0,10.42,,EC 208
2020-03-10 23:15:15.215,mijnomgeving,357518080495047,1583882115215,1.0,52.2261468,5.174561,5.0,95418.0,12.0,4.16,8.0,209.0,357518080495047.0,32.0,0.0,1583882114.0,133.0,11.74,,EC 322
2020-03-10 23:15:50.517,mijnomgeving,357518080166580,1583882150517,1.0,52.3603826,4.8156536,6.0,16211.0,-4.0,4.04,8.0,38.0,357518080166580.0,32.0,1.0,1583882148.0,661.0,9.63,,EC 224
2020-03-10 23:16:06.083,mijnomgeving,357518080165475,1583882166083,5.0,52.3720522,4.9272088,5.0,13237251.0,209.0,4.11,8.0,207.0,357518080165475.0,1.0,0.0,1583882183.0,1347.0,9.72,,EC 201
2020-03-10 23:16:12.755,mijnomgeving,357518080495153,1583882172755,2.0,52.578806,5.7570349,5.0,55819.0,27.0,4.189999999999999,8.0,236.0,357518080495153.0,32.0,0.0,1583882171.0,2505.0,10.51,,EC 313
2020-03-10 23:16:47.784,mijnomgeving,357518080495120,1583882207784,0.0,52.3337755,5.3126262,8.0,7218.0,-8.0,4.17,8.0,12.0,357518080495120.0,32.0,0.0,1583882204.0,1495.0,10.33,,EC 303
2020-03-10 23:16:51.874,mijnomgeving,357518080163249,1583882211874,6.0,,,,26116.0,,4.16,9.0,,357518080163249.0,32.0,,1583882205.0,446.0,11.21,,EC 212
2020-03-10 23:17:15.841,mijnomgeving,357518080497696,1583882235841,1.0,52.5172634,5.509444,7.0,90918.0,-2.0,4.16,8.0,13.0,357518080497696.0,32.0,0.0,1583882234.0,1019.0,10.69,,EC 319
2020-03-10 23:17:20.830,mijnomgeving,357518080495534,1583882240830,1.0,52.5326037,5.5930772,7.0,6318.0,-8.0,4.21,10.0,7.0,357518080495534.0,32.0,0.0,1583882236.0,1805.0,10.69,,EC 307
2020-03-10 23:17:23.849,mijnomgeving,357518080494826,1583882243849,1.0,52.2261306,5.1746665,9.0,30618.0,25.0,4.17,9.0,255.0,357518080494826.0,32.0,0.0,1583882241.0,129.0,11.48,,EC 323
2020-03-10 23:17:24.840,mijnomgeving,357518080495088,1583882244840,255.0,2.55e-05,2.55e-05,0.0,41115.0,0.0,3.86,24.0,0.0,357518080495088.0,32.0,0.0,1583882243.0,2.0,21.09,3.112,EC 321
2020-03-10 23:17:51.919,mijnomgeving,357518080495161,1583882271919,5.0,52.4995822,5.4524125,4.0,6492626.0,-4.0,4.189999999999999,8.0,38.0,357518080495161.0,32.0,0.0,1583882283.0,916.0,10.33,,EC 315
2020-03-10 23:18:00.265,mijnomgeving,357518080166887,1583882280265,6.0,52.3701674,4.9009678,6.0,11971855.0,6.0,3.6,8.0,19.0,357518080166887.0,4.0,0.0,1583882280.0,51.0,11.66,,EC 200
2020-03-10 23:18:17.333,mijnomgeving,357518080166754,1583882297333,3.0,52.3538,4.9251897,5.0,21111347.0,42.0,4.16,8.0,0.0,357518080166754.0,16.0,0.0,1583882310.0,1201.0,10.6,,EC 204
2020-03-10 23:18:24.961,mijnomgeving,357518080494982,1583882304961,1.0,52.2261759,5.1746696,7.0,23418.0,21.0,4.16,9.0,43.0,357518080494982.0,32.0,0.0,1583882301.0,134.0,11.66,,EC 326
2020-03-10 23:18:27.707,mijnomgeving,357518080163173,1583882307707,2.0,52.7218184,6.8190615,8.0,72012.0,28.0,3.96,7.0,26.0,357518080163173.0,32.0,0.0,1583882307.0,544.0,10.24,,EC 231
2020-03-10 23:19:01.678,mijnomgeving,357518080330582,1583882341678,2.0,52.373095,4.9462119,6.0,46812.0,-9.0,4.09,9.0,33.0,357518080330582.0,32.0,0.0,1583882340.0,1440.0,10.24,,EC 219
2020-03-10 23:20:24.209,mijnomgeving,357518080495088,1583882424209,255.0,2.55e-05,2.55e-05,0.0,41295.0,0.0,3.86,24.0,0.0,357518080495088.0,32.0,0.0,1583882423.0,2.0,21.09,3.041,EC 321
2020-03-10 23:20:49.457,mijnomgeving,357518080164395,1583882449457,3.0,51.8985567,4.4236526,6.0,78312.0,8.0,4.04,8.0,26.0,357518080164395.0,32.0,0.0,1583882307.0,773.0,10.24,,EC 241
2020-03-10 23:21:23.265,mijnomgeving,357518080494859,1583882483265,1.0,52.540998,5.5887914,8.0,90018.0,-5.0,4.17,8.0,221.0,357518080494859.0,32.0,0.0,1583882485.0,1584.0,10.86,,EC 302
2020-03-10 23:21:47.886,mijnomgeving,357518080328131,1583882507886,23.0,52.3869924,4.9177219999999995,6.0,108033.0,57.0,3.8200000000000003,8.0,219.0,357518080328131.0,32.0,0.0,1583882510.0,52.0,11.83,,EC 230
2020-03-10 23:22:38.517,mijnomgeving,357518080171390,1583882558517,2.0,52.0320912,5.3035914,5.0,21742238.0,9.0,4.17,8.0,0.0,357518080171390.0,64.0,1.0,1583882568.0,838.0,10.77,,EC 202
2020-03-10 23:22:43.338,mijnomgeving,357518080494834,1583882563338,0.0,52.4257263,5.4207935,9.0,270017.0,-12.0,4.1,8.0,223.0,357518080494834.0,32.0,0.0,1583882564.0,1322.0,11.3,,EC 314
2020-03-10 23:22:56.384,mijnomgeving,357518080170889,1583882576384,3.0,52.0147288,4.2955554,4.0,160213.0,20.0,4.189999999999999,6.0,239.0,357518080170889.0,32.0,6.0,1583882579.0,740.0,11.57,,EC 236
2020-03-10 23:22:58.675,mijnomgeving,357518080330764,1583882578675,4.0,51.8211472,4.6109075,6.0,90914.0,-26.0,3.93,9.0,222.0,357518080330764.0,32.0,0.0,1583882580.0,301.0,11.66,,EC 244
2020-03-10 23:23:03.490,mijnomgeving,357518080494818,1583882583490,1.0,52.809476599999996,5.7455577,5.0,13518.0,16.0,4.22,8.0,38.0,357518080494818.0,32.0,0.0,1583882581.0,1619.0,10.77,,EC 309
2020-03-10 23:23:08.952,mijnomgeving,357518080332265,1583882588952,3.0,52.3922079,4.9374986,5.0,84613.0,24.0,3.7,8.0,208.0,357518080332265.0,32.0,0.0,1583882583.0,1501.0,10.77,,EC 221
2020-03-10 23:23:20.768,mijnomgeving,357518080332257,1583882600768,2.0,51.8982814,4.4236874,7.0,21612.0,-36.0,4.09,8.0,0.0,357518080332257.0,32.0,0.0,1583882576.0,517.0,9.98,,EC 240
2020-03-10 23:23:23.572,mijnomgeving,357518080495088,1583882603572,255.0,2.55e-05,2.55e-05,0.0,41475.0,0.0,3.86,24.0,0.0,357518080495088.0,32.0,0.0,1583882603.0,1.0,21.09,3.112,EC 321
2020-03-10 23:23:24.547,mijnomgeving,357518080495187,1583882604547,1.0,52.6352368,5.8235166,7.0,289817.0,22.0,4.24,9.0,42.0,357518080495187.0,32.0,0.0,1583882617.0,520.0,10.69,,EC 304
2020-03-10 23:24:07.909,mijnomgeving,357518080166663,1583882647909,2.0,51.8982397,4.4232398,4.0,156612.0,-1.0,4.11,9.0,36.0,357518080166663.0,32.0,3.0,1583882626.0,705.0,9.98,,EC 243
2020-03-10 23:24:15.525,mijnomgeving,357518080200454,1583882655525,3.0,52.3312145,5.0626294,6.0,23554865.0,-8.0,3.88,6.0,0.0,357518080200454.0,16.0,0.0,1583882666.0,6817.0,9.8,,EC Prototype 002
2020-03-10 23:24:25.364,mijnomgeving,357518080169006,1583882665364,3.0,,,,53113.0,,3.64,9.0,,357518080169006.0,32.0,,1583882665.0,795.0,11.66,,EC 213
2020-03-10 23:24:31.652,mijnomgeving,357518080495146,1583882671652,1.0,52.3869794,5.3122416,4.0,63918.0,-9.0,4.17,8.0,0.0,357518080495146.0,32.0,0.0,1583882671.0,1651.0,10.86,,EC 317
2020-03-10 23:24:41.627,mijnomgeving,357518080494875,1583882681627,0.0,52.657846,5.6152235,5.0,93617.0,119.0,4.189999999999999,9.0,0.0,357518080494875.0,32.0,1.0,1583882682.0,1867.0,10.42,,EC 311
2020-03-10 23:24:46.596,mijnomgeving,357518080495112,1583882686596,1.0,52.8374819,5.7140555,4.0,135018.0,-5.0,4.21,8.0,216.0,357518080495112.0,32.0,1.0,1583882690.0,1737.0,10.69,,EC 306
2020-03-10 23:25:16.966,mijnomgeving,357518080495526,1583882716966,0.0,52.2261139,5.1747456,7.0,9018.0,25.0,4.15,8.0,250.0,357518080495526.0,32.0,0.0,1583882710.0,134.0,11.57,,EC 327
2020-03-10 23:25:31.006,mijnomgeving,357518080494909,1583882731006,1.0,52.2261699,5.1746747,5.0,465318.0,12.0,4.16,7.0,0.0,357518080494909.0,32.0,0.0,1583882750.0,127.0,11.74,,EC 329
2020-03-10 23:26:19.706,mijnomgeving,357518080167000,1583882779706,5.0,52.173833,5.0356649,4.0,168316.0,7.0,4.13,7.0,39.0,357518080167000.0,32.0,0.0,1583882783.0,618.0,9.72,,EC 228
2020-03-10 23:26:25.088,mijnomgeving,357518080495088,1583882785088,255.0,2.55e-05,2.55e-05,0.0,41655.0,0.0,3.86,24.0,0.0,357518080495088.0,32.0,0.0,1583882783.0,1.0,21.09,3.041,EC 321
2020-03-10 23:26:33.499,mijnomgeving,357518080203151,1583882793499,4.0,52.4212774,4.8598797,5.0,21706238.0,35.0,4.15,8.0,20.0,357518080203151.0,16.0,0.0,1583882792.0,92.0,10.33,,EC Prototype 001
2020-03-10 23:26:37.070,mijnomgeving,357518080494768,1583882797070,1.0,52.4165816,5.2269035,5.0,178217.0,-23.0,4.189999999999999,8.0,221.0,357518080494768.0,32.0,2.0,1583882793.0,1631.0,10.42,,EC 305
2020-03-10 23:26:59.107,mijnomgeving,357518080168917,1583882819107,2.0,52.3405832,4.925691,5.0,21734175.0,8.0,4.0,7.0,0.0,357518080168917.0,16.0,0.0,1583882828.0,57.0,10.77,,EC 209
2020-03-10 23:27:12.415,mijnomgeving,357518080497423,1583882832415,1.0,52.523073600000004,5.5901303,7.0,39618.0,-27.0,4.17,8.0,244.0,357518080497423.0,32.0,0.0,1583882824.0,1805.0,11.04,,EC 318
2020-03-10 23:27:18.152,mijnomgeving,357518080495021,1583882838152,255.0,2.55e-05,2.55e-05,0.0,19047.0,0.0,3.92,15.0,0.0,357518080495021.0,32.0,0.0,1583882835.0,0.0,15.36,,EC 325
2020-03-10 23:27:19.140,mijnomgeving,357518080495203,1583882839140,1.0,52.2261105,5.1746979,8.0,19827.0,30.0,4.17,8.0,0.0,357518080495203.0,32.0,0.0,1583882836.0,132.0,11.92,,EC 324
2020-03-10 23:27:56.220,mijnomgeving,357518080497639,1583882876220,0.0,52.6592195,5.6607316,5.0,82817.0,-15.0,4.21,9.0,218.0,357518080497639.0,32.0,0.0,1583882875.0,2159.0,10.69,,EC 308
2020-03-10 23:28:02.231,mijnomgeving,357518080495070,1583882882231,255.0,2.55e-05,2.55e-05,0.0,2847.0,0.0,4.03,23.0,0.0,357518080495070.0,32.0,0.0,1583882876.0,2.0,20.82,,EC 320
2020-03-10 23:28:22.257,mijnomgeving,357518080495104,1583882902257,1.0,52.3374922,5.537456,5.0,151218.0,-26.0,4.12,10.0,0.0,357518080495104.0,32.0,0.0,1583882906.0,738.0,11.21,,EC 312
2020-03-10 23:28:27.813,mijnomgeving,357518080163405,1583882907813,3.0,52.3728849,4.9160522,5.0,87330.0,19.0,4.14,7.0,0.0,357518080163405.0,32.0,0.0,1583882907.0,1648.0,10.07,,EC 226
2020-03-10 23:28:27.975,mijnomgeving,357518080165368,1583882907975,21.0,52.3399932,4.9105905,5.0,20694681.0,-42.0,3.76,7.0,4.0,357518080165368.0,16.0,0.0,1583882917.0,1243.0,10.42,,EC 208
2020-03-10 23:28:31.217,mijnomgeving,357518080497662,1583882911217,1.0,52.2261978,5.174485,7.0,41419.0,2.0,4.2,8.0,12.0,357518080497662.0,32.0,0.0,1583882909.0,141.0,11.83,,EC 328
2020-03-10 23:29:10.322,mijnomgeving,357518080495682,1583882950322,11.0,52.5495796,5.5882891,5.0,111629.0,-12.0,4.18,8.0,55.0,357518080495682.0,32.0,0.0,1583882931.0,1529.0,10.51,,EC 316
2020-03-10 23:29:14.275,mijnomgeving,357518080494776,1583882954275,1.0,52.2260261,5.174867,6.0,19818.0,40.0,4.16,8.0,232.0,357518080494776.0,32.0,0.0,1583882951.0,138.0,11.66,,EC 330
2020-03-10 23:29:17.817,mijnomgeving,357518080166960,1583882957817,11.0,52.7138024,6.8790592,5.0,207921.0,30.0,3.95,8.0,51.0,357518080166960.0,32.0,1.0,1583882963.0,528.0,10.24,,EC 232
2020-03-10 23:29:24.276,mijnomgeving,357518080495088,1583882964276,255.0,2.55e-05,2.55e-05,0.0,41835.0,0.0,3.86,24.0,0.0,357518080495088.0,32.0,0.0,1583882963.0,3.0,21.09,3.041,EC 321
2020-03-10 23:30:13.381,mijnomgeving,357518080495047,1583883013381,0.0,52.2259503,5.1744642,4.0,96318.0,49.0,4.16,8.0,28.0,357518080495047.0,32.0,0.0,1583883014.0,132.0,11.74,,EC 322
2020-03-10 23:30:51.139,mijnomgeving,357518080166580,1583883051139,2.0,52.3604022,4.8156581,6.0,17112.0,-14.0,4.04,8.0,0.0,357518080166580.0,32.0,0.0,1583883049.0,663.0,9.63,,EC 224
2020-03-10 23:31:01.668,mijnomgeving,357518080165475,1583883061668,2.0,52.3722586,4.9255256,5.0,13238148.0,7.0,4.11,8.0,203.0,357518080165475.0,1.0,0.0,1583883080.0,1351.0,9.72,,EC 201
2020-03-10 23:31:11.630,mijnomgeving,357518080495153,1583883071630,1.0,52.5789225,5.7568142,6.0,56718.0,-6.0,4.189999999999999,8.0,227.0,357518080495153.0,32.0,0.0,1583883070.0,2508.0,10.51,,EC 313
2020-03-10 23:31:42.374,mijnomgeving,357518080163249,1583883102374,1.0,,,,27011.0,,4.16,9.0,,357518080163249.0,32.0,,1583883100.0,434.0,11.21,,EC 212
2020-03-10 23:31:47.672,mijnomgeving,357518080495120,1583883107672,0.0,52.3338394,5.3126226,8.0,8118.0,-13.0,4.18,8.0,248.0,357518080495120.0,32.0,0.0,1583883104.0,1496.0,10.33,,EC 303
2020-03-10 23:32:12.736,mijnomgeving,357518080497696,1583883132736,1.0,52.5173072,5.5093506,6.0,91818.0,-8.0,4.16,8.0,0.0,357518080497696.0,32.0,0.0,1583883134.0,1019.0,10.69,,EC 319
2020-03-10 23:32:20.751,mijnomgeving,357518080495534,1583883140751,1.0,52.5326485,5.5930808,6.0,7218.0,-7.0,4.2,9.0,13.0,357518080495534.0,32.0,0.0,1583883137.0,1798.0,10.69,,EC 307
2020-03-10 23:32:24.143,mijnomgeving,357518080494826,1583883144143,1.0,52.2261068,5.1746661,8.0,31518.0,23.0,4.17,9.0,13.0,357518080494826.0,32.0,0.0,1583883141.0,129.0,11.39,,EC 323
2020-03-10 23:32:34.788,mijnomgeving,357518080495088,1583883154788,255.0,2.55e-05,2.55e-05,0.0,42024.0,0.0,3.86,24.0,0.0,357518080495088.0,32.0,0.0,1583883152.0,3.0,21.09,3.041,EC 321
2020-03-10 23:33:10.817,mijnomgeving,357518080495161,1583883190817,24.0,52.4997098,5.4528123,7.0,6493545.0,-11.0,4.189999999999999,8.0,43.0,357518080495161.0,32.0,0.0,1583883202.0,914.0,10.33,,EC 315
2020-03-10 23:33:22.298,mijnomgeving,357518080166754,1583883202298,6.0,52.3535606,4.9255979,5.0,21112250.0,97.0,4.17,8.0,231.0,357518080166754.0,16.0,1.0,1583883213.0,1198.0,10.6,,EC 204
2020-03-10 23:33:28.823,mijnomgeving,357518080163173,1583883208823,3.0,52.7218212,6.8194961,8.0,72913.0,46.0,3.96,6.0,0.0,357518080163173.0,32.0,0.0,1583883208.0,542.0,10.24,,EC 231
2020-03-10 23:33:29.723,mijnomgeving,357518080164395,1583883209723,4.0,51.8983683,4.4234591,6.0,79213.0,-7.0,4.04,8.0,23.0,357518080164395.0,32.0,0.0,1583883208.0,771.0,10.24,,EC 241
2020-03-10 23:33:32.188,mijnomgeving,357518080166887,1583883212188,33.0,52.3702147,4.9009741,7.0,11972783.0,1.0,3.6,8.0,47.0,357518080166887.0,4.0,0.0,1583883207.0,50.0,11.66,,EC 200
2020-03-10 23:33:33.905,mijnomgeving,357518080494982,1583883213905,1.0,52.2261215,5.1746959,6.0,24327.0,20.0,4.16,8.0,231.0,357518080494982.0,32.0,0.0,1583883210.0,131.0,11.57,,EC 326
2020-03-10 23:34:02.741,mijnomgeving,357518080330582,1583883242741,3.0,52.3733053,4.9457383,5.0,47713.0,0.0,4.09,9.0,236.0,357518080330582.0,32.0,1.0,1583883241.0,1439.0,10.24,,EC 219
2020-03-10 23:35:26.139,mijnomgeving,357518080495088,1583883326139,255.0,2.55e-05,2.55e-05,0.0,42195.0,0.0,3.86,24.0,0.0,357518080495088.0,32.0,0.0,1583883323.0,2.0,21.09,3.041,EC 321
2020-03-10 23:36:23.573,mijnomgeving,357518080494859,1583883383573,1.0,52.5409845,5.5887737,7.0,90918.0,-5.0,4.17,8.0,208.0,357518080494859.0,32.0,0.0,1583883385.0,1579.0,10.86,,EC 302
2020-03-10 23:36:34.048,mijnomgeving,357518080328131,1583883394048,9.0,52.3869153,4.9174954,5.0,108920.0,24.0,3.8200000000000003,8.0,225.0,357518080328131.0,32.0,0.0,1583883397.0,48.0,11.83,,EC 230
2020-03-10 23:37:33.821,mijnomgeving,357518080494834,1583883453821,0.0,52.4257947,5.4207369,8.0,270917.0,-1.0,4.1,8.0,219.0,357518080494834.0,32.0,0.0,1583883464.0,1316.0,11.3,,EC 314
2020-03-10 23:37:38.353,mijnomgeving,357518080171390,1583883458353,2.0,52.031833,5.3039612,4.0,21743138.0,28.0,4.17,8.0,0.0,357518080171390.0,64.0,0.0,1583883468.0,840.0,10.77,,EC 202
2020-03-10 23:37:59.223,mijnomgeving,357518080330764,1583883479223,4.0,51.8210573,4.6107804,5.0,91814.0,30.0,3.93,9.0,54.0,357518080330764.0,32.0,0.0,1583883480.0,302.0,11.66,,EC 244
2020-03-10 23:38:10.629,mijnomgeving,357518080170889,1583883490629,17.0,52.01465,4.2962537,5.0,161127.0,33.0,4.189999999999999,7.0,0.0,357518080170889.0,32.0,0.0,1583883493.0,846.0,11.66,,EC 236
2020-03-10 23:38:12.221,mijnomgeving,357518080332257,1583883492221,3.0,51.8983061,4.4234475,8.0,22513.0,-26.0,4.09,8.0,8.0,357518080332257.0,32.0,0.0,1583883477.0,518.0,9.98,,EC 240
2020-03-10 23:38:15.193,mijnomgeving,357518080332265,1583883495193,9.0,52.3922186,4.9398516,4.0,85518.0,159.0,3.69,8.0,227.0,357518080332265.0,32.0,0.0,1583883488.0,1504.0,10.77,,EC 221
2020-03-10 23:38:19.904,mijnomgeving,357518080494818,1583883499904,16.0,52.809237,5.7455904,7.0,14433.0,23.0,4.21,8.0,42.0,357518080494818.0,32.0,0.0,1583883496.0,1630.0,10.77,,EC 309
2020-03-10 23:38:24.882,mijnomgeving,357518080495088,1583883504882,255.0,2.55e-05,2.55e-05,0.0,42375.0,0.0,3.86,24.0,0.0,357518080495088.0,32.0,0.0,1583883503.0,1.0,21.09,3.041,EC 321
2020-03-10 23:38:24.966,mijnomgeving,357518080495187,1583883504966,1.0,52.6351885,5.8233683,5.0,290717.0,-1.0,4.24,9.0,37.0,357518080495187.0,32.0,0.0,1583883517.0,515.0,10.69,,EC 304
2020-03-10 23:39:01.021,mijnomgeving,357518080166663,1583883541021,2.0,51.8982346,4.4232468,4.0,157512.0,4.0,4.11,9.0,0.0,357518080166663.0,32.0,0.0,1583883526.0,706.0,9.98,,EC 243
2020-03-10 23:39:15.796,mijnomgeving,357518080200454,1583883555796,3.0,52.3314221,5.0619925,6.0,23555765.0,-52.0,3.88,6.0,226.0,357518080200454.0,16.0,0.0,1583883566.0,6798.0,9.8,,EC Prototype 002
2020-03-10 23:39:45.092,mijnomgeving,357518080494875,1583883585092,3.0,52.657926,5.6147237,5.0,94520.0,32.0,4.189999999999999,8.0,19.0,357518080494875.0,32.0,3.0,1583883585.0,1878.0,10.42,,EC 311
2020-03-10 23:39:46.993,mijnomgeving,357518080169006,1583883586993,25.0,,,,54035.0,,3.64,9.0,,357518080169006.0,32.0,,1583883587.0,801.0,11.66,,EC 213
2020-03-10 23:39:48.992,mijnomgeving,357518080495146,1583883588992,18.0,52.387031,5.3120913,4.0,64835.0,14.0,4.17,8.0,223.0,357518080495146.0,32.0,0.0,1583883589.0,1657.0,10.86,,EC 317
2020-03-10 23:40:10.994,mijnomgeving,357518080495112,1583883610994,25.0,52.8375015,5.713869,6.0,135942.0,-14.0,4.21,8.0,219.0,357518080495112.0,32.0,0.0,1583883614.0,1728.0,10.69,,EC 306
2020-03-10 23:40:13.993,mijnomgeving,357518080495526,1583883613993,0.0,52.2261572,5.174679,7.0,9918.0,8.0,4.14,8.0,251.0,357518080495526.0,32.0,0.0,1583883610.0,134.0,11.48,,EC 327
2020-03-10 23:40:30.981,mijnomgeving,357518080494909,1583883630981,1.0,52.2261458,5.1748014,4.0,466218.0,29.0,4.16,7.0,23.0,357518080494909.0,32.0,0.0,1583883650.0,128.0,11.66,,EC 329
2020-03-10 23:41:19.566,mijnomgeving,357518080167000,1583883679566,5.0,52.1739649,5.0358322,4.0,169216.0,11.0,4.13,7.0,218.0,357518080167000.0,32.0,0.0,1583883684.0,620.0,9.72,,EC 228
2020-03-10 23:41:27.405,mijnomgeving,357518080494768,1583883687405,1.0,52.4166641,5.2265499,4.0,179117.0,-41.0,4.2,8.0,215.0,357518080494768.0,32.0,0.0,1583883693.0,1632.0,10.42,,EC 305
2020-03-10 23:41:33.370,mijnomgeving,357518080495088,1583883693370,255.0,2.55e-05,2.55e-05,0.0,42564.0,0.0,3.86,24.0,0.0,357518080495088.0,32.0,0.0,1583883692.0,2.0,21.09,3.041,EC 321
2020-03-10 23:41:49.027,mijnomgeving,357518080203151,1583883709027,24.0,52.4211973,4.8610775,4.0,21707158.0,-112.0,4.15,8.0,0.0,357518080203151.0,16.0,0.0,1583883712.0,93.0,10.33,,EC Prototype 001
2020-03-10 23:42:08.571,mijnomgeving,357518080495021,1583883728571,255.0,2.55e-05,2.55e-05,0.0,19938.0,0.0,3.92,15.0,0.0,357518080495021.0,32.0,0.0,1583883726.0,0.0,15.36,,EC 325
2020-03-10 23:42:10.469,mijnomgeving,357518080168917,1583883730469,23.0,52.3406334,4.9256182,8.0,21735087.0,-19.0,4.0,7.0,0.0,357518080168917.0,16.0,0.0,1583883740.0,60.0,10.69,,EC 209
2020-03-10 23:42:19.794,mijnomgeving,357518080495203,1583883739794,1.0,52.2261502,5.1745992,7.0,20727.0,26.0,4.17,8.0,27.0,357518080495203.0,32.0,0.0,1583883736.0,128.0,11.83,,EC 324
2020-03-10 23:42:33.564,mijnomgeving,357518080497423,1583883753564,1.0,52.5231165,5.5900425,7.0,40518.0,-47.0,4.16,8.0,240.0,357518080497423.0,32.0,0.0,1583883724.0,1807.0,10.95,,EC 318
2020-03-10 23:42:50.630,mijnomgeving,357518080495070,1583883770630,255.0,2.55e-05,2.55e-05,0.0,3738.0,0.0,4.03,23.0,0.0,357518080495070.0,32.0,0.0,1583883767.0,0.0,20.82,,EC 320
2020-03-10 23:43:10.639,mijnomgeving,357518080163405,1583883790639,4.0,52.3730052,4.9158384999999996,5.0,88214.0,83.0,4.13,7.0,0.0,357518080163405.0,32.0,0.0,1583883791.0,1657.0,10.07,,EC 226
2020-03-10 23:43:11.629,mijnomgeving,357518080497639,1583883791629,17.0,52.6592084,5.6607755,5.0,83734.0,-22.0,4.21,9.0,218.0,357518080497639.0,32.0,0.0,1583883792.0,2163.0,10.69,,EC 308
2020-03-10 23:43:31.513,mijnomgeving,357518080165368,1583883811513,31.0,52.3397846,4.9108443,5.0,20695591.0,-9.0,3.76,7.0,17.0,357518080165368.0,16.0,0.0,1583883828.0,1245.0,10.51,,EC 208
2020-03-10 23:43:31.669,mijnomgeving,357518080497662,1583883811669,1.0,52.2255968,5.1747315,5.0,42319.0,80.0,4.2,8.0,3.0,357518080497662.0,32.0,4.0,1583883809.0,141.0,11.83,,EC 328
2020-03-10 23:43:41.649,mijnomgeving,357518080495104,1583883821649,19.0,52.3375698,5.5374102,8.0,152136.0,32.0,4.12,10.0,6.0,357518080495104.0,32.0,0.0,1583883824.0,734.0,11.21,,EC 312
2020-03-10 23:43:51.642,mijnomgeving,357518080495682,1583883831642,0.0,52.5495279,5.5882832,6.0,112518.0,8.0,4.18,8.0,56.0,357518080495682.0,32.0,0.0,1583883820.0,1462.0,10.51,,EC 316
2020-03-10 23:44:33.732,mijnomgeving,357518080495088,1583883873732,255.0,2.55e-05,2.55e-05,0.0,42744.0,0.0,3.86,24.0,0.0,357518080495088.0,32.0,0.0,1583883872.0,1.0,21.09,3.112,EC 321
2020-03-10 23:44:38.684,mijnomgeving,357518080494776,1583883878684,25.0,52.225988,5.1745391,4.0,20742.0,52.0,4.16,8.0,9.0,357518080494776.0,32.0,0.0,1583883875.0,140.0,11.57,,EC 330
2020-03-10 23:44:42.911,mijnomgeving,357518080166960,1583883882911,36.0,52.7138196,6.8791002,6.0,208846.0,24.0,3.95,8.0,232.0,357518080166960.0,32.0,1.0,1583883888.0,530.0,10.24,,EC 232
2020-03-10 23:45:37.037,mijnomgeving,357518080495047,1583883937037,24.0,52.2261256,5.1746512,5.0,97242.0,9.0,4.16,8.0,47.0,357518080495047.0,32.0,0.0,1583883938.0,134.0,11.66,,EC 322
2020-03-10 23:45:57.812,mijnomgeving,357518080166580,1583883957812,5.0,52.3605148,4.8152305,5.0,18015.0,32.0,4.04,8.0,232.0,357518080166580.0,32.0,0.0,1583883952.0,661.0,9.63,,EC 224
2020-03-10 23:46:12.134,mijnomgeving,357518080495153,1583883972134,1.0,52.5790239,5.7564877,4.0,57618.0,-15.0,4.189999999999999,8.0,218.0,357518080495153.0,32.0,0.0,1583883970.0,2506.0,10.51,,EC 313
2020-03-10 23:46:13.972,mijnomgeving,357518080165475,1583883973972,15.0,52.3721118,4.9285267,4.0,13239060.0,155.0,4.11,8.0,218.0,357518080165475.0,1.0,0.0,1583883992.0,1352.0,9.72,,EC 201
2020-03-10 23:46:50.192,mijnomgeving,357518080495120,1583884010192,0.0,52.3338387,5.3125078,6.0,9018.0,11.0,4.17,7.0,0.0,357518080495120.0,32.0,0.0,1583884004.0,1495.0,10.33,,EC 303
2020-03-10 23:47:10.409,mijnomgeving,357518080163249,1583884030409,30.0,,,,27939.0,,4.16,9.0,,357518080163249.0,32.0,,1583884028.0,421.0,11.21,,EC 212
2020-03-10 23:47:15.250,mijnomgeving,357518080497696,1583884035250,1.0,52.5172476,5.5094291,5.0,92718.0,1.0,4.16,8.0,222.0,357518080497696.0,32.0,0.0,1583884034.0,1018.0,10.69,,EC 319
2020-03-10 23:47:22.260,mijnomgeving,357518080495534,1583884042260,1.0,52.5326766,5.5930606,5.0,8118.0,0.0,4.21,10.0,253.0,357518080495534.0,32.0,0.0,1583884037.0,1789.0,10.69,,EC 307
2020-03-10 23:47:23.246,mijnomgeving,357518080494826,1583884043246,1.0,52.2261768,5.1745854,6.0,32418.0,3.0,4.17,9.0,241.0,357518080494826.0,32.0,0.0,1583884041.0,127.0,11.39,,EC 323
2020-03-10 23:47:33.301,mijnomgeving,357518080495088,1583884053301,255.0,2.55e-05,2.55e-05,0.0,42924.0,0.0,3.86,24.0,0.0,357518080495088.0,32.0,0.0,1583884052.0,2.0,21.09,3.112,EC 321
2020-03-10 23:47:48.300,mijnomgeving,357518080495161,1583884068300,1.0,52.4995399,5.4528725,5.0,6494422.0,-22.0,4.189999999999999,8.0,3.0,357518080495161.0,32.0,4.0,1583884079.0,915.0,10.33,,EC 315
2020-03-10 23:47:57.746,mijnomgeving,357518080166887,1583884077746,2.0,52.3702034,4.9009254,7.0,11973652.0,4.0,3.6,8.0,202.0,357518080166887.0,4.0,0.0,1583884076.0,43.0,11.66,,EC 200
2020-03-10 23:48:23.368,mijnomgeving,357518080494982,1583884103368,1.0,52.226222,5.1746662,5.0,25218.0,30.0,4.16,8.0,15.0,357518080494982.0,32.0,0.0,1583884101.0,133.0,11.48,,EC 326
2020-03-10 23:48:29.634,mijnomgeving,357518080163173,1583884109634,4.0,52.7219105,6.8191485,5.0,73814.0,7.0,3.96,7.0,0.0,357518080163173.0,32.0,0.0,1583884109.0,543.0,10.24,,EC 231
2020-03-10 23:48:34.466,mijnomgeving,357518080164395,1583884114466,4.0,51.8985548,4.4235327,4.0,80114.0,-22.0,4.03,9.0,29.0,357518080164395.0,32.0,2.0,1583884109.0,770.0,10.24,,EC 241
2020-03-10 23:48:40.141,mijnomgeving,357518080166754,1583884120141,25.0,52.3538645,4.9248159,6.0,21113170.0,-5.0,4.16,8.0,226.0,357518080166754.0,16.0,0.0,1583884132.0,1195.0,10.6,,EC 204
2020-03-10 23:49:02.335,mijnomgeving,357518080330582,1583884142335,2.0,52.3732368,4.94578,5.0,48612.0,8.0,4.09,9.0,229.0,357518080330582.0,32.0,0.0,1583884140.0,1413.0,10.24,,EC 219
2020-03-10 23:50:36.512,mijnomgeving,357518080495088,1583884236512,255.0,2.55e-05,2.55e-05,0.0,43104.0,0.0,3.86,24.0,0.0,357518080495088.0,32.0,0.0,1583884232.0,1.0,21.09,3.112,EC 321
2020-03-10 23:51:23.517,mijnomgeving,357518080494859,1583884283517,1.0,52.5409938,5.5887442,5.0,91818.0,-5.0,4.17,8.0,220.0,357518080494859.0,32.0,0.0,1583884285.0,1571.0,10.77,,EC 302
2020-03-10 23:51:31.886,mijnomgeving,357518080328131,1583884291886,7.0,52.3863026,4.9187016,4.0,109817.0,-7.0,3.8200000000000003,8.0,26.0,357518080328131.0,32.0,0.0,1583884294.0,50.0,11.74,,EC 230
2020-03-10 23:52:38.527,mijnomgeving,357518080171390,1583884358527,2.0,52.0319552,5.3035469,5.0,21744038.0,-19.0,4.17,8.0,0.0,357518080171390.0,64.0,0.0,1583884368.0,838.0,10.77,,EC 202
2020-03-10 23:52:47.671,mijnomgeving,357518080494834,1583884367671,0.0,52.4257161,5.4209302,8.0,271818.0,-5.0,4.1,8.0,215.0,357518080494834.0,32.0,0.0,1583884364.0,1301.0,11.3,,EC 314
2020-03-10 23:52:58.589,mijnomgeving,357518080332257,1583884378589,2.0,51.8982588,4.4233123,6.0,23412.0,0.0,4.09,8.0,218.0,357518080332257.0,32.0,1.0,1583884376.0,522.0,9.98,,EC 240
2020-03-10 23:53:04.185,mijnomgeving,357518080494818,1583884384185,0.0,52.8092756,5.7459682,6.0,15317.0,44.0,4.22,8.0,200.0,357518080494818.0,32.0,2.0,1583884380.0,1638.0,10.77,,EC 309
2020-03-10 23:53:04.198,mijnomgeving,357518080330764,1583884384198,9.0,51.8211116,4.6107266,6.0,92719.0,6.0,3.94,9.0,52.0,357518080330764.0,32.0,0.0,1583884385.0,302.0,11.57,,EC 244
2020-03-10 23:53:12.989,mijnomgeving,357518080332265,1583884392989,9.0,52.3920851,4.940694,4.0,86418.0,153.0,3.7,8.0,202.0,357518080332265.0,32.0,0.0,1583884388.0,1500.0,10.77,,EC 221
2020-03-10 23:53:13.340,mijnomgeving,357518080170889,1583884393340,20.0,52.0146616,4.2981082,4.0,162030.0,105.0,4.189999999999999,6.0,205.0,357518080170889.0,32.0,0.0,1583884396.0,969.0,11.66,,EC 236
2020-03-10 23:53:27.208,mijnomgeving,357518080495187,1583884407208,1.0,52.6354311,5.8234908,5.0,291618.0,9.0,4.24,9.0,22.0,357518080495187.0,32.0,0.0,1583884417.0,512.0,10.69,,EC 304
2020-03-10 23:53:33.200,mijnomgeving,357518080495088,1583884413200,255.0,2.55e-05,2.55e-05,0.0,43284.0,0.0,3.86,24.0,0.0,357518080495088.0,32.0,0.0,1583884412.0,3.0,21.09,3.112,EC 321
2020-03-10 23:54:16.304,mijnomgeving,357518080200454,1583884456304,3.0,52.331256,5.0619703,4.0,23556665.0,-20.0,3.88,6.0,0.0,357518080200454.0,16.0,0.0,1583884466.0,6764.0,9.8,,EC Prototype 002
2020-03-10 23:54:25.419,mijnomgeving,357518080169006,1583884465419,3.0,,,,54913.0,,3.64,9.0,,357518080169006.0,32.0,,1583884465.0,775.0,11.57,,EC 213
2020-03-10 23:54:44.818,mijnomgeving,357518080166663,1583884484818,2.0,51.8983104,4.4233962,4.0,158412.0,1.0,4.11,9.0,26.0,357518080166663.0,32.0,2.0,1583884426.0,707.0,9.98,,EC 243
2020-03-10 23:54:47.243,mijnomgeving,357518080495112,1583884487243,1.0,52.8374504,5.7139755999999995,6.0,136818.0,-9.0,4.21,8.0,4.0,357518080495112.0,32.0,0.0,1583884490.0,1727.0,10.69,,EC 306
2020-03-10 23:54:50.255,mijnomgeving,357518080495146,1583884490255,19.0,52.3869768,5.3124267,5.0,65736.0,-4.0,4.17,8.0,223.0,357518080495146.0,32.0,0.0,1583884490.0,1659.0,10.86,,EC 317
2020-03-10 23:55:07.278,mijnomgeving,357518080494875,1583884507278,24.0,52.6576349,5.6146488,4.0,95440.0,34.0,4.189999999999999,9.0,42.0,357518080494875.0,32.0,0.0,1583884505.0,1890.0,10.42,,EC 311
2020-03-10 23:55:14.291,mijnomgeving,357518080495526,1583884514291,0.0,52.226122,5.1746703,6.0,10818.0,-2.0,4.15,7.0,251.0,357518080495526.0,32.0,0.0,1583884510.0,134.0,11.39,,EC 327
2020-03-10 23:55:30.398,mijnomgeving,357518080494909,1583884530398,1.0,52.2261027,5.1747208,4.0,467118.0,23.0,4.16,7.0,0.0,357518080494909.0,32.0,0.0,1583884550.0,128.0,11.57,,EC 329
2020-03-10 23:56:17.490,mijnomgeving,357518080167000,1583884577490,3.0,52.1738766,5.0358128,4.0,170114.0,22.0,4.13,7.0,0.0,357518080167000.0,32.0,0.0,1583884581.0,619.0,9.72,,EC 228
2020-03-10 23:56:25.325,mijnomgeving,357518080495088,1583884585325,255.0,2.55e-05,2.55e-05,0.0,43455.0,0.0,3.86,24.0,0.0,357518080495088.0,32.0,0.0,1583884583.0,1.0,21.09,3.041,EC 321
2020-03-10 23:56:38.379,mijnomgeving,357518080494768,1583884598379,1.0,52.4165924,5.2265954,4.0,180017.0,-3.0,4.189999999999999,8.0,222.0,357518080494768.0,32.0,0.0,1583884593.0,1632.0,10.42,,EC 305
2020-03-10 23:56:49.530,mijnomgeving,357518080203151,1583884609530,25.0,52.4208436,4.8606631,5.0,21708059.0,-64.0,4.14,8.0,53.0,357518080203151.0,16.0,0.0,1583884613.0,94.0,10.33,,EC Prototype 001
2020-03-10 23:56:50.722,mijnomgeving,357518080168917,1583884610722,2.0,52.3406919,4.9255405,8.0,21735966.0,14.0,4.0,7.0,16.0,357518080168917.0,16.0,0.0,1583884619.0,61.0,10.77,,EC 209
2020-03-10 23:56:54.743,mijnomgeving,357518080495021,1583884614743,107.0,53.1563327,7.0211864,5.0,20824.0,-53.0,3.92,15.0,249.0,357518080495021.0,32.0,0.0,1583884612.0,0.0,15.27,,EC 325
2020-03-10 23:57:11.739,mijnomgeving,357518080495203,1583884631739,1.0,52.2263403,5.1744473,7.0,21618.0,15.0,4.16,8.0,10.0,357518080495203.0,32.0,0.0,1583884627.0,130.0,11.83,,EC 324
2020-03-10 23:57:15.720,mijnomgeving,357518080497423,1583884635720,0.0,52.5230039,5.5901408,6.0,41417.0,-35.0,4.17,8.0,240.0,357518080497423.0,32.0,0.0,1583884623.0,1798.0,10.95,,EC 318
2020-03-10 23:57:54.863,mijnomgeving,357518080497639,1583884674863,1.0,52.6591822,5.6608253,6.0,84617.0,-7.0,4.21,9.0,0.0,357518080497639.0,32.0,0.0,1583884675.0,2151.0,10.69,,EC 308
2020-03-10 23:57:59.810,mijnomgeving,357518080495070,1583884679810,255.0,2.55e-05,2.55e-05,0.0,4647.0,0.0,4.03,23.0,0.0,357518080495070.0,32.0,0.0,1583884676.0,1.0,20.73,,EC 320
2020-03-10 23:58:09.579,mijnomgeving,357518080163405,1583884689579,3.0,52.3728071,4.9161364,5.0,89113.0,23.0,4.13,6.0,0.0,357518080163405.0,32.0,0.0,1583884690.0,1656.0,10.07,,EC 226
2020-03-10 23:58:20.342,mijnomgeving,357518080165368,1583884700342,19.0,52.3398302,4.9108539,5.0,20696479.0,5.0,3.76,7.0,0.0,357518080165368.0,16.0,0.0,1583884716.0,1238.0,10.42,,EC 208
2020-03-10 23:58:23.841,mijnomgeving,357518080495104,1583884703841,1.0,52.3373755,5.5374884,7.0,153018.0,-15.0,4.11,9.0,200.0,357518080495104.0,32.0,0.0,1583884706.0,735.0,11.21,,EC 312
2020-03-10 23:58:41.096,mijnomgeving,357518080495682,1583884721096,1.0,52.549798,5.5882702,6.0,113418.0,60.0,4.18,8.0,29.0,357518080495682.0,32.0,2.0,1583884720.0,1484.0,10.42,,EC 316
2020-03-10 23:59:14.115,mijnomgeving,357518080494776,1583884754115,1.0,52.226057,5.1746481,5.0,21618.0,34.0,4.16,8.0,5.0,357518080494776.0,32.0,0.0,1583884751.0,138.0,11.57,,EC 330
2020-03-10 23:59:19.713,mijnomgeving,357518080166960,1583884759713,14.0,52.7140089,6.8788335,6.0,209723.0,-29.0,3.96,7.0,40.0,357518080166960.0,32.0,0.0,1583884765.0,527.0,10.24,,EC 232
2020-03-10 23:59:33.179,mijnomgeving,357518080495088,1583884773179,255.0,2.55e-05,2.55e-05,0.0,43644.0,0.0,3.86,24.0,0.0,357518080495088.0,32.0,0.0,1583884772.0,1.0,21.09,3.112,EC 321
2020-03-10 23:59:48.174,mijnomgeving,357518080497662,1583884788174,0.0,52.226109,5.1746794,5.0,50.0,17.0,4.22,10.0,225.0,357518080497662.0,32.0,0.0,1583884784.0,141.0,11.74,,EC 328
